"id";"doi";"title";"journal";"publication_year";"authors";"countries";"concepts";"type";"cited_by_count";"abstract_text";"status"
"W2042679548";"10.1109/tpwrs.2015.2412376";"Empirical Analysis of the Merit-Order Effect and the Missing Money Problem in Power Markets With High RES Shares";"IEEE Transactions on Power Systems";2015;"Marcus Hildmann; Andreas Ulbig; Göran Andersson";"CH";"Marginal cost; Economics; Tariff; Renewable energy; Wind power; Electricity market";"article";80;"An on-going debate in the energy economics and power market community raises the question if energy-only power markets are increasingly failing due to growing feed-in shares from subsidized renewable energy sources (RES); the argument being essentially that the merit-order effect of RES production depresses day-ahead spot market prices, which in turn creates a situation where power plant owners cannot recover investment costs (missing-money problem). We argue in short that energy-only power markets are not failing in principle but are rather facing several market distortions that hinder proper market functioning, namely 1) the gap between the electricity volume actually traded at day-ahead spot markets versus the overall electricity consumption, and 2) the regulatory assumption that variable RES generation, i.e., wind and photovoltaic (PV), truly has zero marginal operation and grid integration costs. In this paper, we show that both effects over-amplify the well-known merit-order effect of RES power feed-in, and indirectly also the missing-money problem beyond a level that is explainable by underlying physical realities. We empirically analyze the impacts of wind and PV power feed-in on the day-ahead market for the EPEX German-Austrian market zone, a region that is already today experiencing significant feed-in tariff (FIT)-subsidized RES power feed-in (ca. 20% FIT share). Our analysis shows that, if necessary regulatory adaptations are taken, i.e., increasing the spot market's share of overall load demand and using the true marginal costs of RES units in the merit-order, energy-based power markets remain functional despite high RES power feed-in.";"Incluido"
"W2143968629";NA;"The green game changer: An empirical assessment of the effects of wind and solar power on the merit order";"RePEc: Research Papers in Economics";2013;"Veit Böckers; Leonie Giessing; Jürgen Rösch";"DE";"Renewable energy; Figure of merit; Wind power; Grid parity; Production (economics); Economics";"preprint";85;"We estimate the impact of renewable energy sources on the merit order and the wholesale price in Spain. We use a structural vectorautoregressive model for the merit order of production and argue that wind and solar production are exogenous to the system. As expected the overall effect is negative for the wholesale price and the produced quantities of most generation technologies. The estimated impact, however, is biggest for mid-merit plants. This finding sheds light on the theoretical discussion about which power plants are affected most by renewable energy sources. The effect is also mainly driven by wind power. Solar energy increases wholesale prices as peak plants enlarge their production with more solar power.";"Incluido"
"W2954315483";"10.3390/en12132566";"On the Stability of Energy-Only Markets with Government-Initiated Contracts-for-Differences";"Energies";2019;"Paul Simshauser";"AU";"Spot market; Business; Spot contract; Hedge; Forward market; Renewable energy";"article";65;"Rising levels of variable renewable energy (VRE) in Australia’s National Electricity Market have been driven by a 20% renewable energy target by 2020. This certificated renewable portfolio standard has successfully driven new investment, allocated risk amongst buy- and sell-side market participants and met overall policy objectives. But a policy vacuum for achieving long-term CO2 emission targets post-2020 has led to sub-national and, potentially, national governments initiating contract-for-differences (CfDs) to drive further investment activity in new plant—with virtually no coordination between the jurisdictions. In a gross pool energy-only market setting, replacing on-market transactions between retailers and generators with off-market transactions between governments and generators may have unintended side-effects vis-à-vis market stability. In this article, an energy-only gross pool is modeled with rising levels of off-market government-initiated CfDs, with a specific focus on spot and forward contract market outcomes. Model results show that as VRE plant enters, coal plant exit, and on-market firm hedge contracts historically supplied by coal plant are progressively replaced by off-market CfDs. In the event, while a tractable equilibrium can be maintained in the spot market, shortages of “primary issuance” hedge contracts emerge in the forward market. Any shortage of hedge contract capacity is likely to raise forward contract price premiums above efficient levels, force price-elastic customers into accepting unwanted spot market exposures and may unintentionally foreclose non-integrated (2nd tier) energy retailers, all of which harms consumer welfare. A wide-ranging program of government CfDs may therefore not be compatible with an energy-only market design.";"Incluido"
"W2552445594";"10.1016/j.eneco.2016.11.018";"System integration of wind and solar power in integrated assessment models: A cross-model evaluation of new approaches";"Energy Economics";2016;"Robert Pietzcker; Falko Ueckerdt; Samuel Carrara; Harmen Sytze de Boer; Jacques Després; Shinichiro Fujimori; Nils Johnson; Alban Kitous; Yvonne Scholz; Patrick Sullivan; Gunnar Luderer";"DE; FR; IT; NL; JP; AT; BE; US";"Variable renewable energy; Renewable energy; Computer science; Wind power; Software deployment; Representation (politics)";"article";177;NA;"Incluido"
"W1979601279";"10.1016/j.enpol.2009.07.037";"Market design for a large share of wind power";"Energy Policy";2009;"David Newbery";"GB";"Incentive; Natural gas prices; Revenue; Investment (military); Economics; Profit (economics)";"article";41;NA;"Incluido"
"W2990482855";"10.1016/j.rser.2019.109540";"Review of wind generation within adequacy calculations and capacity markets for different power systems";"Renewable and Sustainable Energy Reviews";2019;"Lennart Söder; Egill Tómasson; Ana Estanqueiro; Damian Flynn; Bri‐Mathias Hodge; Juha Kiviluoma; Magnus Korpås; Emmanuel Neau; António Couto; Danny Pudjianto; Goran Štrbac; Daniel J. Burke; Tomás Gómez San Román; Kaushik Das; Nicolaos Antonio Cutululis; Dirk Van Hertem; Hanspeter Höschle; Julia Matevosyan; Serafin von Roon; Enrico Maria Carlini; Mauro Caprabianca; Laurens de Vries";"SE; PT; IE; FI; NO; FR; GB; ES; DK; BE; DE; IT; NL";"Wind power; Renewable energy; Electricity generation; Electricity; Nameplate capacity; Environmental economics";"article";82;"The integration of renewable energy sources, including wind power, in the adequacy assessment of electricity generation capacity becomes increasingly important as renewable energy generation increases in volume and replaces conventional power plants. The contribution of wind power to cover the electricity demand is less certain than conventional power sources; therefore, the capacity value of wind power is smaller than that of conventional plants. This article presents an overview of the adequacy challenge, how wind power is handled in the regulation of capacity adequacy, and how wind power is treated in a selection of jurisdictions. The jurisdictions included in the overview are Sweden, Great Britain, France, Ireland, United States (PJM and ERCOT), Finland, Portugal, Spain, Norway, Denmark, Belgium, Germany, Italy and the Netherlands.";"Incluido"
"W2559858966";"10.1016/j.rser.2016.11.256";"Gas generation and wind power: A review of unlikely allies in the United Kingdom and Ireland";"Renewable and Sustainable Energy Reviews";2016;"Joseph Devlin; Kang Li; Paraic Higgins; Aoife Foley";"GB";"Renewable energy; Wind power; Electricity generation; Natural gas; Energy security; Natural resource economics";"article";40;"No single solution currently exists to achieve the utopian desire of zero fossil fuel electricity generation. Until such time, it is evident that the energy mix will contain a large variation in stochastic and intermittent sources of renewable energy such as wind power. The increasing prominence of wind power in pursuit of legally binding European energy targets enables policy makers and conventional generating companies to plan for the unique challenges such a natural resource presents. This drive for wind has been highly beneficial in terms of security of energy supply and reducing greenhouse gas emissions. However, it has created an unusual ally in natural gas. This paper outlines the suitability and challenges faced by gas generating units in their utilisation as key assets for renewable energy integration and the transition to a low carbon future. The Single Electricity Market of the Republic of Ireland and Northern Ireland and the British Electricity Transmission Trading Agreement Market are the backdrop to this analysis. Both of these energy markets have a reliance on gas generation matching the proliferation of wind power. The unlikely and mostly ignored relationship between natural gas generation and wind power due to policy decisions and market forces is the necessity of gas to act as a bridging fuel. This review finds gas generation to be crucially important to the continued growth of renewable energy. Additionally, it is suggested that power market design should adequately reward the flexibility required to securely operate a power system with high penetrations of renewable energy, which in most cases is provided by gas generation.";"Incluido"
"W1952114538";"10.1016/j.apenergy.2015.09.090";"Least-cost options for integrating intermittent renewables in low-carbon power systems";"Applied Energy";2015;"Anne Sjoerd Brouwer; Machteld van den Broek; William Zappa; Wim Turkenburg; André Faaij";"NL";"Renewable energy; Electric power system; Electricity generation; Environmental science; Reliability engineering; Electricity";"article";263;NA;"Incluido"
"W2038236969";"10.1016/j.enpol.2010.08.023";"Vertical integration, credit ratings and retail price settings in energy-only markets: Navigating the Resource Adequacy problem";"Energy Policy";2010;"Paul Simshauser";NA;"Government (linguistics); Investment (military); Business; Resource (disambiguation); Electricity; Industrial organization";"article";46;NA;"Incluido"
"W2549401932";"10.1088/1748-9326/11/11/114010";"The role of capital costs in decarbonizing the electricity sector";"Environmental Research Letters";2016;"Lion Hirth; Jan Christoph Steckel";"DE";"Weighted average cost of capital; Cost of capital; Renewable energy; Economics; Carbon price; Greenhouse gas";"article";207;"Low-carbon electricity generation, i.e. renewable energy, nuclear power and carbon capture and storage, is more capital intensive than electricity generation through carbon emitting fossil fuel power stations. High capital costs, expressed as high weighted average cost of capital (WACC), thus tend to encourage the use of fossil fuels. To achieve the same degree of decarbonization, countries with high capital costs therefore need to impose a higher price on carbon emissions than countries with low capital costs. This is particularly relevant for developing and emerging economies, where capital costs tend to be higher than in rich countries. In this paper we quantitatively evaluate how high capital costs impact the transformation of the energy system under climate policy, applying a numerical techno-economic model of the power system. We find that high capital costs can significantly reduce the effectiveness of carbon prices: if carbon emissions are priced at USD 50 per ton and the WACC is 3%, the cost-optimal electricity mix comprises 40% renewable energy. At the same carbon price and a WACC of 15%, the cost-optimal mix comprises almost no renewable energy. At 15% WACC, there is no significant emission mitigation with carbon pricing up to USD 50 per ton, but at 3% WACC and the same carbon price, emissions are reduced by almost half. These results have implications for climate policy; carbon pricing might need to be combined with policies to reduce capital costs of low-carbon options in order to decarbonize power systems.";"Incluido"
"W3146628490";"10.1002/wene.398";"Wind power costs driven by innovation and experience with further reductions on the horizon";"Wiley Interdisciplinary Reviews Energy and Environment";2021;"Philipp Beiter; Aubryn Cooperman; Eric Lantz; Tyler Stehly; Matt Shields; Ryan Wiser; Thomas Telsnig; Lena Kitzing; Volker Berkhout; Y. Kikuchi";"US; NL; DK; DE; JP";"Horizon; Wind power; Time horizon; Power (physics); Environmental economics; Environmental science";"article";59;"Abstract The costs of wind power have declined to levels on par with or below those of conventional sources in many parts of the world. Wind power has become one of the fastest‐growing sources of new electricity generation. We take stock of wind power cost evolution over the past 20 years, review methodologies commonly used for cost assessment, discuss the potential for continued cost reduction, and identify anticipated cost and value drivers. Our scope includes both onshore and offshore wind technologies. We draw from a vast body of literature on these topics to highlight key trends, approaches, and limitations. Furthermore, we discuss strategies for wind power assets to enhance their marginal economic value to the broader power system and consumers. We identify a myriad of factors that are expected to influence the future cost and value of wind power, including siting, project scale, turbine size, operational synergies, commodity prices, advancements in turbine technologies, enhanced management of the wind resource, and novel control technologies that provide value for the electricity grid. Because the common methods for forecasting future costs each have their own strengths and weaknesses, we find the best insights are elicited from a combination of methods. Overall, researchers and analysts anticipate further sizable cost reductions for onshore and offshore wind. Midrange forecasts for levelized cost of energy in 2050 are generally between $20 and $30/MWh for onshore wind and $40 and $60/MWh for offshore wind, a reduction to approximately half of today's levels. Optimistic forecasts anticipate these levels as early as 2030. This article is categorized under: Wind Power &gt; Economics and Policy";"Incluido"
"W2787190816";"10.1016/j.eneco.2019.01.030";"A survey on electricity market design: Insights from theory and real-world implementations of capacity remuneration mechanisms";"Energy Economics";2019;"Andreas Bublitz; Dogan Keles; Florian Zimmermann; Christoph Fraunholz; Wolf Fïchtner";"DE";"Remuneration; Electricity; Implementation; Electricity market; Renewable energy; Economics";"article";237;"In recent years, electricity markets have been characterized by a growing share of fluctuating renewable energies, which has increased concerns about the security of electricity supply. As a consequence, existing market designs are adapted, and new capacity remuneration mechanisms are introduced. However, these mechanisms entail new challenges, and it is disputed whether they are indeed needed. In this article, an overview of the current debate on the necessity of capacity remuneration mechanisms is provided. Furthermore, initial experiences of real-world implementations are discussed, and common findings in the literature, categorized by their economic implications, are derived. Finally, shortcomings in existing research and open questions that need to be addressed in future works are pointed out.";"Incluido"
"W2794182874";"10.1016/j.apenergy.2018.01.057";"How do demand response and electrical energy storage affect (the need for) a capacity market?";"Applied Energy";2018;"Agha Salman M. Khan; Remco Verzijlbergh; Özgür Can Sakinci; Laurens J. de Vries";"NL";"Flexibility (engineering); Environmental economics; Electricity market; Investment (military); Scarcity; Renewable energy";"article";85;"To ensure security of supply and incentivize reliable investment in generation capacity, capacity markets (CMs) have been implemented or are being considered. However, demand response (DR) and electrical energy storage (EES) also contribute to system adequacy. In this paper, we analyse the change in the need for a CM if DR and EES are available, in the presence of a growing portfolio share of intermittent renewable energy sources electricity (RES-E). We present a novel hybrid electricity market model of the transition to a low-carbon electricity system which uses optimization for short-term market operations and agent-based simulation of long-term decisions. DR and EES may significantly reduce the risk of shortages in an energy-only market, even if investment decisions are myopic, like in our model, as compared to an energy-only market without flexibility options. We also present a novel mechanism for contribution of EES to the CM. This reduces the cost of the CM and improves the business case for EES. In our model, DR and EES achieve almost the same improvement of security of supply as a CM, but they do so at a lower cost. Therefore, the case for a centralized CM is weakened in a system with even a limited share of DR and medium-term EES, as presented in our model. These results depend on the duration of scarcity events and the cost of EES and DR. Refinement of the model representation will be required to extrapolate these conclusions to real markets with other types of DR, EES and CMs.";"Incluido"
"W3175146006";"10.1002/er.6897";"Renewable energy penetration and energy security in electricity markets";"International Journal of Energy Research";2021;"Juan Pablo Ríos‐Ocampo; Santiago Arango‐Aramburo; Erik R. Larsen";"AU; CO; DK";"Renewable energy; Electricity; Penetration (warfare); Energy security; Environmental economics; Market penetration";"article";44;"Summary The transition from fossil fuels to renewable energies such as wind and solar is being encouraged worldwide. Renewable energy investment costs have been dropping, which, combined with growing incentives, has led to a rapid rise in renewable capacity. These changes in the electricity market entail great challenges and uncertainties, specifically due to resource availability. Wind and solar energy depend on seasonal weather conditions to generate energy, such as wind and radiation, respectively. However, few studies have focused on analyzing and measuring the impact of a progressive increase of renewable energy in a short‐term electricity market and its effect on energy security. We developed a System Dynamics model to be able to analyze alternative scenarios and levels of uncertainties. We studied the impact of different shares of renewable sources on economic dispatch and energy security through reliability, reserve margin, resilience, and vulnerability measures. High shares of renewable resources (&gt;60%) impact the energy security—reliability (&lt; 98%), reserve margin (&lt;−2%), resilience (&gt;4%), and vulnerability—and may lower the spot price due to zero variable costs, which reduce the profitability of conventional firms in the short term and give closure to firms in the middle term and long term. Novelty Statement In this study, a system dynamics model is proposed to assess the electricity market configuration and the spot price while renewable energy sources (wind and solar) increase and conventional sources fall (hydropower and fossil fuel). Energy security is measured by including energy measures such as reliability, resilience, vulnerability, and reserve margin in a day‐ahead market. The penetration of renewable energy creates a horizontal movement of the supply curve to the right, affecting wholesale electricity price, energy security, and firms' profitability. Highlights The effect of different shares of renewable energy in a day‐ahead electricity market was studied. Energy security under renewable energy share on economic dispatch was considered. The analyses were performed using a system dynamics model for a theoretical market. High shares of renewable resources may lower the spot price due to zero variable costs. Low spot price reduces the profitability of both conventional and nonconventional firms.";"Incluido"
"W4213093501";"10.1016/j.adapen.2022.100090";"Island in the Sea: The prospects and impacts of an offshore wind power hub in the North Sea";"Advances in Applied Energy";2022;"Malte Jansen; Connor Duffy; T.C. Green; Iain Staffell";"GB";"Offshore wind power; Submarine pipeline; Oceanography; Wind power; North sea; Power (physics)";"article";58;"Europe's offshore wind capacity is increasing rapidly, with larger turbines installed further from shore. TenneT proposed an innovative concept, the North Sea Wind Power Hub, in which several farms are connected to an artificial island which has interconnection to surrounding countries. This aims to reduce overall costs, but studies have so far evaluated hypothetical designs rather than the specific system operators’ proposal, and focused primarily on construction costs rather than ongoing system-wide impacts. Here we develop a bottom-up capital cost estimate to compare the Power Hub with conventional point-to-point connection for offshore wind farms. We quantify its consequential impacts on regional electricity prices, the value of wind generation, fossil fuel generation and carbon emissions in 2030 using a pan-European electricity market model. We find that the Power Hub is cheaper if more than 10 GW of wind is built, as the avoided cost of multiple converter platforms offsets the cost of building an artificial island. It has profound impacts on electricity markets across Europe, especially in Britain and Ireland if they gain more interconnection to continental Europe. This impacts the economic viability of wind and gas power stations particularly, and saves 10Mt CO2 per year through reduced curtailment.";"Incluido"
"W2755327423";"10.1016/j.jup.2017.09.003";"The effectiveness of capacity markets in the presence of a high portfolio share of renewable energy sources";"Utilities Policy";2017;"Pradyumna Bhagwat; Kaveri K. Iychettira; Jörn C. Richstein; Émile Chappin; Laurens J. de Vries";"IT; NL; DE";"Portfolio; Renewable energy; Investment (military); Imperfect; Economics; Margin (machine learning)";"article";61;"The effectiveness of a capacity market is analyzed by simulating three conditions that may cause suboptimal investment in the electricity generation: imperfect information and uncertainty; declining demand shocks resulting in load loss; and a growing share of renewable energy sources in the generation portfolio. Implementation of a capacity market can improve supply adequacy and reduce consumer costs. It mainly leads to more investment in low-cost peak generation units. If the administratively determined reserve margin is high enough, the security of supply is not significantly affected by uncertainties or demand shocks. A capacity market is found to be more effective than a strategic reserve for ensuring reliability.";"Incluido"
"W1523443465";"10.1109/eem.2015.7216609";"Energy-only markets with deferrable demand";NA;2015;"Anthony Papavasiliou; Yves Smeers";"BE";"Demand response; Market demand schedule; Renewable energy; Wind power; Energy market; Microeconomics";"conference-paper";4;"In addition to its adverse impacts on power system operations, the large-scale integration of renewable energy sources presents market design challenges as it exacerbates the missing money problem by moving value from energy to capacity markets. Energy-only markets have been touted as a mechanism for alleviating the missing money problem, although demand response is widely recognized as the ultimate solution. In this paper we analyze the benefits of demand response and an energy-only market design on short-term operations and long-term investment, as well as the result of overlapping an energy-only market design in a market with active demand response. We use a multi-stage stochastic program to characterize the real-time and long-term market equilibrium, and a multi-stage stochastic unit commitment model followed by a real-time market to analyze the impact of operating reserve demand curves on day-ahead markets. Our model is applied on a case study of wind and demand response integration in Germany.";"Incluido"
"W3022617081";"10.5547/01956574.40.6.pfal";"Renewables, Allowances Markets, and Capacity Expansion in Energy-Only Markets";"The Energy Journal";2019;"Paolo Falbo; Cristian Pelizzari; Luca Taschini";"IT; GB";"Renewable energy; Electricity; Economics; Production (economics); Fossil fuel; Marginal cost";"article";9;"We investigate the combined effect of an Emissions Trading System (ETS) and renewable energy sources on investments in electricity capacity in energy-only markets. We study the long-term capacity expansion decision in fossil fuel and renewable technologies when electricity demand is uncertain. We model a relevant tradeoff: a higher share of renewable production can be priced at the higher marginal cost of fossil fuel production, yet the likelihood of achieving higher profits is reduced because more electricity demand is met by cheaper renewable production. We illustrate our theoretical results comparing the optimal solutions under a busi-ness-as-usual scenario and under an ETS scenario. This illustration shows under which limiting market settings a monopolist prefers to withhold investments in renewable energy sources, highlighting the potential distortionary effect introduced via an ETS. Our conclusions remain unaltered under varying key modelling assumptions.";"Incluido"
"W4406325199";"10.1016/j.joule.2024.11.016";"System impacts of wind energy developments: Key research challenges and opportunities";"Joule";2025;"Russell McKenna; Johan Lilliestam; Heidi Heinrichs; Jann Michael Weinand; Johannes Schmidt; Iain Staffell; Andrea N. Hahmann; Peter Burgherr; Arne Burdack; Monika Bucha; Ruihong Chen; Michael Klingler; Paul Lehmann; Jens Lowitzsch; Riccardo Novo; James Price; Romain Sacchi; Patrick Scherhaufer; Eva Maria Schöll; Piero Visconti; Paola Velasco‐Herrejón; Marianne Zeyringer; Luis Ramirez Camargo";"DK";"Key (lock); Wind power; Engineering; Environmental science; Systems engineering; Construction engineering";"article";110;"Context & scale Wind energy is currently one of the cheapest renewable energy technologies and plays a central role in many countries’ climate and energy strategies. However, like any electricity-generation technology, wind energy affects and interacts with the broader environmental, social, economic, technical, and legal systems it integrates with. These impacts can potentially slow its deployment, delaying progress on essential decarbonization and energy security objectives. Solutions often exist, but challenges remain due to fundamental research gaps and limited understanding of the true scale of impacts. This article identifies four broad impact categories and fourteen individual impacts, which we systematically analyze through a review of over 400 scientific articles. We qualitatively assess these impacts in terms of importance and spatial diversity, proposing concrete solutions where possible, and suggesting directions for future research. We also demonstrate that some recurring issues are actually not substantial, such as bird and bat collisions, noise and health impacts, local weather changes, and market price impacts at low penetration levels. However, we identify several genuine issues that are currently hard to solve, such as lengthy planning and permitting processes, rare earth material dependency, the recycling of blades, visual impacts on landscapes, and integration into power systems at high penetration levels. Summary Wind power accounted for 8% of global electricity generation in 2023 and is one of the cheapest forms of low-carbon electricity. Although fully commercial, many challenges remain in achieving the required scale-up, relating to integrating wind farms into wider technical, economic, social, and natural systems. We review the main challenges, outline existing solutions, and propose future research needed to overcome existing problems. Although the techno-economic challenges of grid and market integration are seen as significant obstacles to scaling up wind power, the field is replete with solutions. In many countries, planning and permitting are immediate barriers to wind-power deployment; although solutions are emerging in the EU and several countries, the effectiveness and long-term acceptance of fast-track permissions and go-to areas remains to be seen. Environmental impacts on wildlife and recycling challenges are rising issues for which tested and scalable solutions are often still lacking, pointing to large remaining research requirements.";"Incluido"
"W4383371596";"10.1007/s13369-023-07966-8";"The Life Cycle Assessment and Merit Order Effect of Green Hydrogen-Fueled Gas Turbine Power Plant";"Arabian Journal for Science and Engineering";2023;"H. Heidary; Karel Janda";"GB; CZ";"Cost of electricity by source; Renewable energy; Electricity; Capital cost; Stand-alone power system; Electricity generation";"article";9;NA;"Incluido"
"W2094827197";"10.1016/j.jclepro.2014.05.063";"Techno-economic evaluation of innovative steel production technologies";"Journal of Cleaner Production";2014;"Manfred Fischedick; Joachim M. Marzinkowski; Petra Winzer; Max Weigel";"DE";"Production (economics); Steelmaking; Blast furnace; Renewable energy; Raw material; Profitability index";"article";298;NA;"Incluido"
"W4391554387";"10.1016/j.apenergy.2024.122695";"Can an energy only market enable resource adequacy in a decarbonized power system? A co-simulation with two agent-based-models";"Applied Energy";2024;"Ingrid Sanchez Jimenez; David Ribó-Pérez; Milos̆ Cvetković; Johannes Kochems; Christoph Schimeczek; Laurens J. de Vries";"NL; ES; DE";"Resource (disambiguation); Energy (signal processing); Computer science; Physics; Computer network; Quantum mechanics";"article";18;"Future power systems, in which generation will come almost entirely from variable Renewable Energy Sources (vRES), will be characterized by weather-driven supply and flexible demand. In a simulation of the future Dutch power system, we analyze whether there are sufficient incentives for market-driven investors to provide a sufficient level of security of supply, considering the profit-seeking and myopic behavior of investors. We co-simulate two agent-based models (ABM), one for generation expansion and one for the operational time scale. The results suggest that in a system with a high share of vRES and flexibility, prices will be set predominantly by the demand’s willingness to pay, particularly by the opportunity cost of flexible hydrogen electrolyzers. The demand for electric heating could double the price of electricity in winter, compared to summer, and in years with low vRES could cause shortages. Simulations with stochastic weather profiles increase the year-to-year variability of cost recovery by more than threefold and the year-to-year price variability by more than tenfold compared to a scenario with no weather uncertainty. Dispatchable technologies have the most volatile annual returns due to high scarcity rents during years of low vRES production and diminished returns during years with high vRES production. We conclude that in a highly renewable EOM, investors would not have sufficient incentives to ensure the reliability of the system. If they invested in such a way to ensure that demand could be met in a year with the lowest vRES yield, they would not recover their fixed costs in the majority of years.";"Incluido"
"W2980237116";"10.3390/en12203869";"Merit Order Effect Modeling: The Case of the Hellenic Electricity Market";"Energies";2019;"Stelios Loumakis; Eugenia Giannini; Z.B. Maroulis";"GR";"Electricity market; Electricity; Renewable energy; Market penetration; Economics; Econometrics";"article";11;"A simple effective model is proposed for the day-ahead electricity market. The model considers the main factors which govern the process, predicts the seasonal and daily variation of electricity demand, renewable production, system marginal price, and merit order effect. The accuracy of the model is increased by fitting to historic data of the Hellenic electricity market. During the period between October 2016 and December 2018, the Hellenic electricity market calculated explicitly the merit order effect using an innovative mechanism to directly charge the electricity suppliers (retailers). On the basis of the proposed model and the market recorded data, the effect of the renewable penetration on the wholesale Hellenic electricity prices is revealed. The model is further used to analyze the market future behavior when basic factors (electricity demand, conventional power, and renewable penetration) are known or estimated. The effect of merit order effect on the Hellenic legislation is discussed and the appropriate measures adopted by the Hellenic authorities are analyzed and evaluated.";"Incluido"
"W3210198468";"10.1111/1467-8489.12457";"What’s next for the Renewable Energy Target – resolving Australia’s integration of energy and climate change policy?*";"Australian Journal of Agricultural and Resource Economics";2021;"Tim Nelson; Tahlia Nolan; Joel Gilmore";NA;"Renewable energy; Climate change; Commonwealth; Electricity; Investment (military); Energy policy";"article";50;"Australian climate change policy and its integration with Australia’s electricity markets have been fraught for at least two decades. The only enduring policy has been the Commonwealth Renewable Energy Target (RET). Despite the relative success of the RET in driving investment and reducing emissions, state governments have now pivoted towards contracts‐for‐difference (Cfds). In this article, we outline the issues associated with policy discontinuity and the large‐scale RET and review its effectiveness as an emissions reduction tool and driver of electricity sector abatement. We find that the RET has been relatively successful across the key criteria of cost and emissions reductions and is a better policy instrument than contracts‐for‐difference, which are increasingly being adopted by state governments. Building on the work of Nelson et al. (2020), we propose a new approach, which would allow for continued use of Cfds but utilising the RET’s policy architecture.";"Incluido"
"W2548753537";"10.1016/j.renene.2016.11.001";"Assessing the cost of renewable energy policy options – A Spanish wind case study";"Renewable Energy";2016;"Patrick Bean; Jorge Blázquez; N. Nezamuddin";"SA";"Investment (military); Wind power; Renewable energy; Electricity; Capital cost; Government (linguistics)";"article";41;"This paper assesses the cost effectiveness of wind energy policy options by using a cost–benefit analysis approach. In comparison with other studies, the main contribution of this paper is the use of real financial and operational information of 318 wind projects in Spain between 2006 and 2013. The projects represent 83% of total new wind capacity additions in Spain during the 2006–2013 period. Under real market conditions, it is found that the most cost effective option for promoting wind energy development from the government perspective is to use an investment credit policy given the capital intensive nature of wind technology. The analysis shows that an investment credit yields similar results as other policy options like feed-in tariffs and feed-in premiums, but at a cheaper cost and with less risk to the taxpayers or electricity consumers because costs do not fluctuate with electricity market prices.";"Incluido"
"W1976156305";"10.1016/j.enpol.2011.06.024";"The efficiency of Ireland's Renewable Energy Feed-In Tariff (REFIT) for wind generation";"Energy Policy";2011;"R. E. Doherty; Mark O’Malley";"IE";"Tariff; Renewable energy; Feed-in tariff; Electricity; Wind power; Electricity market";"article";36;NA;"Incluido"
"W4385460712";"10.3389/fsuep.2023.1204650";"Electricity price modeling from the perspective of start-up costs: incorporating renewable resources in non-convex markets";"Frontiers in Sustainable Energy Policy";2023;"Presley K. Wesseh; Jiaying Chen; Boqiang Lin";"CN";"Marginal cost; Electricity market; Economics; Electricity; Wind power; Renewable energy";"article";30;"This paper constructs a comprehensive electricity market model in the context of China, highlighting the deviation caused by neglecting start-up costs from an engineering perspective. The model allows for the abandonment of excess wind and solar power generation, contributing to the achievement of research objectives in scenarios with a high proportion of renewable energy. Our method innovatively integrates fuel and carbon prices, clean energy expansion, and power system marginal prices according to the carbon trading rules of the Chinese power industry, providing a more accurate representation of market dynamics. Findings reveal that neglecting start-up costs can lead to significant biases in electricity prices. We demonstrate that the marginal price sometimes deviates from the fluctuation of the real value. While fuel and CO 2 prices can be transmitted downstream, the value of new energy must be transmitted through its impact on the marginal unit. This insight is crucial for understanding the “missing money” problem in electricity markets. Based on these findings, we propose policy recommendations. We suggest considering fixed and average costs as pricing benchmarks and utilizing capacity utilization as a signal for demand response to adjust power pricing. Furthermore, we recommend trading different energy types separately in the spot market with different pricing benchmarks to ensure the homogeneity of marginal units.";"Incluido"
"W2944287250";"10.1007/s40565-019-0527-4";"Power system flexibility: an overview of emergence to evolution";"Journal of Modern Power Systems and Clean Energy";2019;"Alireza Akrami; Meysam Doostizadeh; Farrokh Aminifar";"IR";"Electric power system; Renewable energy; Flexibility (engineering); Leverage (statistics); Risk analysis (engineering); Variable renewable energy";"article";204;"Power systems are evolving to the networks with proliferated penetration of renewable energy resources to leverage their environmental and economic advantages. However, due to the stochastic nature of renewables, the management of the rapidly increasing uncertainty and variability in power system planning and operation is of crucial significance. This paper represents a comprehensive overview of power system flexibility as an effective way to maintain the power balance at every moment. Definitions of power system flexibility from various aspects are explained to reach the reliable and economic planning and operation of the power system. The effects of the high penetration of variable energy resources on power systems and the evolution of flexibility in response to renewables are studied. A variety of resources during the flexibility evolutionary transition are introduced and discussed. As an influential flexibility solution in current power systems integrated with renewable resources, market design improvement is widely reviewed in this paper, and required modifications in market design mechanisms are investigated pertaining to various time horizons.";"Incluido"
"W1478843765";"10.25561/15420";"Evaluating Renewable Energy Policy: A Review of Criteria and Indicators for Assessment";"Bristol Research (University of Bristol)";2014;"Jack Nicholls; RK Mawhood; Robert Gross; Renzo Castillo";"GB";"Renewable energy; Energy policy; Environmental economics; Natural resource economics; Business; Economics";"book";33;"This paper investigates criteria and indicators used to evaluate renewable energy deployment policies. The focus is on application in lower income countries, and the report seeks to extend IRENA’s Policy Brief on the topic“ Evaluating policies in support of the deployment of renewable power”. Key objectives are to explore the extent to which the literature on such criteria and indicators considers lower income country contexts and whether existing analysis makes viable ‘short-hand’ (simple, easy to apply) indicators for assessment. <br/><br/>";"Incluido"
"W3160947196";"10.3390/su13105613";"Rooftop PV and the Renewable Energy Transition; a Review of Driving Forces and Analytical Frameworks";"Sustainability";2021;"Sam Wilkinson; Michele John; Gregory M. Morrison";"AU";"Renewable energy; Energy transition; Photovoltaics; Electricity; Electricity system; Environmental economics";"article";36;"Rooftop solar photovoltaics (PV) are accelerating the transition towards low carbon electricity systems in many countries, particularly in Australia. This review paper provides an overview of the (1) technical, (2) economic, (3) socio-political, and (4) regulatory and institutional aspects that should be considered concurrently when navigating the transition towards a rooftop PV-dominated electricity system. We consider the suitability of two prominent long-range transitions theories for understanding the importance and interaction of elements within these four aspects during the transition. The multi-level perspective (MLP) of transitions theory is considered best suited for this task as it addresses fundamental shifts in the socio-technical systems, rather than being weighted towards technological and/or economic solutions. We find that relatively little research has been undertaken where the renewable energy transition is being driven by the uptake of rooftop PV within the distribution network of established islanded electricity systems. These islanded electricity systems will be the first to experience system impacts from high levels of rooftop PV. This review provides further analysis of important gaps in understanding the rooftop-PV-led energy transition and the implications for policy makers in maintaining stable electricity supplies during the transition.";"Incluido"
"W2504070372";"10.2172/1239242";"Capacity Payments in Restructured Markets under Low and High Penetration Levels of Renewable Energy";NA;2016;"Thomas Jenkin; Philipp Beiter; Robert Margolis";"US";"Business; Payment; Revenue; Variable renewable energy; Incentive; Inefficiency";"report";17;"There is considerable debate about the degree to which restructured markets perform successfully in their use of capacity markets. In providing appropriate incentives for new and existing generation to meet reliability requirements, a variety of capacity market designs have developed across RTOs and ISOs in the United States and internationally. Growing levels of variable renewable energy (VRE) resources arguably create new challenges for capacity market designs, because VREs suppress energy prices while providing relatively little capacity, with these effects increase with VRE penetration. The purpose of this report is threefold. First, we provide a brief outline of the purpose and design of various capacity markets under consideration using variable resource requirement (VRR) demand curves. Second, we discuss some of the main challenges raised in existing literature and a set of interviews that we conducted with market participants, regulators, and observers, including where there substantive differences in opinion. Third, we consider some of the challenges that may be specific to higher penetration levels of VRE. While the well known 'merit order' effect from VRE can be expected to suppress wholesale energy prices and revenue, this may be partly mitigated by increased capacity payments and the greater importance of AS payments for flexible capacity. The potential for greater reliance on capacity markets for generator revenues may amplify any inefficiency and costs associated with capacity price volatility and other suboptimal market design choices. Regulatory intervention to ensure adequate capacity payments and ancillary service revenue may become more prevalent under current market designs as the timescale for market signals shifts increasingly from near term (e.g., day-ahead in wholesale electricity markets) to longer term (annual intervals in capacity markets). Our review and discussion with market participants suggest substantive challenges may remain in implementing capacity markets that provide both adequate operational and investment incentives, particularly under high-VRE scenarios with greater need for flexible capacity.";"Incluido"
"W2267578347";NA;"A Capacity Market for Electricity Sectors with Promotion of Renewable Energy";"Econstor (Econstor)";2014;"Sebastian Schäfer; Lisa Schulten";NA;"Renewable energy; Flexibility (engineering); Incentive; Economics; Investment (military); Promotion (chess)";"report";5;"A capacity mechanism next to the energy-only market provides necessary investment incentives that spot markets lack. The adequate capacity mix can only be achieved by accounting for the current transition phase to electricity generation with a growing share of renewables. We show that an increasing share of renewable energy leads to a comparative advantage for peak-load power plants in a capacity market. This results in higher flexibility as opposed to missing flexibility induced by the merit order effect at the spot market. Suggested capacity mechanisms do not account for the promotion of renewable energy so far. We consider support for renewables via endogenous discrimination of prices paid for offered capacity. This triggers more efficient incentives to direct the capacity mix to its long-run equilibrium where discriminated prices converge to one equilibrium capacity price.";"Incluido"
"W2346366689";"10.5547/01956574.37.si2.cbol";"Foreword to the Special Issue on “High Shares of Renewable Energy Sources and Electricity Market Reform”";"The Energy Journal";2016;"Carlo Andrea Bollino; Reinhard Madlener";"IT";"Renewable energy; Electricity market; Electricity; Economics; Electricity retailing; Business";"editorial";14;"This special issue is dedicated to the widespread belief that the supply of electricity from high shares of renewable energy sources (RES) is incompatible with the current design of electricity markets.The dispatch of power supply is typically based on a merit order of supply capacity that is based on increasing marginal cost of the generation units available.However, the very low or even zero short-term marginal cost of RES does not provide a sufficient signal to the market for timely investment, and may lead to a missing money problem of generation units already in use.Various authors in different parts of Europe and North America have contributed both applied theoretical and empirical papers to this special issue, covering a range of subject matters relevant to the issue of ""high shares of renewable energy sources and electricity market reform"".These are expected to provide timely and relevant guidance to policy-makers in developing new functional designs for the electricity markets in transition worldwide.The empirical studies from original research provide important lessons learned and new insights from studying recent market data.In doing so, they corroborate or challenge some of the political positions and recommendations currently under discussion especially in those countries with particularly ambitious targets to swiftly raise the share of RES.The topic of this special issue is crucial for energy companies as well, because there is a strong need to maintain, or restore, efficient and profitable market conditions.These are paramount for profitable investment and successful business operations of fuel suppliers and generators alike.The general conclusion of this Special Issue is that the relation between current market design and the growing share of RES is complex and challenging, thus deserving careful analysis.Due to the limited number of contributions, it is quite obvious that a special issue like the present one cannot cover all relevant topics.Some studies focus on the market design and the growing need for (low-cost) flexibility options to tackle intermittency and supply-demand balancing, while others focus on the policy issues and on the investment decision making in the context of policy changes and the missing money problem caused by increasing amounts of electricity from renewables in the wholesale market.Nevertheless, they do cover a wide spectrum of issues, which are briefly summarized in the following.Richard Green, Danny Pudjianto, Iain Staffell and Goran Strbac investigate the market design for long-distance trade in renewable electricity and cross-border compensation using an engineering-economic model of the European power system.The authors argue that while financial transmission rights (FTRs) may raise the confidence of companies investing abroad that the power can actually be delivered to their customers, their use to generate revenues for transmission capacity expansion could produce perverse incentives to under-invest and put an upward pressure on prices.";"Incluido"
"W2947287590";NA;"Cost and revenue related impacts of integrating electricity from variable renewable energy into the power system - A review of recent literature";"TNO Repository";2014;"Jos Sijm";NA;"Variable renewable energy; Renewable energy; Electricity; Environmental economics; Revenue; Variable (mathematics)";"report";41;"-";"Incluido"
"W3157201572";"10.1049/enc2.12031";"Spot electricity market design for a power system characterized by high penetration of renewable energy generation";"Energy Conversion and Economics";2021;"Jiajia Yang; Zhao Yang Dong; Fushuan Wen; Qixin Chen; Bomiao Liang";"AU; EE; CN";"Renewable energy; Electricity market; Variable renewable energy; Spot market; Electric power system; Electricity generation";"article";34;"Abstract The continuous growth of renewable generation in power systems brings serious challenges to electricity markets due to their characteristics different from conventional generation technologies. These challenges come from two dimensions, including short‐term (energy and ancillary service markets) and long‐term (long‐term bilateral and capacity markets) aspects. Under this background, the design of energy and ancillary service markets is studied for power systems with a high penetration level of variable renewable generation. In the proposed spot market mechanism, energy and frequency regulation service (FRS) bids are jointly cleared, where renewable generators are motivated to proactively manage the intermittency and uncertainty of their power outputs. The proposed market mechanism can also ensure the adequacy of FRS capacity for compensating variability of renewables. Besides, in order to ensure the execution of spot market clearing outcomes, this paper established a penalty scheme for mitigating the real‐time fluctuations of renewable generation outputs in the spot market. Differences between real‐time generation outputs and market clearing outcomes are managed within a certain limit by imposing the designed penalty prices on deviations. Finally, the feasibility and efficiency of the developed market mechanism and algorithms are manifested in the case studies.";"Incluido"
"W2791889707";"10.1016/j.enpol.2018.02.020";"An optimal mix of conventional power systems in the presence of renewable energy: A new design for the German electricity market";"Energy Policy";2018;"Andreas Coester; M.W. Hofkes; Elissaios Papyrakis";"NL; GB";"Electricity market; Renewable energy; Electricity; Profitability index; German; Environmental economics";"article";38;"In this paper we develop a new market design for the German electricity market. Our new market design simultaneously ensures security of energy supply and ongoing expansion of renewable energy (RE). The methodological approach applied considers the special challenges resulting from the intermittent nature of RE ‒ we simulate developments in the German electricity market between 2015 and 2034 and differentiate across various power plant technologies according to their ability to flexibly react to changes in the residual load. In theory, a composition of power plants that is optimally adapted to residual load always leads to the most cost efficient supply of electricity. However, our empirical analysis demonstrates that this does not necessarily lead to an improved market environment, both in terms of power plant profitability as well as uninterrupted power supply.";"Incluido"
"W2899155315";"10.3390/en11112974";"Influence of Wind Power on Intraday Electricity Spot Market: A Comparative Study Based on Real Data";"Energies";2018;"Pedro Frade; João V. G. A. Vieira-Costa; Gerardo J. Osório; João Santana; João P. S. Catalào";"PT";"Electricity; Electricity market; Renewable energy; Spot contract; Electricity retailing; Environmental economics";"article";18;"Overtime, in the electricity sector, there has been a technological transfer to renewable electricity generation. With this change, processes, in the economic and availability terms, are expected to improve. In this new paradigm, society demands electricity without an impact on the environment and with the lowest possible cost. The wind power (WP) integration appears in this evolution process by achieving important technological advances, supporting in 2017 a growth of 44% of new projects in Europe, higher than any other renewable technology. However, the renewable energy sources (RES) integration in the electricity networks still presents technical difficulties and challenges, leading to challenges in the electricity markets (EMs). Therefore, this work evaluates the importance of WP and its influence on the Iberian Electricity Market (MIBEL), at the level of the intraday electricity spot market (IESM). This is an innovative study because literature usually focuses on day-ahead WP impact and this study focuses on intraday markets, which are closer to the consumption periods. The goal was to make an analysis on the impacts when betting on WP sources, in order to improve the market interaction with WP integration, considering as criteria the consumer satisfaction, in terms of lower electricity prices and WP availability. For this study, the market bids registered by the Iberian Electricity Market Operator (OMIE), from 2015 to 2017, ran over a new market simulator, specially developed for this proposal, considering a virtual market condition, but not considering the bids made by WP producers. The comparison of the results allowed the evaluation of the WP influence on the EM quantitative, which is noteworthy.";"Incluido"
"W4386885475";"10.1016/j.eneco.2023.106958";"Capacity expansion in liberalized electricity markets with locational pricing and renewable energy investments";"Energy Economics";2023;"Fernando S. Oliveira; Bertrand William-Rioux; Axel Pierru";"NZ; SA";"Renewable energy; Investment (military); Electricity market; Electricity; Economics; Incentive";"article";14;"We study the long-term incentives for expanding production capacity in liberalized electricity markets. How does electricity market design affect the prices of energy, capacity, and social welfare? And how is this capacity market affected by the geographical features of the electricity market? Should the system operator design the capacity market to provide incentives for investment in renewable technologies? We analyze the conditions under which capacity payments and markets enable higher investment relative to an energy-only market in which generators sell electricity but not capacity. We show that capacity markets benefit consumers and investors by increasing investment and reliability and capping peak prices. We prove that generators benefit from owning a portfolio of peak and baseload plants and show that investment strategies must consider regional capacity auctions. We demonstrate that a capacity payment per technology increases investment in renewable technologies and leads to the early retirement of older, polluting technologies. Regional capacity investment targets effectively decrease energy prices and significantly increase investment in renewable technologies.";"Incluido"
"W2884435868";"10.1016/j.rser.2018.07.023";"The challenging paradigm of interrelated energy systems towards a more sustainable future";"Renewable and Sustainable Energy Reviews";2018;"Nelson Soares; António Gomes Martins; Ariovaldo Lopes de Carvalho; Carla Caldeira; Chunhui Du; Érica Geraldes Castanheira; Eugénio Rodrigues; Gyselle Ribeiro de Carvalho Oliveira; Guillermo Ivan Pereira; Joana Bastos; João Pedro Ferreira; Lauro André Ribeiro; Nuno Carvalho Figueiredo; N. Šahović; Pedro Miguel; Rita Garcia";"PT; US; BR";"Sustainability; Environmental economics; Promotion (chess); Multidisciplinary approach; Renewable energy; Sustainable development";"article";85;NA;"Incluido"
"W270070261";NA;"Benefits of an integrated European electricity market";"RePEc: Research Papers in Economics";2013;"Veit Böckers; Justus Haucap; Ulrich Heimeshoff";NA;"Harmonization; Electricity market; Electricity; Business; Market integration; Industrial organization";"preprint";74;"This paper analyses the benefits of further market integration of European wholesale electricity markets. Major gains from trade are sill left unrealized due to (1) uncomplete market coupling of national wholesale markets, (2) isolated national regulation of capacity and reserve mechanisms (CRM) and (3) a lack of harmonization of national support schemes for renewable energies.";"Incluido"
"W4305072348";"10.1016/j.eap.2022.10.001";"The role of electricity flows and renewable electricity production in the behaviour of electricity prices in Spain";"Economic Analysis and Policy";2022;"Daniela Pereira Macedo; António Cardoso Marques; Olivier Damette";"PT; FR";"Electricity; Volatility (finance); Electricity market; Renewable energy; Electricity generation; Electricity price";"article";25;"Electricity markets are becoming increasingly interconnected, in part, to deal with unpredictability and imbalances in electricity prices. This paper assesses how electricity flows and generation from wind and solar photovoltaic (PV) power impact the volatility and mean of day-ahead electricity prices in Spain. It finds there is a merit order effect from wind and solar PV power at most times of the day, which varies in magnitude for each of the 24 h. Electricity production from wind power is also found to play a clear role in increasing price volatility at all hours. Electricity inflow is shown to decrease both the mean and volatility of the electricity prices. The volatility of electricity prices is revealed to be highly persistent, and thus prone to large transmission shocks. This volatility is also susceptible to new shocks, which may indicate a tendency by market participants to overreact to unexpected shocks in electricity prices, possibly due to the relatively small size of the Iberian electricity market.";"Incluido"
"W2191067099";"10.1016/j.enpol.2015.11.022";"Business case uncertainty of power plants in future energy systems with wind power";"Energy Policy";2015;"Anne Sjoerd Brouwer; Machteld van den Broek; Özge Özdemir; Paul Koutstaal; André Faaij";"NL";"Profitability index; Revenue; Wind power; Software deployment; Business; Environmental economics";"article";21;NA;"Incluido"
"W3117846943";"10.1016/j.enpol.2020.111987";"Can liberalised electricity markets support decarbonised portfolios in line with the Paris Agreement? A case study of Central Western Europe";"Energy Policy";2020;"William Zappa; Martin Junginger; Machteld van den Broek";"NL";"Electricity; Renewable energy; Electricity market; Variable renewable energy; Natural resource economics; Greenhouse gas";"article";21;"We model the evolution of the Central Western Europe power system until 2040 with an increasing carbon price and strong growth of variable renewable energy sources (vRES) for four electricity market designs: the current energy-only market, a reformed energy-only market, both also with the addition of a capacity market. Each design is modelled for two decarbonisation pathways: one targeting net-zero emissions by 2040 for a 2 °C warming limit, and the other targeting −850 Mt CO₂ y‾ for a 1.5 °C warming limit. We compare these scenarios against the high-level objectives of delivering low-carbon electricity reliably to consumers at the lowest possible cost. Our results suggest that both 2 °C and 1.5 °C compliant systems could be achieved and deliver electricity reliably. In terms of cost, we find the 1.5 °C warming scenarios lead to system costs which are twice as high as the 2 °C scenarios due to the high cost of negative emission technologies – in particular direct air carbon capture (DAC). To make a 1.5 °C target more affordable, policymakers should investigate lower cost alternatives in other sectors, and increase research and development in DAC to reduce its cost.";"Incluido"
"W4388581457";"10.1016/j.erss.2023.103335";"The political economy of electricity system resource adequacy and renewable energy integration: A comparative study of Britain, Italy and California";"Energy Research & Social Science";2023;"Giulia Ragosa; Jim Watson; Michael Grubb";"GB";"Stakeholder; Resource (disambiguation); Liberalization; Politics; Corporate governance; Economic system";"article";26;"The need to integrate growing shares of variable renewable resources, like solar and wind, into the power system has initiated a new wave of resource adequacy policy reforms. Securing adequate resources on the system, particularly flexible and peak capacity, is indeed crucial for ensuring long-term grid reliability amid increased supply variability. While extensively explored from a techno-economic perspective, the political economy drivers and implications of these changes are frequently overlooked. Yet, power system evolution is not merely shaped by logics of techno-economic optimisation, it is also inherently political, rooted in specific liberalisation histories, political and institutional settings. This paper contributes to the literature by conducting a comparative political economy analysis of recent resource adequacy reforms in Britain, Italy, and California. It explores how differences in the technical and political economy contexts of these jurisdictions affected their strategies for securing resource adequacy capacity and investment between 2013 and 2021. Conclusions draw on the analysis of over 134 policy documents and 53 in-depth interviews with power system stakeholders. All jurisdictions introduced significant changes in resource adequacy policy, including explicit out-of-market mechanisms to remunerate resource adequacy capacity. The energy transition is thus reconfiguring state-market relations in the power sector, even in traditionally liberal countries. However, variation exists in the scope of reform, mechanism designs, policy trade-offs, and technological outcomes. This stems from context-specific political priorities, state-market relations, national and multi-level governance arrangements, market structures and stakeholder interests. This has important implications for power sector governance, as discussed in this paper.";"Incluido"
"W3033591636";"10.17863/cam.57980";"Merchant utilities and boundaries of the firm: vertical integration in energy-only markets";"RePEc: Research Papers in Economics";2020;"Paul Simshauser";NA;"Commit; Business; Incentive; Electricity market; Investment (military); Renewable energy";"preprint";5;"A central feature of electricity market reforms involved restructuring monopoly utilities. In the Generation segment, policies promoting restructuring and competition could not be faulted on the grounds of scale economies. But the partitioning of Generation from Retail received little focus. When proposals for industry restructuring emerged, multi-stage scope economies should have been of unquestionable interest but surprisingly little empirical evidence existed. Governments proceeded in the 1990s with an industrial organisation blueprint which separated Generation from Networks, and combined Retail with Distribution Networks. A second wave of industrial organisation was orchestrated by capital markets in the 2000s, splitting Retail from Distribution, and merging Retail with Generation. Many policymakers and regulators view the practice of vertical integration in a neoclassical sense; presenting risks of withholding capacity, increasing prices, raising barriers to entry, non-integrated rival foreclosure and damaging consumer welfare. But the weight of theoretical and empirical evidence points to the contrary, with transaction costs featuring prominently. In this article, a Generator and Retailer are simulated over 15 years of trade in Australia’s National Electricity Market as stand-alone businesses, and then as a merged entity. A comparison of the Sum-Of-The-Parts with the Vertical Firm reveals non-trivial transaction costs and multi-stage economies of integration – the Vertical Firm reduces costs by 17% and volatility of earnings by 83%, which produces a 26% improvement in credit quality and lifts statutory profits by 34% holding prices and volumes constant.";"Incluido"
"W2943416110";"10.1016/j.enpol.2019.04.016";"Why fully liberalised electricity markets will fail to meet deep decarbonisation targets even with strong carbon pricing";"Energy Policy";2019;"Oscar Kraan; Gert Jan Kramer; Igor Nikolić; Émile Chappin; Vinzenz Koning";"NL";"Renewable energy; Electricity; Electricity market; Incentive; Environmental economics; Remuneration";"article";45;"Full decarbonisation of the electricity system is one of the key elements to limit global warming. As this transition takes place, the electricity system must maintain system adequacy and remain affordable to consumers. In liberalised electricity markets investors are seen as key actors driving this transition. Due to the intermittent character of renewable assets, such as wind or solar parks, electricity systems with large shares of renewable electricity will need to become increasingly flexible. Evaluating whether specific market designs provide the right incentives to invest in flexibility, requires the simulation of realistic investor behaviour. Agent-based modelling provides the means to explore heterogeneous, imperfectly informed and boundedly rational investor behaviour within different electricity market designs. We evaluated two market designs; “energy-only” markets and markets with a Capacity Remuneration Mechanism (CRM). We conclude that energy-only markets, even with strong carbon pricing, do not incentivise investors to deliver a fully renewable, reliable and affordable energy system. Therefore policy makers should focus on developing CRMs which can work in combination with market incentives to reach a fully renewable, reliable and affordable electricity system in the second half of this century.";"Incluido"
"W3024041686";"10.3390/ijgi9050324";"Integrating Land-Use and Renewable Energy Planning Decisions: A Technical Mapping Guide for Local Government";"ISPRS International Journal of Geo-Information";2020;"Jiaao Guo; Victoria Fast; Philip Teri; Kirby Calvert";"CA";"Land use; Renewable energy; Business; Setback; Environmental resource management; Environmental economics";"article";18;"Land-based, utility-scale renewable energy (RE) systems using wind or solar resources to generate electricity is becoming a decisive solution to meet long-term carbon emission reduction goals. Local governments are responding in kind, by adopting their own goals and/or establishing policies to facilitate successful implementations of RE in their jurisdiction. One factor to successful RE development is to locate the most suitable lands, while continuing to sustain land-based economies and ecosystem services. Local governments often have limited resources; and this is especially true for small, land-constrained local governments. In this paper, we illustrate how a standardized RE technical mapping framework can be used by local governments to advance the implementation of RE in land-constrained areas, through a case study in the Town of Canmore, Alberta. Canmore has a limited municipal area surrounded by the Canadian Rockies, along with complex land-use bylaw and environmentally sensitive habitats. This mapping framework accounts for these conditions as it considers theoretical resources, technically recoverable lands, legally accessible lands, and the spatial capital cost of connecting new RE facilities. Different land-use planning scenarios are considered including changing setback buffers and expanding restrictions on development to all environmentally sensitive districts. The total RE potentials are then estimated based on the least-conflict lands. Technically speaking, even under restrictive land suitability scenarios, Canmore holds enough land to achieve ambitious RE targets, but opportunities and challenges to implementation remain. To eventually succeed in its long-term emission reduction goal, the most decisive step for Canmore is to balance the growth of energy demands, land-use changes, and practicable RE development. Mapping systems that can study the influence of land-use planning decisions on RE potential are critical to achieving this balance.";"Incluido"
"W4205734984";"10.1016/j.glt.2021.12.001";"Does the greening of banks impact the logics of sustainable financing? The case of bank lending to merchant renewable energy projects in the Philippines";"Global Transitions";2021;"Varsolo Sunio; Jaime Mendejar; Justin Reginald Nery";"PH";"Renewable energy; Business; Sustainability; Government (linguistics); Finance; Mandate";"article";22;"As the Philippines pursues its mission of decarbonization in the energy sector by 2030, a target which aims to achieve a 35% share of renewable energy (RE) in the country's power generation mix, the broad participation of merchant plant developers and banks is crucial. Developers of merchant plants can generate supply of renewable energy, while banks can provide the financing. Nonetheless, banks traditionally do not lend to fully merchant plants, particularly by small proponents who have no implicit guarantor. In recent years, as more banks embed sustainability principles in their corporate philosophy, the question arises on whether this trend has also impacted the bank lending logics, especially with respect to how banks evaluate the risk-return profiles of RE projects, including pure merchant plants by small developers. Using qualitative research methods, we collected data through interviews and desk research from six banks in the Philippines (private and government-controlled, as well as universal and rural). To unpack the lending logics of banks, we presented ten credit enhancement options for the banks to appraise. We found that government-controlled banks, partly due to their mandate in supporting national development, have more appetite towards small merchant plants, unlike private banks, despite the latter's aggressive pursuit of sustainability targets. In the end, a fundamental gap between private banks and merchant plants remains. Since addressing it is crucial for the Philippines to achieve its mission of energy decarbonization, we end with some recommendations on how this gap may be bridged.";"Incluido"
"W4389627923";"10.1016/j.eneco.2023.107233";"On static vs. dynamic line ratings in renewable energy zones";"Energy Economics";2023;"Paul Simshauser";"AU; GB";"Renewable energy; Environmental science; Asset (computer security); Environmental economics; Grid; Electric power transmission";"article";12;"Scaling-up Variable Renewable Energy will face critical bottlenecks vis-a-vis requisite transmission hosting capacity. Network developments must navigate the complexity of encroaching on private land, risk disturbing sites of cultural significance, compete with other environmental (i.e. biodiversity) objectives, and endure backlash from directly affected communities. Transmission is costly and post-pandemic supply-chain constraints are sending equipment costs higher. Given time and cost risks, existing transmission networks and successful augmentations need to function at their outer operating envelope. In this article, a Renewable Energy Zone (REZ) is examined by comparing static, seaonal and real-time dynamic line ratings. Historically, seasonal line ratings in the Queensland region of Australia's National Electricity Market reflected the still, hot conditions that characterised critical event maximum demand days. Widespread take-up rates of rooftop solar PV has shifted maximum (grid-supplied) demand to the late-afternoon when wind speeds are rising, which also provides thermal cooling to transmission lines. Optimisation modelling suggests a shift from static to dynamic line ratings for a reference 275 kV radial REZ in Queensland can increase wind hosting capacity from ~1700 MW to >2800 MW with limited change in the asset base. Dynamically adjusting Frequency Control Ancillary Services further increases VRE hosting capacity.";"Incluido"
"W4281665849";"10.1016/j.enpol.2022.113073";"The impact of renewables on the incidents of negative prices in the energy spot markets";"Energy Policy";2022;"Oleksandr Prokhorov; Dina Dreisbach";"DE";"Bidding; Renewable energy; Economics; Market clearing; Spot market; Spot contract";"article";68;"In this paper we analyze the impact of growing renewable energy generation on the instances of negative day-ahead auction prices. We perform a simulation that is based on the real-world day-ahead wholesale supply and demand curves from the German-Luxembourg coupled market to gain insights about which developments in instances of negative market clearing prices could be expected in the short to middle term period with more intermittent energy in the system. This is achieved through transforming the real-world supply curves to include more renewable generation and recalculating the market clearing prices. The results of the spatial analysis suggest that keeping the strong fiscal support for renewables, auction design, and marginal cost bidding in place unchanged would gradually lead to more instances of negative prices in the coming years. Conclusively, we discuss the implications of the observed phenomena on the energy policy.";"Incluido"
"W4281918656";"10.1016/j.apenergy.2022.119356";"An insurance mechanism for electricity reliability differentiation under deep decarbonization";"Applied Energy";2022;"Farhad Billimoria; Filiberto Fele; Iacopo Savelli; Thomas Morstyn; Malcolm McCulloch";"GB";"Flexibility (engineering); Reliability (semiconductor); Environmental economics; Risk analysis (engineering); Business; Demand response";"article";18;"Securing an adequate supply of dispatchable resources is critical for keeping a power system reliable under high penetrations of variable generation. Strategic reserves have been used by a range of jurisdictions to procure investment in additional generation reserves given the missing money problem in energy only market designs. Given the growing flexibility and heterogeneity of load enabled by advancements in distributed resource and control technology, strategic reserve procurement needs to be able to reflect the different preferences of energy consumers. To address this challenge this paper develops an insurance risk mechanism for the procurement of strategic reserves that is adapted to a future with variable generation and flexible demand. The proposed design introduces a central insurance scheme with prudential requirements that align diverse consumer reliability preferences with the financial objectives of an insurer-of-last-resort. We illustrate the benefits of the scheme in (i) differentiating load by usage to enable better management of the system during times of extreme scarcity, (ii) incentivizing incremental investment in generation infrastructure that is aligned with consumer reliability preferences and (iii) improving overall reliability outcomes for consumers.";"Incluido"
"W2807613866";"10.1016/j.jclepro.2018.05.233";"The typologies of power: Energy utility business models in an increasingly renewable sector";"Journal of Cleaner Production";2018;"Scott T. Bryant; Karla Straker; Cara Wrigley";"AU";"Prosumer; Business model; Renewable energy; Environmental economics; Facilitator; Business";"article";95;NA;"Incluido"
"W2518227138";"10.2172/1262198";"Impact of Market Behavior, Fleet Composition, and Ancillary Services on Revenue Sufficiency";NA;2016;"Bethany Frew; G. Gallo; Gregory Brinkman; Michael Milligan; Kara Clark; Aaron Bloom";"US";"Revenue; Production (economics); Marginal cost; Variable cost; Marginal revenue; Economics";"report";9;"Revenue insufficiency, or the missing money problem, occurs when the revenues that generators earn from the market are not sufficient to cover both fixed and variable costs to remain in the market and/or justify investments in new capacity, which may be needed for reliability. The near-zero marginal cost of variable renewable generators further exacerbates these revenue challenges. Estimating the extent of the missing money problem in current electricity markets is an important, nontrivial task that requires representing both how the power system operates and how market participants behave. This paper explores the missing money problem using a production cost model that represented a simplified version of the Electric Reliability Council of Texas (ERCOT) energy-only market for the years 2012-2014. We evaluate how various market structures -- including market behavior, ancillary services, and changing fleet compositions -- affect net revenues in this ERCOT-like system. In most production cost modeling exercises, resources are assumed to offer their marginal capabilities at marginal costs. Although this assumption is reasonable for feasibility studies and long-term planning, it does not adequately consider the market behaviors that impact revenue sufficiency. In this work, we simulate a limited set of market participant strategic bidding behaviors by means of different sets of markups; these markups are applied to the true production costs of all gas generators, which are the most prominent generators in ERCOT. Results show that markups can help generators increase their net revenues overall, although net revenues may increase or decrease depending on the technology and the year under study. Results also confirm that conventional, variable-cost-based production cost simulations do not capture prices accurately, and this particular feature calls for proxies for strategic behaviors (e.g., markups) and more accurate representations of how electricity markets work. The analysis also shows that generators face revenue sufficiency challenges in this ERCOT-like energy-only market model; net revenues provided by the market in all base markup cases and sensitivity scenarios (except when a large fraction of the existing coal fleet is retired) are not sufficient to justify investments in new capacity for thermal and nuclear power units. Overall, the work described in this paper points to the need for improved behavioral models of electricity markets to more accurately study current and potential market design issues that could arise in systems with high penetrations of renewable generation.";"Incluido"
"W4382935375";"10.1109/eem58374.2023.10161990";"Improving wind power market value with various aspects of diversification";NA;2023;"Til Kristian Vrana; Harald Svendsen; Magnus Korpås; António Couto; Ana Estanqueiro; Damian Flynn; Hannele Holttinen; Philipp Härtel; Matti Koivisto; Eric Lantz; Bethany Frew";"NO; PT; DE; US";"Wind power; Diversification (marketing strategy); Bidding; Flexibility (engineering); Business; Environmental economics";"conference-paper";8;"The wind generation share in many European bidding zones is now large enough to affect the market value of wind power, and wind energy is getting less-than-average market price in day-ahead markets. As alternatives to investing in dedicated energy storage, there are two main ways to mitigate the decreasing market value trend. The first is employing different diversification measures (geographical spread, alternative wind turbine technologies, integration with solar). The second is implementing demand flexibility measures. Examples of these measures from some European and USA studies are given in this article, which stems from the international collaboration under IEA Wind TCP Tasks 25 and 53.";"Incluido"
"W3034840877";"10.2172/1631679";"Impacts of High Variable Renewable Energy Futures on Electric-Sector Decision Making: Demand-Side Effects";"Lawrence Berkeley National Laboratory";2020;"Joachim Seel; Andrew Mills; Cody Warner; Bentham Paulos; Ryan Wiser";"US";"Variable renewable energy; Futures contract; Renewable energy; Environmental economics; Electricity; Demand side";"report";10;"Previous work by the Berkeley Lab describes how high shares of variable renewable energy (VRE) such as wind and solar power could change wholesale electricity price dynamics. These include the timing of when electricity is cheap or expensive, locational differences in the cost of electricity, and the degree of regularity or predictability in those costs. Many decentralized decision-makers on the demand-side may not yet have considered the implications of these possible future changes. In this report, we evaluate the sensitivity of a set of demand-side decisions to different levels of VRE penetration ranging from a low of 5-20% to a high of 40-50%. The analysis builds on hourly wholesale energy and capacity prices in different VRE scenarios for four wholesale markets in the United States for the year 2030 (CAISO, ERCOT, NYISO, and SPP). The principal question for this exploration is whether private and public electric-sector decisions that are made based on assumptions reflecting low VRE levels still achieve their intended objective in a high VRE scenario with 40-50% wind and solar? This scoping report evaluates the impacts of changing patterns of peak system needs on the benefits of demand reductions by examining the altered value of different energy efficiency (EE) measures. Similarly, we investigate new opportunities for large energy consumers that may arise from periods with very low wholesale electricity prices. We calculate the value of new process investments (e.g., hydrogen production and other generalized electro-commodities), showcase the varying value of new product storage investments (such as reservoir extensions at a desalination plant), and estimate the benefits of increased process flexibility that uses electricity as a process-input in addition to traditional fossil fuels (e.g., district energy systems). Finally, many decentralized decision-makers and end-use customers are not directly exposed to wholesale electricity prices but instead receive price signals from their retail electricity rates. As wind and solar shares increase, we compare the economic efficiency of flat retail rates relative to more dynamic time-of-use tariffs with and without critical peak-pricing events.";"Incluido"
"W3122104797";"10.1109/pes.2011.6039218";"The long-term impact of wind power on electricity prices and generating capacity";NA;2011;"Richard Green; Nicholas Vasilakos";"GB";"Marginal cost; Oligopoly; Wind power; Economics; Electricity; Variable renewable energy";"conference-abstract";9;"This paper uses a market equilibrium model to calculate how the mix of generating capacity would change if large amounts of intermittent renewables are built in Great Britain, and what this means for operating patterns and the distribution of prices over time. The model is calibrated to 2020 data for wind and demand (from Green and Vasilakos, Energy Policy, 2010) with costs from Mott MacDonald's 2010 report to the Department of Energy and Climate Change. If generators bid their marginal costs, we find that the changes to the capacity mix are much greater than the changes to the pattern of prices. Thermal capacity falls only slightly in response to the extra wind capacity, and there is a shift towards power stations with higher variable costs (but lower fixed costs). The changes to the pattern of prices, once capacity has adjusted, are relatively small. This is because each type of capacity needs to cover its costs from its market revenues, and so average prices over the period for which it operates must equal the average level of those costs. In an optimal system, the amounts of each type of capacity are chosen so that stations are operating for the number of hours for which they have lower costs than alternative station types. The number of each type of station needed to achieve this depends on the load-duration curve, and so when this changes, so does the optimal capacity mix. The load factors that each station will achieve, given the optimal capacity mix, will not change very much, since they are constrained by the need for the stations only to run for the number of hours for which they are the cheapest option. With similar load factors, the station's average costs will not change very much, and so the average revenue required over a given part of the load-duration curve will also change little. In an oligopolistic setting, strategic generators will choose lower levels of capacity, although they will still want a cost-minimizing capacity mix, given their patterns of operation. If wind output does not receive the market price, then mark-ups on thermal generation will be lower in a system with large amounts of wind power, since the generators will have less incentive to raise their prices for the lower amount of conventional power that they are selling. This would apply to countries that use a feed-in tariff to pay for renewable power.";"Incluido"
"W3036215084";"10.1016/j.enpol.2020.111683";"Economic consequences of a capacity market implementation: The case of Poland";"Energy Policy";2020;"Aleksandra Komorowska; Pablo Benalcazar; Przemysław Kaszyński; Jacek Kamiński";"PL";"Electricity market; Market clearing; Market mechanism; Market power; Factor market; Electricity";"article";31;"This paper investigates the potential economic consequences of setting up a capacity market in Poland. A computable model of the Polish power generation system is developed and employed to analyse the impact of this mechanism. Two scenarios are designed for this study: (i) a reference scenario that reflects the energy-only market and (ii) a capacity market scenario that assumes the implementation of such an instrument. To assess the economic consequences, the following parameters are estimated: (i) annual electricity prices, (ii) Loss Of Load Hours, (iii) Expected Energy Not Served, and only for the capacity market scenario: (iv) market clearing price, (v) total budget of the capacity market, and (vi) increase in electricity price due to the introduction of the capacity market. The findings of the study indicate that the long-term maintenance of the energy-only market results in higher electricity prices when compared to putting a capacity market into operation. Introducing a capacity market enables existing resources to be used effectively without excessive capital expenditure. The methods and conclusions presented in this paper provide valuable findings and policy insights regarding the potential economic consequences of a capacity mechanism in a power system mostly dominated by coal and undergoing an energy transition.";"Incluido"
"W2795963514";"10.26889/9781784671068";"Renewable auction design in theory and practice";NA;2018;"Michael Hochberg; Rahmatallah Poudineh";"GB";"Renewable energy; Computer science; Economics; Microeconomics; Environmental economics; Engineering";"report";27;"Competitive tendering has become one of the preferred methods of contracting renewable energy generation capacity internationally. As of early 2015, at least 60 countries had adopted renewable energy tenders, compared to just six countries in 2005. However, there are limited country-specific comparisons which research the subject considering the importance and prominence of the issue. The […]";"Incluido"
"W2164150124";"10.14710/ijred.4.3.171-180";"Promotion of Renewable Energy Sources in the European Union";"International Journal of Renewable Energy Development";2015;"Roland Menges; Wolfgang Pfaffenberger";"DE";"Renewable energy; Incentive; European union; Feed-in tariff; Renewable energy credit; Environmental economics";"article";6;"One of the important goals of European energy policy is to increase the share of renewable energy resources in the energy supply. The instruments used in the member states are not fully compatible with the rules of the European internal market. In a theoretical section, this paper analyses possible different instruments for promoting renewable energy. Some countries use feed in tariffs - using fixed prices to increase incentives for producers to invest into renewable energy, other countries use quantity-based systems like quotas that lead to a premium above the market price. In an institutional analysis we show that on the basis of effectiveness and efficiency considerations for the European Union, in the long-term quantity oriented systems of promotion are preferable if combined with elements of a capacity market. The main reason for this conclusion is that price-based systems cannot give enough incentives for backup capacities necessary to cope with intermittent production of renewable sources. In addition price-based systems violate the basic rules of the open internal European market because feed in tariffs are a considerable barrier for trade of renewable energy products.";"Incluido"
"W2175170524";"10.1016/j.enpol.2015.09.012";"Electricity market design for generator revenue sufficiency with increased variable generation";"Energy Policy";2015;"Todd Levin; Audun Botterud";"US";"Variable renewable energy; Revenue; Economics; Wind power; Electricity market; Electricity";"article";92;NA;"Incluido"
"W4387125212";"10.1016/j.ref.2023.100495";"The impact of market design and clean energy incentives on strategic generation investments and resource adequacy in low-carbon electricity markets";"Renewable energy focus";2023;"Jonghwan Kwon; Todd Levin; Zhi Zhou; Audun Botterud; Mahdi Mehrtash; Benjamin F. Hobbs";"US";"Electricity market; Incentive; Environmental economics; Renewable energy; Electricity; Electricity generation";"article";21;NA;"Incluido"
"W4250652607";"10.2172/1333042";"Capacity Payments in Restructured Markets under Low and High Penetration Levels of Renewable Energy";NA;2016;"Thomas Jenkin; Philipp Beiter; Robert Margolis";"US";"Variable renewable energy; Renewable energy; Market penetration; Variable (mathematics); Payment; Business";"report";9;"Growing levels of variable renewable energy resources arguably create new challenges for capacity market designs, because variable renewable energy suppresses wholesale energy prices while providing relatively little capacity. This effect becomes more pronounced the higher the variable renewable energy penetration in a market. The purpose of this report is threefold. First, we provide a brief outline of the purpose and design of various capacity markets using administratively determined capacity demand curves. Second, we discuss some of the main challenges raised in existing literature and a set of interviews that we conducted with market participants, regulators, and observers. Third, we consider some of the challenges to capacity markets that arise with higher variable renewable energy penetration.";"Incluido"
"W4301586839";"10.1016/j.enpol.2022.113273";"Why the sustainable provision of low-carbon electricity needs hybrid markets";"Energy Policy";2022;"Jan Horst Keppler; Simon Quemin; Marcelo Saguan";"FR; DE; GB";"Investment (military); Electricity; Investment decisions; Industrial organization; Economics; Marginal cost";"article";44;"Deep decarbonization of energy systems poses considerable challenges to electricity markets and there is a growing consensus that an energy-only design based on short-term marginal cost pricing cannot deliver adequate levels of investment and long-term coordination across actors and sectors. Based on the instructive example of the evolution of European electricity market designs, we discuss several shortcomings of energy-only markets and illustrate how ad-hoc policies that intend to address them have limitations of their own, notably a lack of systemwide coordination. Second, we describe how the sheer scale and nature of deep decarbonization targets requiring massive investment in capital-intensive low-carbon technologies exacerbate these issues. Ambitious emission reduction targets thus require an evolution of market design towards hybrid regimes. Hybrid markets separate long-term investment decisions from short-term operations through a balanced and differentiated use of competitive and regulatory design elements to coordinate and de-risk investment. Finally, a historical analysis of the evolution of different electricity market designs shows how hybrid markets constitute contemporary forms of long-run marginal cost pricing that are appropriate for meeting deep decarbonization targets with reduced uncertainty and hence lower private and social costs.";"Incluido"
"W2617816084";"10.5547/01956574.39.1.dnew";"What Future(s) for Liberalized Electricity Markets: Efficient, Equitable or Innovative?";"The Energy Journal";2017;"David Newbery";"GB";"Remuneration; Subsidy; Tariff; Economics; Electricity; Renewable energy";"article";40;"Well-designed electricity liberalization has delivered efficiency gains, but political risks of decarbonizing the sector have undermined investment incentives in energy-only markets, while poorly designed regulated tariffs have increased the cost of accommodating renewables. The paper sets out principles from theory and public economics to guide market design, capacity remuneration, renewables support and regulatory tariff setting, with an illustration from a high capital cost low variable cost electricity system. Such characteristics are likely to become more prevalent with increasing renewables penetration, where poor regulation is already threatening current utility business models. The appendix develops and applies a method for determining the subsidy justified by learning spillovers from solar PV.";"Incluido"
"W4214545088";"10.1007/s40518-021-00200-9";"Electricity Market Design and Zero-Marginal Cost Generation";"Current Sustainable/Renewable Energy Reports";2022;"William W. Hogan";"US";"Dispatchable generation; Electricity market; Marginal cost; Electricity; Electricity generation; Variable renewable energy";"article";58;"Abstract Purpose of Review Competitive electricity systems arose in the context of thermal generation with dispatchable production and increasing variable costs. This paper addresses key impacts on efficient market design with increasing reliance on renewable energy sources such as solar and wind that are intermittent and have very low marginal costs. Recent Findings The basics of efficient electricity markets design have been adopted by all the organized electricity markets in the USA. This is the only competitive electricity market design that supports the principles of open access and non-discrimination. Summary An expansion of intermittent zero-marginal cost generation does not change the fundamentals of efficient electricity market design. Rather, it increases the importance of implementing the design and associated reforms that have been identified from market experience. These include improved scarcity pricing, demand participation, and carbon pricing.";"Incluido"
"W2944519893";"10.22004/ag.econ.277525";"Renewable Electricity Grids, Battery Storage and Missing Money: An Alberta Case Study";"RePEc: Research Papers in Economics";2018;"Jun Duan; Andrew McKenna; G. Cornelis van Kooten; S. Liu; Duan, J.; McKenna, A.; Van Kooten, G.C.; Liu, S.";NA;"Renewable energy; Environmental economics; Carbon tax; Fossil fuel; Wind power; Stand-alone power system";"preprint";1;"In this study, we simulate a hybrid renewable energy system with battery storage to power the Alberta grid, to meet the province s goal of phasing out coal-fired power plants by 2030. In doing so, we study the optimal generation mix based on wind, solar, and load data, and we consider the so-called missing money problem in determining how Alberta will be able to facilitate a shift away from fossil fuels sustainably. We find that high carbon tax rates allow for higher levels of wind integration and introduce battery storage into the model, while solar energy remains economically infeasible. This allows the grid to depart from using combined-cycle gas plants to meet base load, though we find that combustion gas turbines are still necessary to act as peakers. One of economic consequence of this situation is that missing money problem is exacerbated, and then a compensation mechanism like the capacity market is necessary for the sake of electricity source adequacy and reliability. Despite this, renewable capacity factors in Alberta are potentially high, and as costs decline in the future, renewable energy will play a key role in meeting energy demand. Acknowledgement :";"Incluido"
"W2339422722";NA;"Markets to Facilitate Wind and Solar Energy Integration in the Bulk Power Supply: An IEA Task 25 Collaboration; Preprint";"University of North Texas Digital Library (University of North Texas)";2012;"M. Milligan; Hannele Holttinen; Lennart Söder; Caitlyn Clark; I. Pineda";"US";"Wind power; Flexibility (engineering); Business; Electricity; Revenue; Solar power";"conference-paper";7;"Wind and solar power will give rise to challenges in electricity markets regarding flexibility, capacity adequacy, and the participation of wind and solar generators to markets. Large amounts of wind power will have impacts on bulk power system markets and electricity prices. If the markets respond to increased wind power by increasing investments in low-capital, high-cost or marginal-cost power,the average price may remain in the same range. However, experiences so far from Denmark, Germany, Spain, and Ireland are such that the average market prices have decreased because of wind power. This reduction may result in additional revenue insufficiency, which may be corrected with a capacity market, yet capacity markets are difficult to design. However, the flexibility attributes of thecapacity also need to be considered. Markets facilitating wind and solar integration will include possibilities for trading close to delivery (either by shorter gate closure times or intraday markets). Time steps chosen for markets can enable more flexibility to be assessed. Experience from 5- and 10-minute markets has been encouraging.";"Incluido"
"W1769889581";NA;"Impacts of capacity remunerative mechanisms on cross-border trade";"LUTPub (LUT University)";2015;"Olga Gore";NA;"Electricity; Renewable energy; Business; International trade; Industrial organization; Economics";"dissertation";9;"The European ambitious targets to increase the share of renewable generation pose a challenge&#13;\nto the generation adequacy. Many European member states are concerned that energy-only&#13;\nmarkets alone might not be able to deliver sufficient capacity required to meet the future&#13;\nelectricity demand and back up shortfalls of energy from renewable energy sources (RES) during&#13;\nperiods of low wind and sun. Many EU members consider to re-design their energy-only markets&#13;\nand establish different forms of capacity remunerative mechanisms (CRMs) to maintain the&#13;\nsecurity of supply. There is a certain concern that market design changes at the level of EU&#13;\nmember countries might conflict with the European goal of a single market. As soon as many&#13;\nEuropean markets are highly interconnected, uncoordinated CRMs might create negative crossborder&#13;\neffects and hinder the achievement of the Internal Electricity Market in Europe. The pros&#13;\nand cons of capacity markets are well examined at the national level. However, the cross-border&#13;\neffects of capacity markets within the European market aiming at higher integration have received&#13;\nless attention. This doctoral dissertation examines the cross-border effects of unilateral&#13;\nimplementation of CRMs applying both theoretical and case study analyses. The results show&#13;\nthat capacity remunerative mechanisms (CRMs) may cause negative cross-border effects,&#13;\nespecially if they are implemented unilaterally.";"Incluido"
"W4206415394";"10.2172/1559881";"2018 Wind Technologies Market Report";NA;2019;"Ryan Wiser; Mark Bollinger";"US";"Computer science; Business";"report";26;"The 2018 Wind Technologies Market Report—now in its thirteenth consecutive year—provides an overview of developments and trends in the U.S. wind power market, with a particular focus on the year 2018.";"Incluido"
"W4407151406";"10.1177/01956574241309557";"Day-ahead and Reserve Prices in a Renewable-based Power System: Adapting Electricity-market Design for Energy Storage";"The Energy Journal";2025;"Laureen Deman; Afzal S. Siddiqui; Cédric Clastres; Quentin Boucher";"FR; SE; FI";"Flexibility (engineering); Renewable energy; Remuneration; Economics; Reserve requirement; Environmental economics";"article";7;"Decarbonizing the power mix will require investments in storage and flexibility options to replace the current carbon-intensive supply of reserves. This paper questions whether reserve-capacity markets can serve as a capacity mechanism for flexible technologies. A fundamental model of the day-ahead and reserve markets is used to investigate the evolution of reserve prices with large shares of renewable energy and storage. The model represents the current market design in Continental Europe with a centralized supply and platforms for the exchange of reserves. By becoming the main suppliers of reserve capacity, batteries have a noticeable impact on reserve prices. Their flexibility implies zero opportunity cost most of the time, meaning that the flexibility is not rewarded by the market. These results suggest that reserve-capacity markets cannot provide additional remuneration for flexible technologies and, thus, do not solve the missing-money problem in the context of the energy transition. JEL Classification: Q41, Q47";"Incluido"
"W4407713945";"10.1155/er/8850556";"Wind, PV, and Hybrid Power Plant Operation in Competitive Nordic Electricity Market With High Profit Cannibalization";"International Journal of Energy Research";2025;"Simeon Seppälä; Sanna Syri";"FI";"Cannibalization; Electricity; Electricity market; Profit (economics); Industrial organization; Business";"article";8;"This study presents a technoeconomic analysis of a hybrid wind‐PV (photovoltaic) power plant (HPP) compared to onshore wind power plants (WPPs) and photovoltaic power plants (PVPPs) in the Nordic electricity market, focusing on locations in Finland and Sweden. Wind power capacity has recently increased significantly in the Nordics, increasing the profit cannibalization of wind power. Renewable energy subsidies have been phased out in Finland and Sweden, thus new wind and PV power value creation is formed from the power market. The PV power capacity has also encountered significant growth in the Nordics. However, the capacity is still relatively low, allowing more revenue for produced PV power compared to wind power. The lower PV power profit cannibalization has increased interest in HPPs instead of WPPs. This contribution studies the economic feasibility of wind and PV power in changing market conditions in the Nordic electricity market. The market operation is modeled with three different configurations including selling all the power into the day ahead spot market and baseload or pay‐as‐produced power purchase agreement (PPA). In addition, a battery energy storage system (BESS) investment is analyzed using the operating strategy of shifting production to more profitable spot price hours. This study shows that due to the profit cannibalization and high cost of capital, the power plants are currently not profitable in the Nordic electricity market except when the bidding area has high average spot prices. The worst profitability was with WPPs when exposed to the market shape risk and with PVPPs when pay‐as‐produced PPA was agreed upon due to the higher levelized cost of electricity. However, the PV power profit cannibalization is expected to increase in the future as more PVPPs operate in the Nordic power market. Thus, the PVPP shape risk may increase in the future as well.";"Incluido"
"W4307210111";"10.2172/1893263";"Land-Based Wind Market Report: 2022 Edition";NA;2022;"None None";NA;"Environmental science; Meteorology; Geography";"report";18;"Wind power additions in the United States totaled 13.4 gigawatts (GW) in 2021. Recent growth is supported by the industry’s primary federal incentive—the production tax credit (PTC)—as well as a myriad of statelevel policies. Long-term improvements in the cost and performance of wind power technologies have also been key drivers for wind capacity additions, even as supply chain constraints due to increased commodity and transportation costs and COVID-19 restrictions push costs higher.";"Incluido"
"W4413808867";"10.1049/enc2.70020";"Impact of capacity market mechanism on high renewable penetration systems with long‐term energy storage";"Energy Conversion and Economics";2025;"Ying Yang; Yuting Mou; Jun Li; Beibei Wang; Changling Li; Xiaolei Yang";"CN; BG";"Renewable energy; Energy storage; Penetration (warfare); Term (time); Market penetration; Business";"article";7;"Abstract Capacity markets (CMs) have been widely analysed and implemented in various regions to enhance the capacity adequacy and supply security in power systems with high renewable penetration. This study compares the performance of two market designs, an energy market combined with a CM and an energy‐only market, using a capacity expansion model that incorporates long‐term energy storage (ES). This study contributes significantly to the debate on CM by quantifying the improvement in the system reliability. Through simulations conducted on provincial power systems in China, we demonstrate that introducing a CM significantly enhances the system reliability by providing a stable revenue stream that incentivises capacity investments. Additionally, the effectiveness of implementing a CM is analysed through simulations under various market conditions, thereby presenting various advantages. Furthermore, the results of this study indicate that the reliable availability of conventional technologies is essential for future power systems with high renewable energy penetration. The supply security cannot be ensured with an excessive penetration level of renewable energy sources, despite long‐term ES. These findings present critical insights into the design of hybrid electricity markets for transitioning power systems.";"Incluido"
"W4415716174";"10.1016/j.ijepes.2025.111277";"Impacts of market power from renewables with different market concentrations on electricity markets under high renewable penetration";"International Journal of Electrical Power & Energy Systems";2025;"Junxuan Zou; Yuxin Zhang; Xinyu Chen; Qiuwei Wu";"CN; GB";"Bidding; Renewable energy; Electricity market; Electricity; Business; Economics";"article";7;"• The interactions between strategic bidding behaviors and electricity markets under different market concentration levels are modeled. • A multi-agent RL algorithm that incorporates the Bandit Algorithm and model planning is proposed. • Strategic bidding by renewables under high market concentration induces severe curtailment and high prices. • Strategic bidding by renewables effectively mitigates the “missing money” problem. With the in-depth development of decarbonization in the power system, renewables will gradually occupy a dominant position in the electricity spot market. The significant impact of renewable energy market power on the electricity market under high renewable penetration has emerged as a critical concern, particularly in countries with high market concentration like China. This paper explores how the market power and the market concentration of renewables impact the operation and pricing of the electricity market at elevated renewable penetration. The game-theoretic interactions between strategic bidding behaviors and electricity markets under different market concentration levels are modeled through a bi-level optimization framework. A novel algorithm based on multi-agent reinforcement learning is put forward to efficiently solve the model with multiple generation companies in a provincial power system. The proposed model and algorithm are applied to the West Inner Mongolia of China. The results show that strategic bidding by renewables under high market concentration induces severe curtailment and high prices through physical and financial withholding. Although reduced concentration drives rapid price declines, converged levels remain substantially higher than those in marginal cost bidding scenarios, demonstrating that strategic bidding effectively mitigates the price suppression effect caused by renewable energy expansion.";"Incluido"
"W2894810329";"10.2870/013463";"The EU clean energy package";"Cadmus - EUI Research Repository (European University Institute)";2018;"Leonardo Meeus; Athir Nouicer";NA;"Environmental science; Business";"report";41;"The EU Clean Energy Package sets the EU energy efficiency and renewable energy ambitions for the 2030 horizon. It also updates the rules that govern the functioning of the internal electricity market and the transmission and distribution grids. The package, proposed by the European Commission in November 2016, includes 8 legislative proposals on the electricity market and consumers, Energy Efficiency and Energy Efficiency of buildings, Renewables & bioenergy sustainability as well as governance of the Energy Union. The Council agreed on its negotiating position for four legislative proposals of the EU Clean energy package in December 2017. For the different topics selected for this report, we will present the Commission proposals as well as the Council position included in the electricity Directive and Regulation. The positions of the different stakeholders of the EU electricity sector will also be stated at the end of each discussed topic.";"Incluido"
"W3105300167";"10.1016/j.apenergy.2020.116050";"Assessing the need for flexibility technologies in decarbonized power systems: A new model applied to Central Europe";"Applied Energy";2020;"Mattia Maeder; Olga Weiß; Konstantinos Boulouchos";"CH";"Renewable energy; Electricity generation; Electricity; Flexibility (engineering); Wind power; Environmental economics";"article";57;"The increasing use of renewable energy leads to a higher share of intermittent and volatile electricity generation. In this paper, we develop FLEXIES, a new open-source power system optimization model to determine the cost-efficient deployment of renewable electricity generation technologies and flexibility technologies. We apply FLEXIES in a case study of power systems in Central Europe (Switzerland, Austria, France, Germany, and Italy) in 2030, 2040, and 2050. The case study indicates that low-carbon electricity generation, batteries, and power-to-gas, consisting of multiple gas storages, are cost-efficient in 2050 – rather than burning natural gas in gas turbines. Such decarbonized power systems could be cost-efficient earlier assuming sufficiently high carbon prices. Furthermore, we find that onshore wind is prioritized over highly volatile solar generation due to a lower need for electricity storage. Interconnections enable higher shares of uniform generation technologies (on– and offshore wind, nuclear, biomass-waste) and reduce the need for solar and storage. Hence, compared to a case in which countries are isolated, interconnections reduce total electricity generation by up to 8.2%, system costs by up to 16.3%, and carbon equivalent emissions by up to 9.0%. Finally, we observe that decarbonized power systems entail a cost shift from the operational to the investment phase and total normalized costs could be higher than power market prices. Thus, new mechanisms may be needed to incentivize decarbonized power systems.";"Incluido"
"W3093905224";"10.1109/eem49802.2020.9221884";"Investment decision support for zero subsidy wind and solar – An optimization based simulation approach";NA;2020;"Florian Rothenberg; Sebastian Braun; Florian Zimmermann; Dogan Keles; Wolf Fïchtner";"DE";"Cannibalization; Renewable energy; Subsidy; Investment (military); Wind power; Economics";"conference-paper";1;"In the past decade, variable renewable energy sources became increasingly competitive due to rapidly falling manufacturing costs. However, prices cannibalization could lead to limited market driven investments. In this paper, we present a method to use a dispatch model to find an investment decision that can account for country risk factors such as social acceptance as well as the fundamental factors that influence the power market such as existing capacities and fuel prices. Results show that Solar PV is more affected by price cannibalization and Spain has large unrealized potential for market driven Solar PV investments.";"Incluido"
"W2346039693";"10.1016/j.tej.2016.04.007";"Climate and electricity policy integration: Is the South Australian electricity market the canary in the coalmine?";"The Electricity Journal";2016;"Tim Nelson; Fiona Orton";"AU";"Electricity; Electricity market; Climate change; Mains electricity; Volatility (finance); Business";"article";17;NA;"Incluido"
"W4294118509";"10.1016/j.enpol.2022.113213";"A unit commitment and economic dispatch model of the GB electricity market – Formulation and application to hydro pumped storage";"Energy Policy";2022;"Chi Kong Chyong; David Newbery";"GB";"Revenue; Variable renewable energy; Arbitrage; Electricity market; Electricity; Operating expense";"article";27;"We present a calibrated unit commitment dispatch model of the GB electricity market applied to an economic analysis of the four existing hydro pumped storage (PS) stations in GB. More variable renewable electricity (VRE) increases PS profit by an amount dependent on the generation mix. With a large share of coal, a 1 percentage point (p.p) increase in VRE increases total PS profit by an average of 2.3 p.p. With a more flexible system, to achieve a similar profitability, the share of wind and solar should rise to more than 60% of supply. Inflexible coal with high VRE increases price volatility that drives PS arbitrage revenue. Higher system flexibility smooths VRE variability and limits PS price arbitrage, increasing the role of PS balancing and ancillary service revenue. Between 2015 and 22 PS stations were inactive in managing transmission constraints but provided 18% of fast reserve, response and other reserve services in 2022. Stacking up the modelled revenue from price arbitrage and 2022 balancing and ancillary services revenues against the ongoing fixed costs suggests that the four existing PS stations are quite profitable. However, the revenues will not be enough to cover capex and opex of a new 600 MW PS station without more balancing and ancillary services market opportunities.";"Incluido"
"W2304123892";NA;"Evaluation of strategy of power generation business under large-scale integration of renewable energy";"RePEc: Research Papers in Economics";2016;"Gert Brunekreeft; Marius Buchmann; Toru Hattori; Roland Meyer";NA;"Renewable energy; Industrial organization; Business; Nuclear decommissioning; Revenue; Business model";"preprint";5;"The German energy transition massively alters the market structure of electricity supply and forces incumbent electric utilities to rethink their business strategies. We analyze three main developments that undermine the former market dominance of the 'Big 4' incumbents in Germany. First, nuclear phase-out reduces their market shares and creates financial risk of nuclear waste decommissioning. Second, the large-scale integration of renewables fosters market entry from third parties and intensifies competition. Third, a possible coal-phase out in combination may have positive effects on market revenues but tends to increase regulatory risk. In total, incumbents face 'disruptive Challenges' and need to find new value-creating products and services beyond sole energy supply. Promising focus areas are renewable energies, the distribution business, and smart, customer-oriented solutions.";"Incluido"
"W4213389008";"10.2172/1818841";"Land-Based Wind Market Report: 2021 Edition";NA;2021;"Ryan Wiser; Mark Bolinger; Ben Hoen; Dev Millstein; Joe Rand; Galen Barbose; Naïm Darghouth; Will Gorman; Seongeun Jeong; Andrew Mills; B. Paulos";"US";"Meteorology; Computer science; Geography";"report";15;"The Land-Based Wind Market Report: 2021 Edition provides an overview of developments and trends in the U.S. wind power market.";"Incluido"
"W3111779639";"10.5547/01956574.42.5.apap";"Market Design Considerations for Scarcity Pricing: A Stochastic Equilibrium Framework";"The Energy Journal";2020;"Anthony Papavasiliou; Yves Smeers; Gauthier de Maere d’Aertrycke";"GB; BE";"Scarcity; Electricity market; Economics; Valuation (finance); Electricity; Microeconomics";"article";19;"Scarcity pricing is a mechanism for improving the valuation of reserve capacity in real-time electricity markets. The goal of scarcity pricing is to mitigate the missing money problem and enhance investment in flexible resources. The implementation of scarcity pricing is underway in a number of U.S. markets, including Texas and PJM. The implementation is also currently under consideration in Belgium. As the mechanism was originally conceived in the context of a U.S.-style two-settlement system, its implementation in a European setting poses a number of interesting market design dilemmas which can affect the back-propagation of scarcity prices to forward day-ahead markets for energy and reserve capacity. We propose a modeling framework for analyzing these market design choices based on stochastic equilibrium, and use this modeling framework in order to represent and analyze a wide range of market design proposals. We report results on a case study of the Belgian electricity market.";"Incluido"
"W3004958172";"10.24251/hicss.2020.378";"Capacity Markets versus Energy-Only Markets: A Comparison under Increasing Wind Penetration";"Proceedings of the ... Annual Hawaii International Conference on System Sciences/Proceedings of the Annual Hawaii International Conference on System Sciences";2020;"Cody Hohl; Chiara Lo Prete";NA;"Wind power; Revenue; Market penetration; Penetration (warfare); Business; Energy market";"conference-paper";1;"We compare the ability to support resource adequacy and revenue sufficiency under two market designs (a capacity market and an energy-only market) under increasing levels of wind energy penetration.~An ideal seven node network with six generators and ten transmission lines provides a test system for our analysis.~Simulations of power market outcomes are evaluated in terms of capacity expansion and revenue sufficiency.";"Incluido"
"W4293163136";"10.2172/1882594";"Land-Based Wind Market Report: 2022 Edition";"Lawrence Berkeley National Laboratory";2022;"Ryan Wiser; Mark Bolinger; Ben Hoen; Dev Millstein; Joseph Rand; Galen Barbose; Naïm Darghouth; Will Gorman; Seongeun Jeong; B. Paulos";"US";"Wind power; Offshore wind power; Nameplate capacity; Pace; Wind speed; Electricity";"report";57;"The U.S. Department of Energy's 2022 edition of its Land-Based Wind Market Report provides an overview of key trends in the U.S. wind power market, with a focus on 2021. You can find a report, data file and presentation on the Files tab, below. Additionally, several data visualizations are available on the Visualizations tab. Despite ongoing supply chain challenges, wind energy in 2021 continued to see strong growth, technology improvements, and low prices in the U.S. Key highlights include: Wind comprises a growing share of electricity supply: U.S. wind power capacity grew at a strong pace in 2021, with the 13.4 GW of new additions representing a $\$20$ billion investment and 32% of all newly added U.S. generation capacity. Wind energy output rose to account for more than 9% of the entire nation’s electricity supply. At least 247 GW of wind are seeking transmission interconnection; 77 GW of this capacity are offshore wind and 19 GW are hybrid plants that pair wind with storage or solar PV. Wind project performance has increased over the decades: The average capacity factor among recently built projects was nearly 40%, considerably higher than projects built earlier. The highest capacity factors are seen in the interior ‘wind belt’ of the country. Turbines continue to get larger: Improved plant performance has been driven by larger turbines mounted on taller towers and featuring longer blades. In 2011, no turbines employed blades that were 115 meters in diameter or larger, but in 2021, 89% of newly installed turbines featured such rotors. Proposed projects indicate that total turbine height will continue to rise. Low wind turbine pricing has pushed down installed project costs over the last decade: Wind turbine prices averaged $\$800$–$\$950$/kW in 2021, a 5% to 10% increase from the year prior but substantially lower than in 2010. The average installed cost of wind projects in 2021 was $\$1,500$/kW, down more than 40% since the peak in 2010, though relatively stable in recent years. The lowest costs were found in Texas and the (non-ISO) West. Wind energy prices are on the rise, but generally remain low, around $\$20$/MWh in the interior of the country with higher prices in the West and East. After topping out above $\$75$/MWh for power purchase agreements (PPAs) executed in 2009, the national average price of wind PPAs has dropped—though supply-chain pressures have resulted in increased prices in recent years. In the interior ‘wind belt’ of the country, recent pricing is around $\$20$/MWh. In the West and East, prices tend to average above $\$30$/MWh. These prices, which are possible in part due to federal tax support, fall below the projected future fuel costs of gas-fired generation. Wind PPA prices are often attractive compared to wind’s grid-system market value: The value of wind in wholesale power markets is affected by the location of wind plants, their hourly output profiles, and how those characteristics correlate with real-time electricity prices and capacity markets. The market value of wind increased in 2021, averaging $\$16$/MWh in MISO, $\$19$/MWh in SPP, $\$23$/MWh in NYISO, $\$31$/MWh in ERCOT, $\$33$/MWh in PJM, $\$44$/MWh in ISO-NE, and $\$48$/MWh in CAISO. The average levelized cost of wind energy was $\$32$/MWh for plants built in 2021: Levelized costs, which exclude the impacts of federal tax incentives, vary across time and geography. The national average stood at $\$32$/MWh in 2021—down substantially historically, though relatively stable in recent years. Levelized costs were lowest in ERCOT, SPP, and the (non-ISO) West. The health and climate benefits of wind in 2021 were larger than its grid-system value, and the combination of all three far exceeds the current levelized cost of wind: Wind generation reduces power-sector emissions of carbon dioxide, nitrogen oxides, and sulfur dioxide. These reductions, in turn, provide public health and climate benefits that vary regionally, but together are economically valued at an average of over $\$90$/MWh-wind for plants built in 2021.";"Incluido"
"W3049314596";"10.1016/j.epsr.2020.106708";"An incentive mechanism for generation capacity investment in a price-capped wholesale power market";"Electric Power Systems Research";2020;"Egill Tómasson; Mohammad Reza Hesamzadeh; Lennart Söder; Darryl R. Biggar";"SE; AU";"Electricity market; Complementarity (molecular biology); Microeconomics; Electricity; Investment (military); Incentive";"article";18;"In electricity markets, market rules such as price caps defer proper investment in generation. The resulting generation mix is therefore sub-optimal if compared to the one that maximizes social welfare. In this paper, an incentive mechanism for a price-capped multi-area energy only market is proposed. The market model is posed as a mixed complementarity problem using the optimality conditions of all the individual players that participate in the multi-area electricity market. The resulting equilibrium problem is solved using a decomposition approach based on the Alternating Direction Method of Multipliers. The proposed solution algorithm takes advantage of the multi-area structure of the problem and outperforms state-of-the-art practices for solving these types of problems.";"Incluido"
"W4280558519";"10.1016/j.enpol.2022.113008";"Simultaneity of green energy and hydrogen production: Analysing the dispatch of a grid-connected electrolyser";"Energy Policy";2022;"David Schlund; Philipp Theile";"DE";"Power to gas; Hydrogen production; Energy carrier; Electricity; Renewable energy; Electricity market";"article";33;NA;"Incluido"
"W4294833609";"10.3390/en15176446";"Profitability and Revenue Uncertainty of Wind Farms in Western Europe in Present and Future Climate";"Energies";2022;"Bastien Alonzo; Silvia Concettini; Anna Créti; Philippe Drobinski; Peter Tankov";"FR";"Wind power; Revenue; Climate change; Natural resource economics; Profitability index; Electricity";"article";12;"Investments into wind power generation may be hampered by the uncertainty of future revenues caused by the natural variability of the wind resource, the impact of climate change on wind potential and future electricity prices, and the regulatory risks. We quantify the uncertainty of the economic value of wind farms in France, Germany, and Denmark, and evaluate the cost of support mechanisms needed to ensure the profitability of wind farms under present and future climates. To this end, we built a localised model for wind power output and a country-level model for electricity demand and prices. Our study reveals that support mechanisms are needed for current market conditions and the current climate, as well as under future climate conditions according to several scenarios for climate change and energy transition. The cost of support mechanisms during a 15-year period is evaluated to EUR 3.8 to EUR 11.5 billion per year in France, from EUR 15.5 to EUR 26.5 billion per year in Germany, and from EUR 1.2 to EUR 3.3 billion per year in Denmark, depending on the scenario considered and the level of penetration of wind energy.";"Incluido"
"W2017001495";"10.3790/vjh.81.1.73";"Braucht Deutschland Kapazitätsmechanismen für Kraftwerke Eine Analyse des deutschen Marktes für Stromerzeugung";"Vierteljahrshefte zur Wirtschaftsforschung";2012;"Veit Böckers; Leonie Giessing; Justus Haucap; Ulrich Heimeshoff; Jürgen Rösch";"DE";"Political science; Renewable energy; Welfare economics; Humanities; Physics; Economics";"article";5;"Im Zuge der von der Bundesregierung eingeleiteten Energiewende wird zunehmend die Frage diskutiert, wie bei einem forcierten Ausbau der erneuerbaren Energien und der dadurch zunehmenden Fluktuation der Stromerzeugung die Versorgungssicherheit gewährleistet werden kann. Zur Diskussion steht die Einführung von Kapazitätsmechanismen zur Ergänzung oder sogar als vollständiger Ersatz klassischer Energy-Only-Märkte. Da es fraglich ist, ob Energy-Only-Märkte langfristig die Versorgungssicherheit garantieren können, sollen Kapazitätsmechanismen sicherstellen, dass es zu ausreichenden Investitionen in den Kraftwerkspark kommt. Auch wenn es bisher keinen stichhaltigen Beleg dafür gibt, dass das derzeitige deutsche Marktsystem den Anforderungen an die Versorgungssicherheit nicht gerecht werden kann, verändert sich durch den massiven Ausbau fluktuierender erneuerbarer Energien die Profitabilität von Investitionen in konventionelle Kraftwerke. Wir stellen deshalb ein mögliches Kapazitätsmarktmodell für Deutschland vor, weisen aber zugleich darauf hin, dass ein derartiges System kurzfristig weder notwendig ist noch für Deutschland isoliert eingeführt werden sollte. Ein umfassender Kapazitätsmechanismus kann, wenn überhaupt, bei zusammenwachsenden Märkten nur auf europäischer Ebene sinnvoll implementiert werden. Für die Übergangsperiode sollte daher das bestehende Marktsystem gegebenenfalls um eine Kaltreserve für Notfälle ergänzt werden. <bold>Summary</bold> The fundamental change of energy policy in Germany (the so-called Energiewende) has lead to a discussion how the security of electricity supply will be affected by the heavily subsidised expansion of electricity generation from renewable energies, as electricity generation from renewable energies is much more fluctuating and, therefore, less reliable than conventional electricity generation plants. The key question is whether capacity mechanisms are needed to complement or even to substitute classical energy only markets. As it is not clear whether energy only markets can guarantee the long-term security of supply, capacity mechanisms are considered to guarantee sufficient investment into generation capacity. Even though there is no solid evidence that the current market system is failing to provide sufficient investment incentives, the deployment of renewable energies changes the profitability of conventional generation plants. Therefore, we discuss a possible capacity market model for Germany, but we also stress the fact that a capacity mechanism should not be introduced in the short term nor should it be implemented in Germany in isolation. Instead, the need for a capacity market needs to be discussed at a European level as energy markets are becoming increasingly integrated. For the transition period, extensions to the current system such as a cold reserve for emergency cases may be more easily implemented. JEL Classification: L94, L51, K23";"Incluido"
"W4407193658";"10.3390/en18030752";"Power Shift: Decarbonization and the New Dynamics of Energy Markets";"Energies";2025;"Ricardo Raineri";"CL";"Power (physics); Dynamics (music); Energy (signal processing); Economics; Environmental science; Economic system";"article";10;"This paper examines the transformative effects of decarbonization on electricity market design, emphasizing the challenges and opportunities posed by the rapid integration of renewable energy sources such as wind and solar. It analyzes the evolution of key wholesale market segments—including day-ahead, real-time, capacity, long-term purchase agreements, ancillary services, and transmission markets—highlighting their critical roles in managing the variability of renewable energy generation through efficient price signals and resource coordination. Variable renewable energy integration introduces significant operational challenges, including overgeneration risks, ramping capacity demands, forecast inaccuracies, and transmission constraints. Addressing these issues requires enhanced market flexibility, dynamic pricing mechanisms, and advanced real-time balancing strategies. This paper assesses these challenges, offering strategies to align generation with demand and optimize market outcomes. As electricity systems evolve, legacy market structures must adapt to incorporate carbon-free resources while maintaining grid reliability and economic sustainability. By exploring case studies such as Chile and California, this paper demonstrates the importance of targeted innovations in market design, regulatory frameworks, and operational technologies. It advocates for a holistic approach to ensure a reliable, affordable, and equitable transition to a decarbonized energy future.";"Incluido"
"W2054994875";"10.3790/verw.47.3.313";"Neues Regulierungsrecht im Anschluss an die Energiewende";"Die Verwaltung";2014;"Michael Fehling";NA;"Renewable energy; Energy law; Environmental economics; Electricity market; Energy security; Feed-in tariff";"article";3;"<bold>New Regulatory Law Following the Transformation of Energy</bold> This article addresses the regulatory framework in German energy law. Because Germany has decided to terminate nuclear energy and switch to renewable energies within a short period of time (the so called “Energy Reform”), it has been necessary to adjust the “Energy Sector Act” and several related statutes and rules. For example, there is a need for a new electricity grid to transport wind energy from the north to industrial and population centres further south. Due to frequently fluctuating weather conditions in the north, the proportion of renewable energy flowing into the electricity grid at any one time varies. As a result, new safeguards need to be put in place to protect the grid’s reliability, stability, and security of supply. The change to a “smart grid” also requires considerable investment in the network infrastructure at all levels. In addition, the regulation of charges for third-party access to the grid must provide incentives for investment both in the grid and in new conventional power plants. Most important, the system of financial support for renewable energy in the “Renewable Energy Act” itself needed to be adjusted to reflect the increasing market share of renewable energy. Some scholars argue that, to address these challenges, German energy regulation has switched from a market-based-approach to a planning approach with increased government control. This article takes a contrary, more nuanced, position. Germany still has no centralized planning for new power plants. The legislator has rejected the “missing-money” theory and adheres to an “energy-only” market. To ensure the stability of the power grid, a very complex regulatory system for feed-in management has been extended but not changed in its basic structure. While there are some new legal restrictions for the closure of conventional power plants to guarantee that there is enough spare (stand-by) capacity, these restrictions are integrated into a system of competitive tendering. To further enhance the market share of renewables, Germany has opted for guaranteed feed-in tariffs. The amended “Renewable Energy Act” now establishes a very complex combination of elements of price and of quantity guidance. The Act does not provide for strict quotas for renewables; instead, the level of financial subsidies for new renewable energy sources will be linked to flexible quotas. In addition, there will be more competitive tendering for new renewables-generation capacity in the future. So the financial promotion of renewable energy will be characterized both by more market flexibility concerning subsidies on the one hand but more state intervention because of quotas on the other hand. The regulation of access charges already changed some years ago from a pure cost-based approach to a revenue cap. Several elements that allow grid operators to refinance investments have already been outside of the efficiency-enhancing regulatory mechanism. Thus, the increase of state intervention is limited fundamentally to the land-use-planning of the new “electricity-highways.” On the consumer level, there neither has been nor is there currently significant regulation. Suppliers are obliged to provide information about their energy mix, empowering consumers to freely decide about the proportion of renewable energies in their energy usage. In sum, the amended German energy law continues to seek to integrate the promotion of renewable energy into a regulatory system based on competition. Financial incentives play a much more prominent role than command and control or state-driven planning. Competitive tendering becomes more and more important. To a large extent the regulatory system is based on engaging companies (grid operators, power plant operators) to take on state tasks (<italic>Indienstnahme Privater</italic>). While this system can amount to a narrowing of the constitutional right to freely exercise a profession, it can be justified because the regulatory system always provides for sufficient financial compensation. In the final analysis, it is the energy end users who must – rightly – bear the costs of the Energy Reform. The difficulty of establishing a completely fair system of burden-sharing between the different groups of energy users does not affect the lawfulness of the other parts of the regulatory system. Energy regulation must connect competition-based market-structures with the enhancement of sustainability. Therefore, in the real world, no allin-one economic approach is available. A combination of planning, financial incentives and more or less artificial markets set up by regulation is needed. The policy question is how to strike the correct balance.";"Incluido"
"W805485517";NA;"Three essays on the economics of renewable energy in small island economies";"University of Birmingham Institutional Research Archive (University of Birmingham)";2015;"Şener Salcı";NA;"Renewable energy; Wind power; Economics; Electricity; Electricity generation; Electricity market";"dissertation";1;"In chapter 1, we introduce mechanism and present results of an integrated investment appraisal of an onshore wind farm for electricity generation in Cape-Verde that is owned and operated by a private investor. From the perspective of the electric utility and the economy, the results of such an ex-ante financial and economic appraisal of wind electricity generation depends critically on one’s view of the expected long-term level of future fossil fuel prices, negotiations of the power purchase agreement (PPA) price and wind capacity factor. In Chapter 2, we investigate the impacts of wind and solar renewable power sources on both electricity generation and planning by employing and applying a cost minimization model in Cyprus. The cost minimization model demonstrates that the use of wind alone and mix of wind and solar power in an electricity generation mix reduces the overall cost of the system. Due to high cost of electricity generation from fuel oil in Cyprus, we conclude that shift toward wind and solar mix of energy sources in Cyprus will have significant impact by means of cost reduction. Therefore, integrating these renewables will essentially contribute to the welfare of Cypriot consumers alongside its environmental and health benefits associated in them. In Chapter 3, we study the impacts of implementing real-time electricity pricing (RTP) in the Cypriot electricity market with and without wind/solar capacities. We use a merit order stack approach to generation investment and operation decisions. Empirical results show that dynamic pricing will increase generation capacity utilization by means of reduction in equilibrium installed capacity reduction and increase in load factors of off-peak plants. These savings are larger at higher demand elasticities. The emissions from electricity generation will potentially increase resulting from increased energy consumption, however. Because wind (solar) availability comes mostly during low (high) demand hours when relatively cleaner (dirtier) plants operate in the system, we find that there is considerable potential for capital cost savings and emission savings from smart metering even with only a small consumer response and at moderate participation in the programme. At the current costs of solar, investing in wind alone will however yield higher bill savings.";"Incluido"
"W3089960586";"10.5547/01956574.42.2.chic";"The Variation in Capacity Remunerations Requirements in European Electricity Markets";"The Energy Journal";2020;"Conor Hickey; Derek W. Bunn; Paul Deane; Celine McInerney; Brian Ó Gallachóir";"IE; GB";"Remuneration; Context (archaeology); Investment (military); Electricity; Economics; Business";"article";6;"This paper provides the first EU wide analysis of the variation in Capacity Remuneration Requirements throughout Europe which aim to resolve the “missing money” problems in various member states. The findings of this analysis point to an asymmetric investment case for gas-fired peaking power plants throughout the EU. Under the assumptions of the European Commission Reference Scenario, pan-European power optimisation and investment models are specified for 2030. The results show that future investment in gas generators will depend on the availability of capacity payments. Capacity remuneration mechanisms can provide this “missing money,” but we show that capacity remuneration requirements vary considerably across countries. We consider and model the impacts of country specific climate policy targets, sovereign risk, capital allowances, corporate taxes and future gas network tariffs on investor returns and therefore remuneration requirements. In the context of harmonised energy trading, this raises questions of how generation adequacy should be achieved, particularly in the context of higher penetrations of renewables.";"Incluido"
"W2520690622";NA;"Capacity mechanisms driving dynamic capacity investment decision making with increased renewable energy sources";"Lirias (KU Leuven)";2013;"Hanspeter Höschle; Dirk Van Hertem";NA;"Electricity market; Renewable energy; Remuneration; Business; Investment (military); Electricity";"conference-paper";1;"Electricity markets face major challenges in Europe. While the generation mix for electricity changes, the current market design might not sufficiently facilitate this change. Increased generation from intermittent renewable energy sources affects the electricity market, potentially endangering security of supply including short-term reliability and long-term system adequacy. The need for flexible generation capacity to balance RES and demand variability has risen and must be addressed by the market design. This paper describes the threats for security of supply resulting from possible market malfunctioning of an energy-only market. It includes a condensed overview of capacity mechanisms as additional remuneration mechanisms to overcome the market flaws and to lower impediments for new investments. As an example, the strategic reserve which is planned for Belgium is discussed with respect to the increased share of RES and beginning nuclear phase out in 2015.";"Incluido"
"W4205985855";"10.1007/s41471-021-00126-4";"Electricity Markets in a Time of Change: A Call to Arms for Business Research";"Schmalenbach Journal of Business Research";2022;"Martin Bichler; Hans Ulrich Buhl; Johannes Knörr; Felipe Maldonado; Paul Schott; Stefan Waldherr; Martin Weibelzahl";"DE; NL";"Electricity; Energy transition; Electricity market; Flexibility (engineering); Electricity retailing; Renewable energy";"article";30;"Abstract Europe’s clean energy transition is imperative to combat climate change and represents an economic opportunity to become independent of fossil fuels. As such, the energy transition has become one of the most important, but also one of the most challenging economic and societal projects today. Electricity systems of the past were characterized by price-inelastic demand and only a small number of large electricity generators. The transition towards intermittent renewable energy sources changes this very paradigm. Future electricity systems will consist of many thousands of electricity generators and consumers that actively participate in markets, offering flexibility to balance variable electricity supply in markets with a high spatial and temporal resolution. These structural changes have ample consequences for market operators, generators, industrial consumers as well as prosumers. While a large body of the literature is devoted to the energy transition in engineering and the natural sciences, it has received relatively little attention in the recent business research literature, even though many of the central challenges for a successful energy transition are at the core of business research. Therefore, we provide an up-to-date overview of key questions in electricity market design and discuss how changes in electricity markets lead to new research challenges in business research disciplines such as accounting, business &amp; information systems engineering, finance, marketing, operations management, operations research, and risk management.";"Incluido"
"W4386276603";"10.2172/1993624";"Price Formation and Grid Operation Impacts from Variable Renewable Energy Resources";NA;2022;"Brittany Tarufelli; Xueqing Sun; Sumitrra Ganguli; Daniel Boff; Abhishek Somani";"US";"Variable renewable energy; Variable (mathematics); Renewable energy; Grid; Natural resource economics; Environmental economics";"report";2;"Variable renewable energy resources (VREs) are zero marginal cost resources that displace more expensive, emissions intensive generators in electricity dispatch, which can affect price formation, revenue sufficiency, reliability, market power mitigation, as well as market design and incentives for participation from other resources.In the literature that analyzes variable renewable energy resources (VRE) impacts on price formation processes, most studies focus on VRE impacts to short-term energy revenues through their locational marginal price effects in electricity markets.While the impacts of VREs on energy prices is a piece of the puzzle, it does not provide the whole picture.In well-functioning electricity markets, low energy prices could signal adequate capacity, or low energy prices could fail to accurately reflect the long-run scarcity value of electricity, affecting investment incentives for needed investment in new generation or maintenance of existing generation.Because of the nuances of low energy prices, in this review we provide an in-depth analysis of VRE impacts on revenue streams from energy, flexibility, and capacity markets, as well as other long-term contract mechanisms to provide a complete assessment of how VREs affect revenue sufficiency in electricity markets.We identify several avenues through which VREs can impact price formation, including VRE impacts on short-term energy prices (day-ahead or real-time market price impacts), price volatility, ancillary service prices, and capacity or other long-term energy prices (capacity market prices or the impact of increasing VRE capacity on energy prices over time), all of which affect revenue sufficiency.Because VREs impact more than just prices in electricity markets, we also consider their impact on reliability, market power monitoring and mitigation, as well as statelevel incentives, other economic trends and market design that both encourage and are adapting to increasing levels of VREs.Last, we consider how distributed energy resources (DERs) including demand response and storage technologies affect the integration of VREs and moderate their impacts.For each avenue, we examine recent electricity market trends and perform an in-depth survey of the literature to fully understand VRE impacts.We recommend several empirical models as well as questions for future research.We find that increasing levels of VREs cause short-term energy prices, on average, to decline, which will be discussed in detail in Section 2.2.1.Zero marginal cost power producers displace power producers with higher fuel costs, reducing energy prices for all market participants.However, price declines vary temporally, geographically, and by the underlying resource portfolio, as the marginal generator displaced by the zero marginal cost resource and underlying market conditions determine the magnitude of price effects.Although short-term energy price impacts are well documented, we identify a need for additional research on the causal effect 1 of VREs, using more recent data from a broader selection of electricity markets, as VREs continue to increase across the United States; we recommend an empirical model to address this need.We also identify future research questions to further analyze the impact of VREs on short-term energy prices considering the impacts of generator outages, out-of-market actions, and transmission congestion.As a caveat, although our analysis of short-term energy prices in this review focuses on VRE impacts on wholesale market prices, emerging research has found that declines in wholesale prices due to VREs may not necessarily lead to declines in retail prices due to the allocation of fixed charges to retail customers (Borenstein et al. 2021), signifying VRE impacts on retail prices as an important area for future research.1 In this research, the term causal effect implies we are determining the cause-and-effect relationship of VREs on electricity prices, controlling for all other confounding factors, using econometric models.";"Incluido"
"W3041543668";"10.5547/01956574.43.5.mbre";"Stranded Asset Risk and Political Uncertainty: The Impact of the Coal Phase-Out on the German Coal Industry";"The Energy Journal";2021;"Miriam Breitenstein; Carl-Philipp Anke; Duc Khuong Nguyen; Thomas Walther";"DE; VN; NL";"Nuclear decommissioning; Coal; Asset (computer security); Renewable energy; Economics; German";"article";24;"We assess the value of stranded coal-fired power plants in Germany in the light of the critical decision to phase them out by 2038. In a Monte Carlo simulation, the scenarios under consideration (slow decommissioning at the end of the technical lifetime in 2061, the highly probable phase-out by 2038, and an accelerated phase-out by 2030) are additionally assigned distributions to display the uncertainty of future developments. The results show an overall stranded asset value of €2.6 billion given the phase-out by 2038 and an additional €11.6 billion if the phase-out is brought forward by 8 years. This study also describes the impacts of carbon pricing and the feed-in from renewable energy sources on the merit order and eventually the deterioration in economic conditions for hard coal and lignite power plants. Lastly, we discuss the immediate concerns for the share prices of the affected companies and help to close the research gap regarding stranded physical and financial assets.";"Incluido"
"W2997755007";"10.3390/electronics9010090";"Degradation Cost Analysis of Li-Ion Batteries in the Capacity Market with Different Degradation Models";"Electronics";2020;"Ahmed Gailani; Maher Al‐Greer; Michael Short; Tracey Crosbie";"GB";"Charge cycle; Battery (electricity); Renewable energy; Profit (economics); Degradation (telecommunications); Reliability engineering";"article";35;"Increased deployment of intermittent renewable energy plants raises concerns about energy security and energy affordability. Capacity markets (CMs) have been implemented to provide investment stability to generators and secure energy generation by reducing the number of shortage hours. The research presented in this paper contributes to answering the question of whether batteries can provide cost effective back up services for one year in this market. The analysis uses an equivalent circuit lithium ion battery model coupled with two degradation models (empirical and semi-empirical) to account for capacity fade during battery lifetime. Depending on the battery’s output power, four de-rating factors of 0.5 h, 1 h, 2 h and 4 h are considered to study which de-rating strategy can result in best economic profit. Two scenarios for the number of shortage hours per year in the CM are predicted based on the energy demand data of Great Britain and recent research. Results show that the estimated battery profit is maximum with 2 h and 1 h de-rating factors and minimum with 4 h and 0.5 h. Depending on the battery degradation model used, battery degradation cost can considerably impact the potential profit if the battery’s temperature is not controlled with adequate thermal management system. The empirical and semi-empirical models predict that the degradation cost is minimum at 5 °C and 25 °C respectively. Moreover, both models predict degradation is minimum at lower battery charge levels. While the battery’s capacity fade can be minimized to make some profits from the CM service, the increased shortage hours can make providing this service not economically viable.";"Incluido"
"W2808535839";"10.2478/pomr-2018-0041";"Increasing Power Supply Safety in the Aspect of Supporting the Renewable Energy Sources by Conventional and Virtual Power Stores";"Polish Maritime Research";2018;"Damian Jakowski; Marek Dzida";"PL";"Renewable energy; Electric energy; Electric power; Environmental economics; Business; Power (physics)";"article";3;"Abstract This paper presents characteristics and purposefulness of supporting the renewable energy sources (OZE) by means of energy stores. The main emphasis was placed on analysis of virtual energy stores available for implementation in Polish economy conditions. A role which management of Demand Side Response (DSR) may play in balancing Polish electric power system, is discussed. Implementation of such solutions together with conventional energy stores may significantly influence power supply safety by assuring continuity of electric power supply at an acceptable price. Involvement of electric power consumers (DSR) should be one of the basic solutions for power markets in Poland and Europe.";"Incluido"
"W2297970530";"10.17192/es2024.0380";"Efficient Promotion of Renewable Energy with Reverse Auctions";"RePEc: Research Papers in Economics";2024;"Sebastian Schäfer; Lisa Schulten";NA;"Net metering; Renewable energy; Common value auction; Call for bids; Subsidy; Business";"preprint";1;"Despite negative experiences with auctioning off subsidies for renewable energy in some countries, tenders are increasingly used today. We develop a reverse auction which accounts for particularities of intermittent renewable energy sources. Determining the quantity, demanded by the regulator, is internalized and directly linked to his two main objectives. On the one hand, the regulator seeks for a high share of renewable energy. On the other hand, he wants to enhance burden sharing between electricity consumers and renewable electricity producers. We further account for asymmetric information in reverse auctions. We analyze incentives for bidders to manipulate the auction outcome and adapt the design to prevent this behavior. Regional features as grid and generating capacity can be considered to optimize the deployment of renewable energy. We thereby introduce a link to fossil capacity auctions.";"Incluido"
"W4244226193";"10.2172/1414901";"Marginal Cost Pricing in a World without Perfect Competition: Implications for Electricity Markets with High Shares of Low Marginal Cost Resources";NA;2017;"Bethany Frew; Kara Clark; Aaron Bloom; Michael Milligan";"US";"Marginal cost; Competition (biology); Economics; Electricity; Microeconomics; Natural resource economics";"report";15;"A common approach to regulating electricity is through auction-based competitive wholesale markets. The goal of this approach is to provide a reliable supply of power at the lowest reasonable cost to the consumer. This necessitates market structures and operating rules that ensure revenue sufficiency for all generators needed for resource adequacy purposes. Wholesale electricity markets employ marginal-cost pricing to provide cost-effective dispatch such that resources are compensated for their operational costs. However, marginal-cost pricing alone cannot guarantee cost recovery outside of perfect competition, and electricity markets have at least six attributes that preclude them from functioning as perfectly competitive markets. These attributes include market power, externalities, public good attributes, lack of storage, wholesale price caps, and ineffective demand curve. Until (and unless) these failures are ameliorated, some form of corrective action(s) will be necessary to improve market efficiency so that prices can correctly reflect the needed level of system reliability. Many of these options necessarily involve some form of administrative or out-of-market actions, such as scarcity pricing, capacity payments, bilateral or other out-of-market contracts, or some hybrid combination. A key focus with these options is to create a connection between the electricity market and long-term reliability/loss-of-load expectation targets, which are inherently disconnected in the native markets because of the aforementioned market failures. The addition of variable generation resources can exacerbate revenue sufficiency and resource adequacy concerns caused by these underlying market failures. Because variable generation resources have near-zero marginal costs, they effectively suppress energy prices and reduce the capacity factors of conventional generators through the merit-order effect in the simplest case of a convex market; non-convexities can also suppress prices.";"Incluido"
"W3170254361";"10.1016/j.eneco.2021.105354";"Decreasing market value of variable renewables can be avoided by policy action";"arXiv (Cornell University)";2020;"Tom Brown; Lina Reichenberg";"DE; SE; FI";"Economics; Revenue; Renewable energy; Subsidy; Market share; Variable (mathematics)";"preprint";119;"Although recent studies have shown that electricity systems with shares of wind and solar above 80% can be affordable, economists have raised concerns about market integration. Correlated generation from variable renewable sources depresses market prices, which can cause wind and solar to cannibalise their own revenues and prevent them from covering their costs from the market. This cannibalisation appears to set limits on the integration of wind and solar, and thus to contradict studies that show that high shares are cost effective. Here we show from theory and with simulation examples how market incentives interact with prices, revenue and costs for renewable electricity systems. The decline in average revenue seen in some recent literature is due to an implicit policy assumption that technologies are forced into the system, whether it be with subsidies or quotas. This decline is mathematically guaranteed regardless of whether the subsidised technology is variable or not. If instead the driving policy is a carbon dioxide cap or tax, wind and solar shares can rise without cannibalising their own market revenue, even at penetrations of wind and solar above 80%. The strong dependence of market value on the policy regime means that market value needs to be used with caution as a measure of market integration. Declining market value is not necessarily a sign of integration problems, but rather a result of policy choices.";"Incluido"
"W4387992498";"10.5547/01956574.45.3.gtho";"Resource Adequacy through Operating Reserve Demand Curves: Design Options and their Impact on the Market Equilibrium";"The Energy Journal";2023;"Georg Thomaßen; Thomas Brückner";"BE; DE";"Economics; Resource (disambiguation); General equilibrium theory; Microeconomics; Supply and demand; Partial equilibrium";"article";2;"Operating reserve demand curves (ORDCs) have become part of the electricity market design in several power systems. They improve the security of supply through enhanced peak prices that occur already when the system is running low on operating reserves, before an actual shortfall occurs. Previous research, however, suggests that the ORDC’s impact on resource adequacy would be thwarted by the merit order effect. Hence, we propose a methodology to model the investment in markets with ORDC, which specifically captures the interaction with renewable deployment. A stylized power system setting is used to determine the market equilibrium at different stages of decarbonization, and compared to a conventional energy-only market. Classical ORDCs consistently increase reliability by attracting additional investments. This effect can be amplified by “shifting” the ORDC, increasing the willingness to pay for balancing reserves. Our results suggest that perfect reliability can be achieved with only moderate cost increases.";"Incluido"
"W2966341089";"10.17863/cam.41237";"Can wholesale electricity prices support “subsidy-free” generation investment in Europe?";"RePEc: Research Papers in Economics";2019;"Chi Kong Chyong; Michael G. Pollitt; R. Cruise";NA;"Renewable energy; Subsidy; Electricity generation; Electricity market; Investment (military); Electricity";"preprint";2;"Using a Pan-European electricity dispatch model we find that with higher variable renewable energy (VRE) production wholesale power prices may no longer serve as a long-run signal for generation investment in 2025. If wind and solar are to be self-financing by 2025 under the current European market design, they would need to be operating in circumstances which combine lower capital cost with higher fossil fuel and/or carbon prices. In the absence of these conditions, long term subsidy mechanisms would need to continue in order to meet European renewable electricity targets. More VRE production will exacerbate the ‘missing money’ problem for conventional generation. Thus, closures of unprofitable fossil fuel generation would sharpen and increase energy-only prices but would put more pressure on ancillary services markets to support system stability. Thus, the question of the need for a market redesign to let the market guide investments in both renewables and conventional generation would seem to remain.";"Incluido"
"W2611779173";"10.1007/s40565-017-0292-1";"Impact of increased renewables on natural gas markets in eastern United States";"Journal of Modern Power Systems and Clean Energy";2017;"Neha Nandakumar; Anuradha M. Annaswamy";"US";"Natural gas prices; Natural gas; Renewable energy; Economics; Volatility (finance); Natural resource economics";"article";12;"This paper explores the market structures of natural gas and electricity as well as the interdependence of natural gas prices and bids with increasing reliance on natural gas as the penetration of renewable energy resources increases in order to complement their intermittencies. In particular, the paper will attempt to answer the following two questions: What could the generation mix look like in 2030 with a renewable-rich generation landscape and how could this impact gas prices? How do gas-fired generator (GFG) generation volatility, their prices, and their bids for gas change between 2015 and 2030 with increased penetration of renewables? In order to answer these questions, computational models are derived using forecasting and regression analysis tools and an auction model.";"Incluido"
"W136828006";NA;"RENEWABLE ENERGY AT WHAT COST? ASSESSING THE EFFECT OF FEED-IN TARIFF POLICIES ON CONSUMER ELECTRICITY PRICES IN THE EUROPEAN UNION";"DigitalGeorgetown (Georgetown University Library)";2012;"Christopher A. Klein";NA;"Tariff; Feed-in tariff; Renewable energy; Electricity; European union; Natural resource economics";"dissertation";3;"M.P.P.";"Incluido"
"W1898027252";"10.1007/s10100-015-0413-8";"ATLANTIS: techno-economic model of the European electricity sector";"Central European Journal of Operations Research";2015;"H. Stigler; Udo Bachhiesl; Gernot Nischler; Gerald Feichtinger";"AT";"Electricity; Renewable energy; Electricity generation; Electricity market; Nuclear power; Shut down";"article";26;"Since the nuclear accident in Fukushima the European electricity economy has been in transition. The ongoing shut down of nuclear power plants and the widespread installation of wind power and photovoltaic generation capacities, especially in Germany, has led to a high share of intermittent renewable electricity production. This high amount of generation with very little variable cost has led to a significant decline of the prices at the European energy exchange. This has meant that many thermal power plants are no longer able to work economically and have already been shut down, although they would be needed in times of high demands and as backup capacities. Therefore, a redesign of the European electricity market is needed and in order to find out the right characteristics and effects of such a redesign pre-investigations based on simulation models are reasonable. This paper introduces ATLANTIS, which is a simulation model of the European electricity economy and covers technical as well as economic and environmental issues and allows the calculation of different scenarios up to 2050 and even beyond regarding the specific characteristics of the electricity economy. After a comprehensive introduction of the model some example applications and an outlook are presented.";"Incluido"
"W4377287002";"10.3390/en16104241";"Capacity Market and Investments in Power Generations: Risk-Averse Decision-Making of Power Producer";"Energies";2023;"Naoki Makimoto; Ryuta Takashima";"JP";"Electricity market; Economics; Microeconomics; Profit (economics); Investment (military); Electricity";"article";2;"The penetration of power generations from renewable energy sources into the power market has a significant impact on the capacity factor of existing power generations. This is because power producers cannot recover a capital cost of power generations with high operating cost possibly due to underinvestment. One solution to address this problem includes a capacity mechanism; that is, the capacities of the power generations can be sold through a market or a bilateral contract. Many schemes of the capacity mechanism have been used worldwide. In this study, we examine an investment in a power plant in both the electricity and capacity markets. The effect of investment opportunity on uncertainty and risk aversion is analyzed by a real options approach that is one of analytical methods for investment decisions under uncertainty. The investment timing for the standard energy-only market is compared with that for the capacity market. When the risk averse for the power producer is relatively small, the income in the energy-only market is obtained whereas, when the risk averse is relatively high, the income is gained in both the electricity and capacity markets for the sake of enough profit.";"Incluido"
"W3171933504";"10.3390/en14113226";"The Effectiveness of Energy Cooperatives Operating on the Capacity Market";"Energies";2021;"Jakub Jasiński; Mariusz Kozakiewicz; Maciej Sołtysik";"PL";"Profitability index; Work (physics); Energy market; Business; Renewable energy; Restructuring";"article";32;"The European Green Deal aims to make Europe the world’s first climate-neutral continent by 2050 by shifting to a clean circular economy, combating biodiversity loss and reducing pollution levels. In Poland, whose economy invariably remains one of the most dependent on coal consumption in Europe, institutional responses to the above EU objectives have taken the shape of energy cooperatives aimed at filling the gaps in the development of the civic dimension of energy on a local scale and the use of potential renewable energy sources in rural areas, including in relation to the agricultural sector. This article is a continuation of the authors’ previous research work, which has so far focused on the analysis of the development of profitability of Polish institutions that fit into the European idea of a “local energy community”, which includes energy cooperatives. In this research paper, they present the results of subsequent research work and analyses performed on the basis of it which, on the one hand, complement the previously developed optimization model with variables concerning actual energy storage and, on the other hand, analyze the profitability of the operation of energy cooperatives in the conditions of the “capacity market”. The latter was actually introduced in Poland at the beginning of 2021. The research took account of the characteristics of energy producers and consumers in rural areas of Poland, the legally defined rules for the operation of the capacity market and the institutional conditions for the operation of energy cooperatives that can use the potential of energy storage. A dedicated mathematical model in mixed integer programming technology was used, enriched with respect to previous research, making it possible to optimize the operation of energy cooperative with the use of actual energy storage (batteries). Conclusions from the research and simulation show that the installation of energy storage only partially minimizes the volume of energy drawn from the grid in periods when fees related to the capacity market are in force (which should be avoided due to higher costs for consumers). The analysis also indicates that a key challenge is the proper parameterization of energy storage.";"Incluido"
"W3170736649";"10.1016/j.apenergy.2021.118194";"How flexible electricity demand stabilizes wind and solar market values: The case of hydrogen electrolyzers";"Applied Energy";2021;"Oliver Ruhnau";"DE";"Renewable energy; Electricity market; Economics; Wind power; Electricity; Market price";"article";92;"Wind and solar energy are often expected to fall victim to their own success: the higher their share in electricity generation, the more their revenue in electricity markets (their “market value”) declines. While market values may converge to zero in conventional power systems, this study argues that “green” hydrogen production can effectively and permanently halt the decline by adding flexible electricity demand in low-price hours. To support this argument, this article further develops the merit order model and uses price duration curves to include flexible hydrogen electrolysis and to derive an analytical formula for the minimum market value of renewables in the long-term market equilibrium. This hydrogen-induced minimum market value is quantified for a wide range of parameters using Monte Carlo simulations and complemented with results from a more detailed numerical electricity market model. It is shown that—due to flexible hydrogen production alone—market values across Europe will likely stabilize above €19 ± 9 MWh−1 for solar energy and above €27 ± 8 MWh−1 for wind energy in 2050 (annual mean estimate ± standard deviation). This is in the range of the projected levelized cost of renewables, and other types of flexible electricity demand may further increase renewable market values. Market-based renewables may hence be within reach.";"Incluido"
"W3017039082";"10.3390/en13081952";"A Generalized Unit Commitment and Economic Dispatch Approach for Analysing the Polish Power System under High Renewable Penetration";"Energies";2020;"Marcin Pluta; Artur Wyrwa; Wojciech Suwała; Janusz Zyśk; Maciej Raczyński; Stanisław Tokarski";"PL";"Dispatchable generation; Electric power system; Renewable energy; Power system simulation; Wind power; Environmental economics";"article";19;"The achievement of carbon neutrality requires a deep transformation of the Polish power sector. This paper analyses the impact of increased electricity generation from wind and solar technologies envisaged in the newest version of the Energy Policy of Poland until 2040 on the operation of dispatchable generators in 2030. The analysis was carried out using the Model of Economic Dispatch and Unit commitment for System Analysis (MEDUSA) model, which solves a mixed integer problem related to unit commitment and economic dispatch in electrical power production. At first, the model was validated based on the real operation data from 2018. Next, five scenarios were built to analyse the operation of the system in 2030. The overall result of the study is that the safest solution from the point of view of power system stability is to extend the decommissioning of coal units of 200 and 300 MW classes, to invest in renewable energy sources (RES) according to the energy policy, to build new gas power plants with the total capacity of ca. 4 GW, and to enforce Demand Side Management (DSM) programs for shifting the electrical load. The proposed framework for the optimization of power system planning helps to avoid wrong investment decisions that would have a negative impact on energy prices.";"Incluido"
"W2623634658";NA;"Revenue Sufficiency and Reliability in a Zero Marginal Cost Future: Preprint";"OSTI OAI (U.S. Department of Energy Office of Scientific and Technical Information)";2016;"Bethany Frew; Michael Milligan; Greg Brinkman; Aaron Bloom; Kara Clark; Paul Denholm";NA;"Preprint; Reliability (semiconductor); Revenue; Marginal revenue; Natural resource economics; Economics";"other";3;"Features of existing wholesale electricity markets, such as administrative pricing rules and policy-based reliability standards, can distort market incentives from allowing generators sufficient opportunities to recover both fixed and variable costs. Moreover, these challenges can be amplified by other factors, including (1) inelastic demand resulting from a lack of price signal clarity, (2) low- or near-zero marginal cost generation, particularly arising from low natural gas fuel prices and variable generation (VG), such as wind and solar, and (3) the variability and uncertainty of this VG. As power systems begin to incorporate higher shares of VG, many questions arise about the suitability of the existing marginal-cost-based price formation, primarily within an energy-only market structure, to ensure the economic viability of resources that might be needed to provide system reliability. This article discusses these questions and provides a summary of completed and ongoing modelling-based work at the National Renewable Energy Laboratory to better understand the impacts of evolving power systems on reliability and revenue sufficiency.";"Incluido"
"W2856989006";"10.1596/1813-9450-8519";"Taking Stock of Wholesale Power Markets In Developing Countries: A Literature Review";"World Bank, Washington, DC eBooks";2018;"Hugh Rudnick; Constantin Velásquez";"CL";"Stock (firearms); Business; Economics; Financial economics; Industrial organization; Commerce";"book";26;"Although many developing countries have yet to meet the considerable prerequisites for establishing wholesale power markets, a significant minority of larger middle-income countries have introduced diverse markets in the past 25 years. Cost-based pools proved particularly popular in Latin America and look to be a more straightforward starting point than the bid-based pools adopted in some other jurisdictions. Successful design of power markets involves paying careful attention to four guiding principles. First, trading arrangements must ensure efficient and reliable operation of the market, efficiently employing available resources not only to balance aggregate supply and demand, but also to allow congestion management and supply ancillary services. Second, market design should ensure strong participation of the demand side of the market, by allowing large customers to participate directly in the market, and medium ones to see spot market prices through time-of-use tariffs. Third, open access to the power grid should be guaranteed through industry restructuring, removal of barriers to entry of different players, and establishment of a neutral system operator. Fourth, a workable framework for supply adequacy is required to ensure capacity meets demand without imposing supply constraints. This may entail complementing efficient energy price signals with other mechanisms (such as auctions and capacity obligations) to provide adequate incentives for investment in new generation capacity. Experience demonstrates that the early stages of establishing power markets can be challenging and necessitate the creation of regulatory mechanisms for market monitoring that can identify and address emerging design flaws, particularly for abuses of market power. Countries not yet ready to introduce wholesale power markets may still benefit from several emerging regional power markets. Looking ahead, the design of power markets is becoming increasingly complex due to the challenges posed by disruptive technologies such as variable renewable energy, large-scale storage, and increasingly sophisticated demand-side participation.";"Incluido"
"W2903250328";"10.2139/ssrn.3146774";"Too Good to Be True? How Time-Inconsistent Renewable Energy Policies Can Deter Investments";"SSRN Electronic Journal";2018;"Nils May; Chiapinelli Olga";"DE";"Incentive; Renewable energy; Software deployment; Economics; Dynamic inconsistency; Energy transition";"preprint";2;NA;"Incluido"
"W2781805365";"10.24251/hicss.2018.326";"The Use of Marginal Energy Costs in the Design of U.S. Capacity Markets";"Proceedings of the ... Annual Hawaii International Conference on System Sciences/Proceedings of the Annual Hawaii International Conference on System Sciences";2018;"Robert Moye; Sean Meyn";NA;"Marginal cost; Incentive; Economics; Microeconomics; Scarcity; Electricity";"conference-paper";7;"This paper surveys the development of marginal cost theories used in the optimal allocation of scarce resources, and examines the application of these theories to current-day electricity capacity markets. The different approaches in use today to ensure grid reliability and incentivize new resources are examined. Market challenges are surveyed, as well as empirical findings that suggest that current market approaches do not provide proper incentives. We conclude that the so-called ""missing money"" is not missing because of defects in market designs, or so-called administrative actions---money to incentivize investments is missing due to a misapplication of marginal cost theory.";"Incluido"
"W4391669440";"10.1016/j.esr.2024.101323";"CO2 reduction potentials and abatement costs of renewables and flexibility options – A linear optimization approach for the German sector-coupled energy system until 2045";"Energy Strategy Reviews";2024;"Steffi Misconel";"IT; DE";"Flexibility (engineering); Renewable energy; Reduction (mathematics); German; Cost reduction; Economics";"article";16;"Exploring pathways for transitioning to clean energy to achieve climate change mitigation goals is essential. Addressing the economic impact of decarbonization options requires strategic planning to determine cost-effective CO2 mitigation strategies. The assessment of marginal CO2 abatement cost curves (MACC) is commonly used to link costs and emission reduction of decarbonization measures, with the cumulative CO2 abatement potential and associated costs. This study aims to calculate a step-wise MACC to identify the most cost-effective order of investments in decarbonization measures for the German sector-coupled energy system from 2030 to 2045. It provides in-depth insights into the techno-economic, intertemporal, and intersectoral interactions of decarbonization options by applying a linear optimization model to determine the minimal cost of CO2 abatement. The results show that the optimal strategy for decarbonization includes expanding wind and solar power capacity, and increasing demand-side flexibility, by integrating battery electric vehicles, power-to-heat, and power-to-gas. Results indicate that the interaction between the decarbonization measures is significant and that the integration of surplus electricity through sector-coupling can significantly reduce curtailment. Overall, the presented step-wise MACC approach can support policymakers in determining the most cost-efficient energy strategy by identifying the optimal technology mix to meet specific climate goals.";"Incluido"
"W4385737834";"10.3390/en16165910";"Energy Price Decoupling and the Split Market Issue";"Energies";2023;"Thomas Weyman–Jones";"GB";"Electricity market; Economics; Marginal cost; Electricity; Renewable energy; Decoupling (probability)";"article";3;"Load scheduling and dispatch by merit order on electricity generation networks has used a wholesale market electricity system operator model focused on system marginal pricing, in which the spot price of electricity at any point in time is equal to the system marginal cost given by the higher value of the price, which rations demand to capacity or the operating cost of the most expensive plant on the system, which is usually a fossil fuel price. This idea has come under challenge because renewable technologies such as wind power farms or solar power farms are treated as having close to zero operating costs. The challenges, under the general heading of energy price decoupling, include suggestions for operating split markets possibly overseen by a regulator, and the prediction that marginal cost pricing should be abandoned. This review evaluates these in terms of their economic impact, relating them to the policy debates on electricity market reform.";"Incluido"
"W4399035886";"10.1016/j.eneco.2024.107639";"Consequences of the missing risk market problem for power system emissions";"Energy Economics";2024;"Emil Dimanchev; Steven A. Gabriel; Lina Reichenberg; Magnus Korpås";"NO; US; SE";"Economics; Natural resource economics; Econometrics; Environmental economics; Environmental science";"article";20;"Liberalized power markets are characterized by a missing market problem: a limited availability of long-term contracts leaves risk-averse investors exposed to uninsured risk. We explore how this problem affects a power system’s capacity mix and overall emissions. For this purpose, we develop a new equilibrium generation expansion model that endogenously captures investors’ risk exposure in incomplete markets. Our approach addresses the problem of multiple equilibria and, partly, the computational burden inherent to such models. We solve our model for an abstract system with gas, wind, solar, and battery storage under demand and gas price uncertainty. The results first show that, when risk markets are missing, investment risk can cause higher emissions and less clean energy investment than what would be implied by a model that omits investment risk. The impact of risk on investment depends only partly on technologies’ capital intensities and largely on how technologies interact at the systems level. We also compare system outcomes with missing long-term markets to the socially optimal case, where risk-averse investors and consumers trade risk via complete long-term markets. In the absence of long-term markets, we observe higher emissions, less investment in renewables and storage, and more investment in gas. These results suggest that long-term market mechanisms for electricity generation and storage may advance climate goals while addressing inefficiencies in current markets.";"Incluido"
"W4322503287";"10.3390/en16052259";"Integrated Policies to Reduce Australia’s Electricity Sector Greenhouse Gas Emissions to Net Zero by 2050";"Energies";2023;"Stephanie Byrom; Geoff Bongers; Paul Dargusch; Andrew Garnett";"AU";"Dispatchable generation; Renewable energy; Greenhouse gas; Electricity market; Environmental economics; Electricity generation";"article";5;"Recent events within the Australian National Electricity Market have demonstrated that the system of an energy-only market (a market that only compensates power that has been produced) is no longer fit for purpose. The rate of change in installed capacity and generation requires better planning to ensure reliability is maintained at the lowest total system cost during the transition to net zero. Australian National Electricity Market participants will need sufficient incentives and confidence to invest in new capacity. This paper assesses a “no constraints” scenario and recommends a range of policy and market mechanisms that could be utilized to achieve a net zero National Electricity Market in Australia by 2050. This paper adopts the perspective of total system cost, which allows multiple factors relating to decision-making to be incorporated. In the absence of a carbon price, this paper seeks to put forward technology-based policy and market mechanisms to incentivise the changes required. The “Modelling Energy and Grid Services” model used in this study has shown that this “no constraints” future grid will need to contain approximately 100 GW of variable renewable energy, almost 20 GW of firm, low-emissions generation, such as carbon capture, utilisation and storage, bioenergy with carbon capture and storage, hydroelectric power, or nuclear power. It will also require more than 10 GW of storage, including pumped hydro energy storage and other energy storage technologies, and over 30 GW of firm, dispatchable peaking plants, including thermal power generation.";"Incluido"
"W2530618644";"10.4233/uuid:9dddbede-5c19-40a9-9024-4dd8cbbe3062";"Security of supply during the energy transition";"Research Repository (Delft University of Technology)";2016;"Pradyumna Bhagwat";NA;"Renewable energy; Business; Portfolio; Context (archaeology); Nameplate capacity; Electricity market";"dissertation";9;"The push for clean energy has caused a rapid growth of renewables in the electricity supply mix of the EU. Although one would assume that the impact of these technologies is entirely positive, recent research and experience indicate that there is reason for concern namely regarding the security of supply. In this context, the concern is how renewable energy sources (RES) affect the business case of conventional power generation. In response to this concern, capacity mechanisms are being considered or have already been implemented by various member states of the EU. However, in a highly interconnected electricity system, such as the one in Europe, there appears to be a risk that the uncoordinated implementation of capacity mechanisms may cause unintended cross-border effects. This research explored the performance of various capacity mechanisms in an electricity system with a strong growth in the portfolio share of variable renewable energy sources (RES). The cross-border effects of implementing various capacity mechanisms in an interconnected power system were also analyzed. In this research, two capacity mechanisms, namely a strategic reserve and a capacity market, were modeled as extensions to the EMLab-Generation agent-based model. Furthermore, two variations of a capacity market were analyzed. The first was a yearly capacity market design and the second was a forward capacity market with long term contracts. A survey of experts on the US capacity markets supplemented the modeling work with practical insights.";"Incluido"
"W3211699996";NA;"Electricity supply industry reform and design of a competitive electricity market in Malaysia";"Oxford University Research Archive (ORA) (University of Oxford)";2021;"Maragatham Kumar; Rahmatallah Poudineh; Amanuddin Shamsuddin";NA;"Electricity market; Electricity retailing; Business; Electric power industry; Electricity; Restructuring";"report";12;"&lt;p&gt;This paper examines electricity supply industry reform in Malaysia and analyses issues and options in relation to electricity market design, integrating distributed resources and incentivising large scale renewable energy deployment in this country. Since the 1990s, Malaysia has been in the process of restructuring its electricity sector with the aim of improving the efficiency, governance, and administration of the sector, maintaining/enhancing the security of electricity supply, and encouraging the growth of low-carbon technologies. The country has faced a number of challenges in all elements across the electricity supply chain and this led to the creation of the Malaysian Electricity Supply Industry (MESI 1.0) reform initiatives, aimed at awarding tenders to competitive independent power producers (IPPs), incentive-based regulation (IBR) with imbalance cost pass through (ICPT), accounting unbundling, and the gradual rationalization of gas subsidies. In the years following MESI 1.0 a range of new industry megatrends emerged– such as digitalization (smart energy network using digital technologies), decentralization (customer participation and integration of distributed resources), and electrification (increase in electricity demand due to electric vehicles and other appliances) –leading to further reform initiatives (MESI 2.0) to make the power sector more efficient, reliable, and sustainable.&lt;/p&gt;\n\n&lt;p&gt;The paper addresses three main research questions:&lt;/p&gt;\n\n&lt;p&gt;1. What is the most suitable reform model for the Malaysian electricity sector which will promote competition, security of supply, and sustainability while at the same time being compatible with the country’s own context and government objectives?\n&lt;/p&gt;2. How does decentralization (distributed generation, storage, demand response, and energy efficiency) affect the Malaysian electricity sector?&lt;/p&gt;\n&lt;p&gt;3. How do renewable support schemes need to be designed and implemented in order to avoid or minimize distortion in the market?&lt;/p&gt;\n&lt;p&gt;The paper addresses each question in a separate chapter and makes detailed policy recommendations about electricity market design, integrating distributed resources and incentivising large scale renewable energy in Malaysia.&lt;/p&gt;";"Incluido"
"W3214587080";"10.2172/1659808";"Impacts of Price Formation Efforts Considering High Renewable Penetration Levels and System Resource Adequacy Targets";NA;2020;"Robin Hytowitz; Bethany Frew; Gord Stephen; Erik Ela; Nikita Singhal; Aaron Bloom; Jessica Lau";"US";"Renewable energy; Renewable resource; Revenue; Incentive; Environmental economics; Resource (disambiguation)";"report";17;"Future markets with very high penetrations of renewable energy could have many low- to zero-cost periods, which would reduce energy revenues for the generation fleet. This can impact the ability of resources that are needed for long-term reliability to recover operating and capital costs. This paper explores the impact of an alternative pricing mechanism, relaxed minimum pricing, on revenue sufficiency on existing and future resource mixes, including those with high penetrations of wind and solar. This study evaluates eight scenarios encompassing three different sensitivity categories: (1) one alternative pricing mechanism versus traditional LMP pricing, (2) high versus low renewable penetration levels, and (3) using a resource mix that has been adjusted to a preset resource adequacy target versus one that contains a full set of resources. Results show renewable penetration has a greater impact on pricing and resulting profits than does the adjusted resource mix, the two pricing methods have modest variations in profits, and prices under the higher renewable penetration case were higher than under low renewable penetration. These conclusions are not intended to be direct predictions for future outcomes but rather to lead to additional research on the impacts of pricing on investment incentives and future resource adequacy targets.";"Incluido"
"W2738950136";"10.1051/epjconf/201714800005";"Power system and market integration of renewable electricity";"EPJ Web of Conferences";2017;"Georg Erdmann";"DE";"Renewable energy; Electricity generation; Electricity; Environmental economics; Profitability index; Photovoltaic system";"conference-paper";3;"This paper addresses problems of power generation markets that arise under high shares of intermittent generation. After discussing the economic fundamentals of wind and photovoltaic investments, the paper introduces the concept of the “Merit order effect of renewables”. According to this concept electricity prices on wholesale power markets become smaller in periods during which large volumes of wind and photovoltaic generation is available and squeeze out relative expensive gas-fired power generation. The merit order effect of renewables has a couple of consequences. Among others it challenges the profitability of conventional power generation. If such generation capacities are still necessary, at least during a transitory period, a capacity mechanism may be put in place that generates an additional stream of income to the operators of conventional power generators. Another consequence of growing intermittent power generation is the need for concepts and technologies that deal with excess generation. Among these concepts are virtual and physical power storage capacities. In the last parts of the paper models are presented that are able to analyze these concepts from an economic point of view.";"Incluido"
"W3166362689";"10.2172/1785331";"Research Priorities and Opportunities in United States Wholesale Electricity Markets";NA;2021;"Yinong Sun; Todd Levin; Jonghwan Kwon; Qingyu Xu; Nikita Singhal; Erik Ela; Zhi Zhou; Cristina Crespo Montañés; Bethany Frew; Robin Hytowitz; Andrew Mills; Majid Heidarifar; Phillip de Mello; Audun Botterud; Benjamin F. Hobbs";"US";"Software deployment; Leverage (statistics); National laboratory; Environmental economics; Renewable energy; Business";"report";19;"The power system is currently undergoing a number of changes, including a rapidly evolving resource mix, growth of distributed energy resources (DERs), more active consumer participation, increased deployment of energy storage and hybrid resources, and more advanced communication and control requirements. These changes in the power system present numerous technical, economic, implementation, and policy challenges and research opportunities for power system operators. To help address these challenges, a collaboration among five research institutions—Argonne National Laboratory, the National Renewable Energy Laboratory, Lawrence Berkeley National Laboratory, the Electric Power Research Institute, and Johns Hopkins University—has been established to provide technical assistance to the seven U.S. Independent System Operators (ISOs) and Regional Transmission Organizations (RTOs). The 3-year project aims to leverage the advanced methods, tools, datasets, and resources of the collaborators to provide robust analytical support to address the high-priority market challenges that will be faced in the 2- to 10-year time horizon.";"Incluido"
"W4220907343";"10.3390/en15072314";"Analyzing Intersectoral Benefits of District Heating in an Integrated Generation and Transmission Expansion Planning Model";"Energies";2022;"Henrik Schwaeppe; Luis Böttcher; Klemens Schumann; Lukas Hein; Philipp Hälsig; Simon Thams; Paula Baquero Lozano; Albert Moser";"DE";"Flexibility (engineering); Grid; Renewable energy; Energy storage; Investment (military); Thermal energy storage";"article";15;"In the field of sector integration, the expansion of district heating (DH) is traditionally discussed with regard to the efficient integration of renewable energy sources (RES) and excess heat. But does DH exclusively benefit from other sectors or does it offer advantages in return? So far, studies have investigated DH only as a closed system or determined intersectoral benefits in a highly aggregated approach. We use and expand an integrated generation and transmission expansion planning model to analyze how the flexibility of DH benefits the energy system and the power transmission grid in particular. First of all, the results confirm former investigations that show DH can be used for efficient RES integration. Total annual system cost can be decreased by expanding DH, due to low investment cost and added flexibility, especially from large-scale heat storage. The high short-term efficiency of heat storage—in combination with electric heating technologies—can be exploited to shift heat demand temporally and, using multiple distributed units, locally to solve electric grid congestion. Although it is unclear whether these results can be replicated in the real world, due to the aggregation and detail of the model, further research in this direction is justified.";"Incluido"
"W3168403086";"10.32479/ijeep.11321";"EVALUATING THE FEED-IN TARIFF POLICY IN THE PHILIPPINES";"International Journal of Energy Economics and Policy";2021;"Joyce Marie Lagac; Josef T. Yap";"GB";"Tariff; Economics; International economics; Natural resource economics";"article";3;"To address the problems of climate change and energy security, the Philippines enacted the Renewable Energy (RE) Act of 2008. The law mandated the Feed-In Tariff (FiT) policy, which was designed to provide a guaranteed fixed price to RE investors for 20 years to develop renewable technology. This paper aims to evaluate the effectiveness of the FiT policy in promoting renewable energy development in the Philippines by assessing its costs and benefits. Data show that while the FiT has led to an increase in RE generating capacity, the share of renewable energy in the country has been declining since 2011. The findings also suggest that the Philippines has incurred a net social cost from its implementation of the FiT. Keywords: Feed-in Tariff, Electricity, Policy Evaluation, Philippines, Renewable Energy JEL Classifications: Q40, Q48 DOI: https://doi.org/10.32479/ijeep.11321";"Incluido"
"W3209709883";"10.1016/j.rser.2021.111720";"Solar, wind and logistic substitution in global energy supply to 2050 – Barriers and implications";"Renewable and Sustainable Energy Reviews";2021;"Robert Lowe; Paul Drummond";"GB";"Substitution (logic); Wind power; Business; Logistic regression; Environmental economics; Natural resource economics";"article";150;NA;"Incluido"
"W2946192470";NA;"On the design of an EU climate and energy policy framework for 2030 - with special reference to renewable energy";"Repository hosted by TU Delft Library (TU Delft)";2014;"J.C. Jansen";NA;"Renewable energy; Energy policy; Energy (signal processing); Climate change; Environmental economics; Political science";"report";1;"-";"Incluido"
"W3153109036";"10.32479/ijeep.10991";"IMPACT OF THE NATURE OF ENERGY MANAGEMENT AND RESPONSES TO POLICIES REGARDING SOLAR AND WIND PRICING: A QUALITATIVE STUDY OF THE AUSTRALIAN ELECTRICITY MARKETS";"International Journal of Energy Economics and Policy";2021;"Yasir Alsaedi; Gurudeo Anand Tularam; Victor Wong";"SA; AU";"Electricity; Renewable energy; Electricity market; Electricity retailing; Wind power; Business";"article";3;"The present study employed various qualitative techniques to investigate the nature and influence of policies and regulations concerning solar and wind pricing on the Australian electricity spot and options markets. The analysis was based on data gathered through interviews conducted with energy managers, chief executive officers and other significant personnel from the Australian electricity industry. The interviewees’ responses regarding the solar and wind policies of relevance to the Australian electricity markets were examined, and the thick and in-depth content data derived from the interviews were used to examine how their views and personal politics influenced pricing within the electricity markets. The results suggest that renewable energy policies lower the electricity prices, reduce the risks for investors and also result in larger deployment mechanisms. Keywords: Electricity pricing, Renewable energy, Energy policies. JEL Classifications: Q13, Q4, Q42 DOI: https://doi.org/10.32479/ijeep.10991";"Incluido"
"W4286675784";"10.2172/1877029";"Price Formation in Zero-Carbon Electricity Markets: The Role of Hydropower";NA;2022;"Zhi Zhou; Audun Botterud; Todd Levin";"US";"Hydroelectricity; Renewable energy; Hydropower; Variable renewable energy; Electricity; Industrial organization";"report";11;"In April 2019, Water Power Technologies Office (WPTO) launched the HydroWIRES Initiative to understand, enable, and improve hydropower and pumped storage hydropower’s (PSH’s) contributions to reliability, resilience, and integration in the rapidly evolving U.S. electricity system. The unique characteristics of hydropower, including PSH, make it well suited to provide a range of storage, generation flexibility, and other grid services to support the cost-effective integration of variable renewable resources. The U.S. electricity system is rapidly evolving, bringing both opportunities and challenges for the hydropower sector. While increasing deployment of variable renewables such as wind and solar have enabled low-cost, clean energy in many U.S. regions, it has also created a need for resources that can store energy or quickly change their operations to ensure a reliable and resilient grid. Hydropower (including PSH) is not only a supplier of bulk, low-cost, renewable energy but also a source of large-scale flexibility and a force multiplier for other renewable power generation sources. Realizing this potential requires innovation in several areas: understanding value drivers for hydropower under evolving system conditions, describing flexible capabilities and associated tradeoffs associated with hydropower meeting system needs, optimizing hydropower operations and planning, and developing innovative technologies that enable hydropower to operate more flexibly.";"Incluido"
"W2791392401";"10.1016/j.renene.2018.01.092";"Barriers to investment in utility-scale variable renewable electricity (VRE) generation projects";"Renewable Energy";2018;"Jing Hu; Robert Harmsen; Wina Crijns‐Graus; Ernst Worrell";"NL";"Variable renewable energy; Renewable energy; Investment (military); Electricity; Environmental economics; Variable (mathematics)";"article";70;"To effectively mitigate climate change, variable renewable electricity (VRE) is expected to substitute a great share of current fossil-fired electricity generation. However, VRE investments can be obstructed by many barriers, endangering the amount of investments needed in order to be consistent with the Paris 2 °C target. To help policy-makers better understand and assess these barriers, an integrated framework was developed. It establishes a clear connection between barriers identified in literature and the investment decision-making process, based on the project life of VRE assets. Barriers in this framework are defined as factors hindering the realization of a positive final investment decision (FID), which can lead to investment withdrawal. Based on this research, we argue that addressing so-called “symptomatic” barriers alone is hardly effective when the “fundamental” barriers remain untouched. It also demonstrates that monetary and fiscal policies can have side-effects on VRE investments. We suggest that a comprehensive policy framework to support VRE should not be solely limited to the narrow context of climate and energy policy, and the electricity market. It should be incorporated in a broader context including monetary and fiscal policies. When re-designing these macroeconomic policies, their potential negative impacts on VRE investments should be considered.";"Incluido"
"W3125599284";"10.22004/ag.econ.126529";"THE HIDDEN SYSTEM COSTS OF WIND GENERATION IN A DEREGULATED ELECTRICITY MARKET";"RePEc: Research Papers in Economics";2011;"Timothy D. Mount; Surin Maneevitjit; Alberto J. Lamadrid; Ray D. Zimmerman; Robert J. Thomas; Mount, Timothy D.; Maneevitjit, Surin; Lamadrid, Alberto J.; Zimmerman, Ray D.; Thomas, Robert J.";NA;"Payment; Reliability (semiconductor); Reserve requirement; Environmental economics; Electricity; Business";"preprint";2;"Earlier research has shown that adding wind capacity to a network can lower the total annual operating cost of meeting a given pattern of loads by displacing conventional generation. At the same time, the variability of wind generation and the need for higher levels of reserve generating capacity to maintain reliability standards impose additional costs on the system that should not be ignored. The important implication for regulators is that the capacity payments [“missing money”] for eachMW of peak system load is now much higher. Hence, the economic benefits to a network of using storage, controllable load and other mechanisms to reduce the peak system load will be higher with high penetrations of wind generation. These potential benefits are illustrated in a case study using a test network and a security constrained OPF with endogenous reserves (SuperOPF). The capabilities of the SuperOPF provide a consistent economic framework for evaluating Operating Reliability in real-time markets and System Adequacy for planning purposes. The scenarios considered make it possible to determine 1) the amount of conventional generating capacity needed to meet the peak system load and maintain System Adequacy, and the amount of wind dispatched, 2) total payments by customers in the Wholesale Market, and the amount of missing money paid to generators to maintain their Financial Adequacy, 3) changes in the congestion rents for transmission that are collected by the system operator, and finally, 4) the total annual system costs paid by customers directly in the Wholesale Market and, indirectly, as missing money. The results show that the benefits (i.e. the reduction in the total annual system costs) from making an investment in wind capacity and/of upgrading a tie line are very sensitive to 1) how much of the inherent variability of wind generation is mitigated, and 2) how the missing money paid to conventional generators is determined (e.g. comparing a regulated market with a deregulated market).";"Incluido"
"W4387516336";NA;"Why the Sustainable Provision of Low-Carbon Electricity Needs Hybrid Markets: The Conceptual Basics";"HAL (Le Centre pour la Communication Scientifique Directe)";2021;"Jan Horst Keppler; Simon Quemin; Marcelo Sagan";"FR";"Electricity; Business; Environmental economics; Carbon fibers; Electricity system; Conceptual framework";"preprint";2;"Deep decarbonization of energy systems poses considerable challenges to electricitymarkets and there is a growing consensus that an energy-only market design based onshort-term marginal cost pricing cannot deliver the adequate levels of investment and longterm coordination across actors and sectors. Based on the vivid example provided by theevolution and adaptations of the European electricity market design, this paper firstdiscusses several shortcomings of energy-only markets and explains how ad-hoc policiesthat intend to address these limits also have limits of their own, notably due to a lack ofsystemwide coordination. Second, it characterizes how deep decarbonization exacerbatesthese issues, raises short- and long-term uncertainty in energy-only markets, and howprivate investment in capital-intensive low-carbon technologies tends to fall short of thesocial optimum. Ambitious emission reduction targets (e.g. net zero by 2050) thus requirean evolution of market design, which we argue should shift towards hybrid market designregimes. The key feature of a hybrid design is the separation of long-term investmentdecisions from short-term operations through a careful and balanced use of competitiveand centralized design elements to coordinate and de-risk investment. Finally, a conceptualanalysis of the evolution of different market designs in a historical perspective shows howhybrid markets constitute the contemporary form of long-run marginal cost pricing that isappropriate for meeting deep decarbonization objectives with radically reduceduncertainty and at least private and social costs.";"Incluido"
"W2899443716";"10.26889/9781784671228";"Electricity sector transition in the national electricity market of Australia";NA;2018;"Farhad Billimoria; Rahmatallah Poudineh";"GB";"Electricity; Electricity market; Electricity retailing; Business; Transition (genetics); Market economy";"report";4;"Australia’s National Electricity Market is an important global test case of the impacts of electricity sector transition in a large-scale liberalized energy-only market. The integration of variable and distributed energy resources has provided opportunities for clean, low-cost generation, but has also challenged existing market frameworks and resulted in a debate about the necessity for new […]";"Incluido"
"W2466379628";"10.1557/mre.2016.6";"Bringing the social costs and benefits of electric energy from photovoltaics versus fossil fuels to light";"MRS Energy & Sustainability";2016;"Carol Olson; Frank Lenzmann";"NL";"Cost of electricity by source; Renewable energy; Electricity; Photovoltaic system; Electricity generation; Photovoltaics";"article";5;NA;"Incluido"
"W2226261725";NA;"Impacts of German energy policies on the competitiveness of national energy intensive industries";"RePEc: Research Papers in Economics";2013;"Robert Beestermöller; Ulrich Fahl";"DE";"German; Energy (signal processing); Business; Energy policy; Economics; Natural resource economics";"preprint";2;"The aim of this paper is to assess the impacts of German energy policies on the competitiveness of national energy intensive industries. The basic idea behind our analysis is that energy policies in Germany create a certain electricity market structure resulting in a certain electricity price, which is a major determinant for the competitiveness of energy intensive industries (e.g. chemicals, paper, aluminum, iron and steel) as energy and electricity constitute a large share in manufacturing costs. The electricity price is the outcome of supply and demand decisions of producers and consumers, with a major supply determinant being the electricity generation technology portfolio. Suboptimal investments within this portfolio are supposed to raise the electricity price and deteriorate the competitiveness of German energy intensive industries. As competitiveness is a relative concept and all world regions are connected via trade, especially in manufacturing, competitiveness occurrences in Germany have direct implications for the competitiveness of energy intensive industries in other European countries, China or the U.S. Our analysis has been motivated by the current discussion about future investment needs of large gas power plants in Germany. Currently, they are crowded out of the electricity market by extensive renewable energy promotion under the German renewable energy law (EEG). This phenomenon is known as the merit-order-effect (Sensfuß et al., 2008). Though, this kind of substitution between electricity generation technologies is in part a desired outcome of that energy and climate policy. But this instant potentially affects the security-of-supply-goal of German and European energy policy, particularly in periods with a low feed-in of renewable energies (high residual load). Gas power plants, like gas turbine or combined cycle gas turbine (CCGT) plants, are essentially employed in periods with a high residual load, because they are the most flexible in terms of adjusting power level (load-following), which is a valuable feature in times of fluctuating wind and solar power. However, gas power plants typically exhibit the highest marginal costs of non-renewable power plants. This poses the question whether the current energy-only market works correctly or not, i.e. whether the electricity price reflects scarcity of peak-load or load-following capacities sufficiently. If it does, investments in gas power plants are redundant, even in periods with a high residual load. If not, the marginal cost based price would be too low to cover the high investment costs (“missing money” problem). Scarcity could lead to temporary price spikes or even blackouts, if grid restrictions rule out electricity imports from other areas. In that case other mechanisms, such as capacity markets, would be needed to also remunerate capacity provision for peak-load or load-following capacities (cf. Finon & Pignon, 2008). In addition, more and more electricity generation takes place in a decentralized manner. Combined heat and power (CHP) plants and self-supply of industry could reduce the need for large gas power plants. It is not clear what this trend means for the average electricity price. In general, large centralized power plants exhibit lower unit costs of electricity generation compared to distributed generation, owing to economies of scale and higher efficiencies. Nevertheless, we are not following the discussion on this kind of issues here. Rather, we take them as a starting point for our analysis and hypothesize that there is underinvestment of large gas power plants. We ask how this specific energy policy situation in Germany affects the average electricity price and how this consequently impacts on the competitiveness of the energy intensive industries in Germany. This is a central question, because manufacturing has become an important determinant for Germany’s recent macroeconomic resilience. Consequently, there is a discussion whether energy intensive industries should be exempted from certain policies in order not to harm their competitiveness. Besides, energy intensive industries also manufacture substantial components for renewable energy technologies (e.g. steel for wind turbines). Evidence on the significance of energy costs for the placement of manufacturing facilities is also given by recent shale gas and oil discoveries in the U.S. and subsequent energy price falls, which have attracted U.S. companies to move their international manufacturing operations back to the U.S. (The Economist, 2013). In a globalized economy, changes of national competitiveness will affect other countries’ competitiveness. We therefore ask who benefits most from the occurring competitiveness shifts and which of the energy intensive sectors is especially affected. For our global economic analysis, a worldwide macroeconomic model is needed, which represents a closed circular flow of income. Therefore we use the NEWAGE model from IER Stuttgart, which is a global multi-sector computable general equilibrium (CGE) model with a detailed representation of the energy sector and disaggregated electricity generation technologies. Due to the total analytical framework of the general equilibrium approach, the interaction of actors on markets of the economy is described in a closed circular flow of income. This allows capturing both direct effects in individual sectors (e.g. electricity) as well as indirect effects (feedback effects) across the economy that are caused by price-induced supply and demand shifts in response to any political intervention. The basic assumption of the general equilibrium approach is perfect competition on all factor and goods markets. Firms buy production factors and sell goods following cost minimization. Consumers buy these goods using their income from selling the production factors following utility maximization. The government imposes taxes and grants subsidies following guidance and fiscal objectives. The equilibrium system is solved for the variables prices, production levels and income. The NEWAGE model is based on the GTAP database and maps the global economy into 10 countries/regions and 16 sectors. The production of goods in the 16 sectors is modeled with CES (constant elasticity of substitution) production functions, where output is produced as a combination of the input factors capital, labor, energy and materials. The degree to which inputs can be substituted for each other is determined by the respective elasticities of substitution, which are based on technical assumptions or taken from the literature. CO2 allowances are an additional input if fossil fuels are used. The assumption of perfect competition may be waived in special markets, as is done for the labor market in NEWAGE to reflect imbalances existing on real labor markets. Therefore, the model considers unemployment, wage rigidities and different grades of labor qualifications (skilled, unskilled). The dynamic approach is recursive-dynamic applying 5-year milestones from 2010 to 2030. Competitiveness can be measured by different indicators, such as trade balance or trade volume per sector and country, or more complex concepts, such as the Relative World Trade Share (RWS) or the Revealed Comparative Advantage (RCA) (see Klepper & Peterson, 2008). The RWTS relates the share of national exports and world exports of a sector to the share of total national and total world exports. The RCA relates the national terms-of-trade of one sector to the total national terms-of-trade. The changes in these indicators reflect the production shifts as a result of changes in the input cost structure of the energy intensive industries, i.e. their competitiveness. For analyzing the impacts of possible underinvestment of large gas power plants on the electricity price in Germany and the competitiveness of national energy intensive industries we conduct scenario analysis in a two-stage approach: 1) Effects of underinvestment in large gas power plants on the electricity price (average price) 2) Effects of electricity price changes on sectoral and national competitiveness of energy intensive industries The first step is to fix the production from new gas power plants to the value of 2010, meaning that there are no further investments than already in place. Then we assess the implications of this constraint for the German electricity price and, as a second step, assess the implications of the electricity price change for the competitiveness of the energy intensive industries in Germany and worldwide. We evaluate these experiments against a reference scenario from 2010 to 2030 where moderate gas power investments still occur, even though there is renewable energy promotion via feed-in tariffs. We calculate impacts for all of the above mentioned competitiveness indicators to check for robustness. The effects are measured in a relative manner, which enables us to control for the arbitrary assumptions of the reference scenario and isolate competitiveness effects. This means that we conduct our analysis producing relative, not absolute results regarding physical or monetary units. Within the general equilibrium approach we are able to capture global adjustment processes responding to the impulse of single sectoral or national policy interventions. Our results indicate which countries in the world profit from these energy constraints in Germany, and which of the energy intensive sectors is particularly affected.";"Incluido"
"W2946136088";"10.3390/en12101944";"Identifying the Drivers of Wind Capacity Additions: The Case of Spain. A Multiequational Approach";"Energies";2019;"Consolación Quintana-Rojo; Fernando E. Callejas-Albiñana; Miguel-Angel Tarancón; Pablo del Rı́o";"ES";"Wind power; Economics; Renewable energy; Econometrics; Electricity; Explanatory power";"article";5;"An abundant volume of literature has been devoted to the analysis of the drivers of renewable electricity capacity additions in general and wind energy in particular. Nevertheless, whereas the direct influence of several explanatory variables has been considered, indirect effects, which refer to impacts of explanatory variables on another explanatory variable which, in turn, influence capacity additions, have been neglected. However, those effects need to be taken into account in order to properly grasp the full influence of the explanatory variables in general, and the policy variable in particular, on capacity additions (whether in wind energy generation or other energy systems). The aim of this paper is to identify the drivers of wind energy capacity additions. Based on data over the 1998–2015 period for Spain, a country with a substantial deployed wind capacity, we estimate a three-stage least squares multiecuational econometric model, which allows the analysis of direct and indirect effects as mediated by their influence on intermediate variables. Our results show that, as expected, wind capacity additions are positively and significantly driven by renewable energy support and negatively driven by the material costs of wind energy. Other variables are related to capacity additions in an indirect manner, i.e., through their influence on intermediate variables, i.e., electricity demand and electricity prices. This includes the positive impact of GDP, wind share, capacity load and price of oil. Others have a negative impact (tax share in the electricity price and electricity transport costs). Finally, no statistically significant relationship can be observed for the risk premium, interest rates and the price of gas. Our findings suggest that the success of renewable energy policy instruments might be contingent upon the level of other variables and, particularly, electricity consumption.";"Incluido"
"W2896610181";"10.26889/9781784671198";"Decarbonized market design";NA;2018;"Farhad Billimoria; Rahmatallah Poudineh";"GB";"Business";"report";3;"In the face of challenges to energy-only market design under the electricity sector transition, an option considered by many jurisdictions is to incorporate some form of centralized capacity mechanism to respond to shortfalls in the market provision. For example, the UK government has already introduced a formal capacity market. In Germany and Belgium, strategic reserve […]";"Incluido"
"W4386308004";"10.5194/gmd-16-4977-2023";"Bidirectional coupling of the long-term integrated assessment model REgional Model of INvestments and Development (REMIND) v3.0.0 with the hourly power sector model Dispatch and Investment Evaluation Tool with Endogenous Renewables (DIETER) v1.0.2";"Geoscientific model development";2023;"Chen Chris Gong; Falko Ueckerdt; Robert Pietzcker; Adrian Odenweller; Wolf-Peter Schill; Martin Kittel; Gunnar Luderer";"DE";"Variable renewable energy; Investment (military); Computer science; Economics; Renewable energy; Econometrics";"article";17;"Abstract. Integrated assessment models (IAMs) are a central tool for the quantitative analysis of climate change mitigation strategies. However, due to their global, cross-sectoral and centennial scope, IAMs cannot explicitly represent the temporal and spatial details required to properly analyze the key role of variable renewable energy (VRE) in decarbonizing the power sector and enabling emission reductions through end-use electrification. In contrast, power sector models (PSMs) can incorporate high spatiotemporal resolutions but tend to have narrower sectoral and geographic scopes and shorter time horizons. To overcome these limitations, here we present a novel methodology: an iterative and fully automated soft-coupling framework that combines the strengths of a long-term IAM and a detailed PSM. The key innovation is that the framework uses the market values of power generations and the capture prices of demand flexibilities in the PSM as price signals that change the capacity and power mix of the IAM. Hence, both models make endogenous investment decisions, leading to a joint solution. We apply the method to Germany in a proof-of-concept study using the IAM REgional Model of INvestments and Development (REMIND) v3.0.0 and the PSM Dispatch and Investment Evaluation Tool with Endogenous Renewables (DIETER) v1.0.2 and confirm the theoretical prediction of almost-full convergence in terms of both decision variables and (shadow) prices. At the end of the iterative process, the absolute model difference between the generation shares of any generator type for any year is &lt; 5 % for a simple configuration (no storage, no flexible demand) under a “proof-of-concept” baseline scenario and 6 %–7 % for a more realistic and detailed configuration (with storage and flexible demand). For the simple configuration, we mathematically show that this coupling scheme corresponds uniquely to an iterative mapping of the Lagrangians of two power sector optimization problems of different time resolutions, which can lead to a comprehensive model convergence of both decision variables and (shadow) prices. The remaining differences in the two models can be explained by a slight mismatch between the standing capacities in the real world and optimal modeling solutions based purely on cost competition. Since our approach is based on fundamental economic principles, it is also applicable to other IAM–PSM pairs.";"Incluido"
"W4386276613";"10.2172/1995800";"Capacity Markets for Transactive Energy Systems";NA;2022;"Brittany Tarufelli; Brent Eldridge; Abhishek Somani";"US";"Transactive memory; Business; Energy (signal processing); Computer science; Knowledge management; Mathematics";"report";4;"Capacity markets provide important incentives for resource adequacy in electricity markets and may become more important for providing sufficient revenue and generation capacity with changes to energy market prices driven by increasing levels of zero marginal cost resources.However, current capacity market designs also have important shortfalls that may limit the benefits they can provide to the future grid.Current capacity markets are primarily designed for participation from conventional thermal generators, but markets are evolving with increasing levels of variable renewable energy resources.However, further reforms may be necessary to enable more participation from distributed energy resources (DERs) and demand-side resources.To understand the benefits and shortfalls of current capacity market design, we review the historical reasons electricity markets have needed capacity markets or capacity payments for resource adequacy, by first examining regulatory pricing policies, then exploring how current capacity market designs may create challenges for incorporating increasing levels of DERs and demand-side resources.We then consider how transactive systems-which allow the coordination of bids and offers for DERs and demand-side resources through a market interaction approach-administered by a distribution system operator (DSO), can address traditional resource adequacy problems due to inelastic consumer demand.We also consider the need for a DSO-level capacity market in helping to meet resource adequacy, reliability, and other electricity market objectives.We find that because the missing money in electricity markets is largely driven by incentives to meet resource adequacy goals, and the bulk grid would always supply power to the DSO, that resource adequacy is unlikely to be a determining factor in the need for a DSO-level capacity market.Many current reliability problems could also be addressed by the incorporation of more flexible demand enabled with transactive energy systems.However, other DSO objectives, including resilience, reactive power, voltage control, environmental policies, and energy equity could lead to specific challenges that could be aided by a DSO-level capacity market.We consider the possibility of a DSO-level capacity market in addressing these challenges, as well as its potential role in coordinating with the independent system operator who operates the wholesale market.We conclude with suggestions for future research, including the need to develop analytical models of DSO-level capacity market designs to address these potential objectives and examine their implications for DSOs and consumers.";"Incluido"
"W4414594686";"10.1016/j.eneco.2026.109213";"Price formation in a highly-renewable, sector-coupled energy system";"Energy Economics";2026;"Julian Geis; Fabian Neumann; Michael Lindner; Philipp Härtel; Tom Brown";"DE";"Economics; Flexibility (engineering); Bidding; Variable renewable energy; Renewable energy; Microeconomics";"article";5;"As variable renewable energy increases and more demand is electrified, we expect price formation in wholesale electricity markets to transition from being dominated by fossil fuel generators to being dominated by the opportunity costs of storage and demand management. In order to analyse this transition, we introduce a new method to investigate price formation based on a mapping from the dual variables of the energy system optimisation problem to the bids and asks of electricity suppliers and consumers. This allows us to build the full supply and demand curves in each hour. We use this method to analyse price formation in a sector-coupled, climate-neutral energy system model for Germany, PyPSA-DE, with high temporal resolution and myopic foresight in 5-year steps from 2020 until full decarbonisation in 2045. We find a clear transition from distinct price levels, corresponding to fossil fuels, to a smoother price curve set by variable renewable energy sources, batteries and electrolysis. Despite higher price volatility, the fully decarbonised system clears with non-zero prices in 75% of all hours. Our results suggest that flexibility and cross-sectoral demand bidding play a vital role in stabilising electricity prices in a climate-neutral future. These findings are highly relevant for guiding investment decisions and informing policy, particularly in support of dynamic pricing, the expansion of energy storage across multiple timescales, and the coordinated development of renewable and flexibility technologies. • Novel mapping of dual variables to bidding curves reveals market clearing dynamics. • Fossil-dominated price setting transitions to opportunity costs of storage and demand in decarbonized system. • Price duration curves evolve from stable price levels to less dominant price levels and smoother transitions. • Flexibility technologies and cross-sectoral demand bidding stabilize electricity prices. • Sector coupling reduces price volatility in climate-neutral energy systems.";"Incluido"
"W2510832929";"10.1016/j.est.2016.08.010";"Maximising the value of electricity storage";"Journal of Energy Storage";2016;"Iain Staffell; Mazda Rustomji";"GB";"Revenue; Arbitrage; Environmental economics; Futures studies; Electricity; Profit (economics)";"article";179;"Grid-scale energy storage promises to reduce the cost of decarbonising electricity, but is not yet economically viable. Either costs must fall, or revenue must be extracted from more of the services that storage provides the electricity system. To help understand the economic prospects for storage, we review the sources of revenue available and the barriers faced in accessing them. We then demonstrate a simple algorithm that maximises the profit from storage providing arbitrage with reserve under both perfect and no foresight, which avoids complex linear programming techniques. This is made open source and freely available to help promote further research. We demonstrate that battery systems in the UK could triple their profits by participating in the reserve market rather than just providing arbitrage. With no foresight of future prices, 75–95% of the optimal profits are gained. In addition, we model a battery combined with a 322 MW wind farm to evaluate the benefits of shifting time of delivery. The revenues currently available are not sufficient to justify the current investment costs for battery technologies, and so further revenue streams and cost reductions are required.";"Incluido"
"W2792100413";"10.1016/j.energy.2018.03.092";"Investment in the future electricity system - An agent-based modelling approach";"Energy";2018;"Oscar Kraan; Gert Jan Kramer; Igor Nikolić";"NL";"Electricity; Renewable energy; Energy transition; Electricity market; Investment decisions; Imperfect";"article";66;"Now that renewable technologies are both technically and commercially mature, the imperfect rational behaviour of investors becomes a critical factor in the future success of the energy transition. Here, we take an agent-based approach to model investor decision making in the electricity sector by modelling investors as actors with different (heterogeneous) anticipations of the future. With only a limited set of assumptions, this generic model replicates the dynamics of the liberalised electricity market of the last decades and points out dynamics that are to be expected as the energy transition progresses. Importantly, these dynamics are emergent properties of the evolving electricity system resulting from actor (investor) behaviour. We have experimented with varying carbon price scenarios and find that incorporating heterogeneous investor behaviour results in a large bandwidth of possible transition pathways, and that the depth of renewables penetration is correlated with the variability of their power generation pattern. Furthermore, a counter-intuitive trend was observed, namely that average profits of investors are seen to increase with carbon prices. These results are a vivid and generic illustration that outcome-based policy cannot be solely based on market instruments that rely on perfect rational and perfectly informed agents.";"Incluido"
"W2593512129";"10.5445/ir/1000065970";"Electricity market design options for promoting low carbon technologies";"Repository KITopen (Karlsruhe Institute of Technology)";2015;"Rupert Hartel; Dogan Keles; Wolf Fïchtner";NA;"Restructuring; Renewable energy; Electricity market; Cost of electricity by source; Industrial organization; Business";"book";4;"The increasing share of electricity production from renewables is achieved by political promotion strategies like feed-in tariffs, which foresee payments for renewables outside of the electricity market. Assuming a phase out of the existing promotion strategies, the question arises if other or additional market design options for promoting low carbon technologies are necessary. In this paper, we have made an assessment based on the literature to identify possible market designs that are focusing on the promotion of low carbon technologies. The discussed options for altering the current market design range from providing greater certainty for future carbon prices, over capacity mechanisms for conventional as well as for renewable energy to a complete restructuring of the market design. The study shows that there seems to be three main tendencies to promote low carbon technologies, namely existing EOM with market add-ons for low carbon technologies, a separate market for low carbon technologies or an overall single market based on levelized costs.";"Incluido"
"W3171638479";"10.1002/2050-7038.12950";"Island mode operation in intelligent microgrid—Extensive analysis of a case study";"International Transactions on Electrical Energy Systems";2021;"B. Hartmann; István Táczi; Attila Talamon; I. Vokony";"HU";"Microgrid; Islanding; Flexibility (engineering); Renewable energy; Reliability engineering; Smart grid";"article";8;"Arguably, the most important challenge nowadays in the energy industry is the utilization of intermittent renewable energy sources. On the one hand, renewable sources are the future in terms of sustainability. While on the other hand, several questions remain unanswered in connection with their day-to-day operation and system integration. Creating microgrids with local control of the distributed energy resources seems to offer solutions but there is a lack of practical experience. Especially in Europe, where a microgrid with islanding capability is connected to a widespread, synchronously operating grid, it is a complicated task, owing to the control methods. In this paper, the technical possibilities are presented, which are necessary to allow island mode operation of a microgrid. The case study discusses a “living lab” in which several energy generation technologies have been deployed thus it is a good representation of future renewable-based microgrids. To support the island operation, numerical calculations and simulations are used to determine power and energy needs of necessary flexibility measures. Basis of the calculations is the year-long data measured on-site. Sizing and operation modes for energy storage and demand-side resources and an architectural scheme are presented. Net present value for all technological options are compared to aid the selection of the best option. A sensitivity analysis is also performed to assess how potential change in various parameters of the economical calculation affect the results. It is shown that provision of uninterruptible power supply and thus island operation of the site can be provided within reasonable techno-economical limits.";"Incluido"
"W7131086772";"10.1016/j.nxener.2026.100532";"Cross-sector barriers and integrated solution pathways for solar, wind and hydropower energy systems";"Next Energy";2026;"Roya Eidi; Daniel Gilmour; M.Ehsan Jorat";"GB";"Software deployment; Renewable energy; Hydropower; Flexibility (engineering); Risk analysis (engineering); Environmental economics";"article";2;"Large-scale deployment of renewable energy systems is central to global decarbonisation strategies, yet integration at high penetration levels remains constrained by interacting technical, economic, infrastructural, and socio-regulatory barriers. Existing review studies typically examine these challenges in isolation or within single-technology silos, limiting system-level prioritisation across renewable technologies. This study presents a semi-systematic integrative review of recent literature (2020–2025) to develop a unified classification framework that links integration barriers with corresponding solution pathways across solar, wind, and hydropower systems. The proposed framework explicitly captures interactions between technical constraints (e.g., intermittency, grid stability, power quality), economic limitations (e.g., capital intensity, financing risk, market design), transportation and storage bottlenecks, and social–regulatory factors. A comparative severity-weighted heat-map is introduced to assess the relative impact of these barriers across technologies, enabling cross-sector prioritisation rather than technology-specific diagnosis. The review synthesises system-level solution pathways, including hybrid renewable configurations, sector-coupled integrated energy systems, advanced storage portfolios, Power-to-X routes, and green hydrogen as a long-duration flexibility vector. Techno-economic optimisation tools such as HOMER are critically assessed as screening-level instruments for hybrid system design, with explicit discussion of their applicability limits under high-renewable, network-constrained conditions. The findings suggest that effective renewable integration is increasingly dependent on the coordinated deployment of flexibility, cross-sector coupling, and coherent policy and market frameworks, rather than incremental technology-specific improvements. By aligning barrier severity with solution pathways across multiple renewable technologies, this review provides practical guidance for policymakers, system planners, and industry stakeholders seeking reliable and cost-effective pathways toward net-zero energy systems.";"Incluido"
"W2328460818";"10.1016/j.tej.2016.02.005";"Wholesale electricity market design with increasing levels of renewable generation: Revenue sufficiency and long-term reliability";"The Electricity Journal";2016;"Michael Milligan; Bethany Frew; Aaron Bloom; Erik Ela; Audun Botterud; Aaron Townsend; Todd Levin";"US";"Variable cost; Revenue; Environmental economics; Renewable energy; Electricity; Electricity market";"article";91;NA;"Incluido"
"W4405475750";"10.3390/en17246342";"Carbon Capture and Storage (CCS) Implementation as a Method of Reducing Emissions from Coal Thermal Power Plants in Poland";"Energies";2024;"Michał Kopacz; Dominika Matuszewska; Piotr Olczak";"PL";"Renewable energy; Electricity generation; Electricity; Energy mix; Environmental economics; Coal";"article";4;"The Polish economy, and especially the energy sector, is facing an energy transformation. For decades, most electricity in Poland has been generated from hard coal, but in recent years, renewable energy sources have been gaining an increasing share of the market. The aim of the energy transformation is to reduce the carbon footprint in electricity production, which translates into the decarbonization of the economy, including manufactured products. Currently (2024), increasing the share of renewable energy sources raises major challenges in terms of energy storage or other activities and forces cooperation with flexible sources of electricity generation. One of the challenges is to determine what a decarbonized energy mix in Poland could look like in 2050, in which there would be sources (with a smaller share of coal sources in the mix than currently) of electricity generation based on hard coal with CCS technology. In order to do this in an economically efficient manner, there are aspects related to the location of power plants that would remain in operation or repower current generating units. The added value of the study is the simulation approach to the analysis of the problem of assessing the effectiveness of CCS technology implementation together with the transport and storage infrastructure, as well as the multi-aspect scenario analysis, which can determine the limits of CCS technology effectiveness for a given power unit. Positive simulation results (NPV amounted to 147 million Euro) and the knowledge obtained in the scope of the correlated and simultaneous impact of many important cost factors and prices of CO2 emission allowances make this analysis and its results close to reality. Examples of analyses of the effectiveness of CCS system implementations known from the literature are most often limited to determining linear relationships of single explanatory variables with a specific forecasted variable, even if these are multifactor mathematical models.";"Incluido"
"W2502284235";"10.2172/1233695";"Electricity Market Manipulation: How Behavioral Modeling Can Help Market Design";NA;2015;"G. Gallo";"US";"Renewable energy; Electricity; Variable renewable energy; Electricity market; Electric power system; Set (abstract data type)";"report";2;"The question of how to best design electricity markets to integrate variable and uncertain renewable energy resources is becoming increasingly important as more renewable energy is added to electric power systems. Current markets were designed based on a set of assumptions that are not always valid in scenarios of high penetrations of renewables. In a future where renewables might have a larger impact on market mechanisms as well as financial outcomes, there is a need for modeling tools and power system modeling software that can provide policy makers and industry actors with more realistic representations of wholesale markets. One option includes using agent-based modeling frameworks. This paper discusses how key elements of current and future wholesale power markets can be modeled using an agent-based approach and how this approach may become a useful paradigm that researchers can employ when studying and planning for power systems of the future.";"Incluido"
"W3100048472";"10.4236/me.2017.84043";"Electricity Market Mechanism regarding the Operational Flexibility of Power Plants";"Modern Economy";2017;"Cem Kiyak; Andreas de Vries";"DE";"Electricity market; Flexibility (engineering); Electricity; Renewable energy; Environmental economics; Spot market";"article";5;"Electricity market mechanisms designed to steer sustainable generation of electricity play an important role for the energy transition intended to mitigate climate change. One of the major problems is to complement volatile renewable energy sources by operationally flexible capacity reserves. In this paper, a proposal is given to determine prices on electricity markets taking into account the operational flexibility of power plants, such that the costs of long-term capacity reserves can be paid by short-term electricity spot markets. For this purpose, a measure of operational flexibility is introduced enabling to compute an inflexibility fee charging each individual power plant on a wholesale electricity spot market. The total sum of inflexibility fees is accumulated on the spot markets and then can be used to finance a capacity mechanism keeping the necessary reserves to warrant grid reliability. Here each reserve power plant then gets a reliable payment depending on its operational flexibility. The proposal is applied to an exemplary small grid, illustrating its main idea and also revealing the caveat that too high fees paradoxically could create incentives to employ highly flexible power plants on the spot market rather than to run them as backup capacity.";"Incluido"
"W2186050878";"10.1016/j.erss.2015.11.002";"Putting an energy system transformation into practice: The case of the German Energiewende";"Energy Research & Social Science";2015;"Eva Schmid; Brigitte Knopf; Anna Pechan";"DE";"Vision; German; Electricity; Electricity system; Energy transition; Economic system";"article";127;NA;"Incluido"
"W4386575418";"10.1016/j.eneco.2023.107011";"High renewable electricity penetration: Marginal curtailment and market failure under “subsidy-free” entry";"Energy Economics";2023;"David Newbery";"GB";"Renewable energy; Electricity; Economics; Subsidy; Electricity market; Natural resource economics";"article";47;"Ambitious plans to decarbonise electricity will require high levels of variable renewable electricity (VRE). At high VRE penetration, the surplus that cannot be exported must be curtailed (spilled). The last MW of wind capacity will be curtailed 3＋time more hours than the average, but even in efficiently designed markets, price signals for VRE investment are given by average, not marginal, curtailment, creating a “tragedy of the commons” that requires a corrective charge to restore efficiency. The paper sets out an analytical model calibrated to Ireland in 2026, showing the source of this distortion and estimates of its magnitude.";"Incluido"
"W4288520605";"10.1051/rees/2022009";"Heading towards democratic and sustainable electricity systems – the example of Austria";"Renewable Energy and Environmental Sustainability";2022;"Reinhard Haas; Hans Auer; Gustav Resch";"AT";"Electricity; Electricity market; Electricity retailing; Flexibility (engineering); Mains electricity; Renewable energy";"article";7;"In recent years rising quantities of electricity generated from new variable renewable energy sources (VRES) have influenced the structure of electricity markets in many countries. The major aim of this work is to investigate the conditions required to head towards a sustainable and more democratic electricity supply system by using even higher amounts of VRES for the example of Austria. The most important result of this investigation is that an approach based on market principles – including flexibility and the final customers – is favourable and will ensure that competition at the service level rather than capacity payments will be the basis for future market designs of the electricity system. The transformation towards a sustainable and more democratic as well as increasingly competitive future electricity supply system is likely to be based on different paradigms of “new thinking”. This means that the fundamental structures of the overall electricity system will change. It will be based on changing from the old inflexible one-way electricity delivery system to a very flexible one with a two or multi-way flow of electricity. Regarding the case study of the Austrian electricity system the major finding is that up to 2030 RES can contribute to electricity generation to the same extent as electricity demand is expected to be. This implies a growth to about 16 TWh Wind (in 2020: 7 TWh) and 12 TWh PV (in 2020: 1 TWh). However, to meet demand on an hourly base over the whole year even after having implemented additional storage capacities and several flexibility measures on the demand-side an amount of about 2 TWh electricity (compared to 10 TWh in 2019) has to be generated from different gas-based power plants (e.g. natural or biomass-based gases).";"Incluido"
"W237520661";NA;"Public Utility and the Low Carbon Future";NA;2014;"William Boyd";"US";"Economics; Public economics; Natural resource economics; Business; Political science";"article";18;"Substantial reductions in global power sector emissions will be needed by midcentury to avoid significant disruption of the climate system. Achieving these reductions will require greatly increased levels of financing, technological innovation, and policy reform. In the United States, the scale and complexity of the overall challenge have raised important questions regarding prevailing regulatory and business models, with much scrutiny directed at the traditional practice of public utility regulation. Recognizing the many valid criticisms leveled against public utility regulation and the important questions raised about the viability of traditional utility business models, particularly in the face of substantial growth in distributed energy resources, this Article argues that a revitalized and expanded notion of public utility has a critical role to play in efforts to decarbonize the power sector in the United States.\nIn making this argument, the Article looks back to an earlier, more expansive concept of public utility as articulated by Progressives, legal realists, and institutional economists in the early twentieth century. This earlier concept of public utility contains valuable insights for dealing with the current challenges of decarbonization. The Article shows how this broader concept of public utility was substantially diminished by a confluence of external challenges and a sustained intellectual assault mounted by economists and lawyers starting in the 1960s. The narrowed understanding of public utility that resulted, it is argued, has distorted our views regarding the role of markets and disruptive technologies in the sector. In fact, basic public utility principles continue to govern a significant amount of activity across the power sector, including in both wholesale and retail electricity markets. And there are important unrealized possibilities embedded within the public utility concept that hold considerable promise for reforming current regulatory and business models in the face of rapid technological change and growing decarbonization imperatives.\nSuch principles and possibilities are particularly important in ongoing efforts to increase renewable energy and finance large low-carbon generation projects. They also hold great promise for ongoing efforts to plan for and optimize the integration of increasingly large amounts of distributed energy resources such as rooftop solar, demand response, and energy storage. Indeed, when one looks at the overall scale, complexity, and sequencing of investments needed to decarbonize the power sector over the coming decades (however it comes to be organized), it is clear that the broad concept of public utility offers essential tools for planning and coordinating such investments over the long time horizons contemplated and for managing a system of increasing complexity. In all of these areas, a more expansive notion of public utility that draws from earlier understandings of the concept provides a normative foundation for efforts to govern a power system that is increasingly complex, participatory, and intelligent, and for managing the sustained, collective effort to channel investment and behavior in a manner necessary to realize a low-carbon future.";"Incluido"
"W4200571089";"10.1016/j.renene.2021.12.081";"Economic analysis of the early market of centralized photovoltaic parks in Sweden";"Renewable Energy";2021;"Johan Lindahl; David Lingfors; Åsa Elmqvist; Ingrid Mignon";"SE";"Photovoltaic system; Cost of electricity by source; Incentive; Electricity; Capital cost; Photovoltaics";"article";44;"Sweden are one of the countries that experience growing installation volumes of Solar photovoltaic. Traditionally, in Sweden, most of the solar photovoltaic investments and policy incentives have focused on distributed photovoltaic systems. Yet, despite limited policy incentives and pessimistic forecasts, an increasing number of centralized photovoltaic parks have been commissioned and plans for substantial new capacities are communicated. Hence, the current paper investigates why. Detailed information about the underlying costs of six PV parks commissioned in 2019 and 2020 in Sweden were obtained by in-depth interviews with stakeholders and were analysed through levelized cost of electricity calculations. We conclude that the unsubsidised levelized cost of electricity ranged from 27.37 to 49.39 €/MWh, with an average of 40.79 €/MWh. This is lower than what are assessed for photovoltaic parks in some recent Swedish electricity system scenario studies. The main reason for the discrepancy is identified to be the assumed interest rates in the system scenario studies and the actual cost of capital experienced in the market. Comparing the levelized cost of electricity values with the market value of solar photovoltaic electricity on the spot market show that four of the six studied parks would be profitable under a merchant business model with the last years spot prices. If the downward price trend continues, Sweden may face an unexpected expansion of photovoltaic parks.";"Incluido"
"W4399655663";"10.1016/j.isci.2024.110246";"Leveraging automotive fuel cells can supply zero-emission peak power in the near-term";"iScience";2024;"Emilia Chojkiewicz; Amol Phadke";"US";"Automotive industry; Fossil fuel; Zero emission; Software deployment; Profitability index; Environmental science";"article";3;"An increasingly decarbonized yet resilient power grid requires the corresponding build-out of dispatchable zero-emission resources to supply peak power. However, there is a recognized dearth of solutions which can serve multi-day peak demand events both cost-effectively and with near-term deployability. Here, we find that pairing low-cost automotive fuel cells with hydrogen storage in salt caverns can serve as a peaker plant at less than 500 US$/kW at present, a fraction of the cost of conventional fossil fuel-fired peakers. We demonstrate the peaker's value for long duration storage by comparing it with pumped hydro and assessing its profitability within Texas' energy-only market region. Although deployment of these peakers is constrained by the presence of salt caverns, we show that a number of sites in the United States and Europe are endowed with suitable salt formations, while utilizing hydrogen storage in pressurized containers could form a location-agnostic peak power solution.";"Incluido"
"W4400141407";"10.2172/2377334";"Grid Value and Cost of Utility-Scale Wind and Solar: &lt;em&gt;Potential Implications for Consumer Electricity Bills&lt;/em&gt; [Slides]";"Lawrence Berkeley National Laboratory";2024;"Ryan Wiser; Mark Bolinger; Dev Millstein; Joachim Seel";"US";"Grid; Electricity; Value (mathematics); Scale (ratio); Environmental economics; Grid parity";"report";1;"Wind and solar cost declines and wholesale power price fluctuations have once again brought the “hedge value” of renewable energy to front of mind. Meanwhile, recent research has found that cost savings are the most persuasive driver of broad support for renewable energy. Yet whether consumers directly benefit from the price hedge that wind and solar can provide depends on various factors, most notably the contractual and market structures under which these generators operate. Drawing upon a vast amount of plant-level empirical data, we quantify the net market value (“net value”) of wind and solar over time and explore various factors that determine the extent to which consumers can capture and benefit from that value. The focus is on elements that may directly impact consumer electricity bills.";"Incluido"
"W4283711520";"10.1002/wene.449";"The decarbonization transition and U.S. electricity markets: Impacts and innovations";"Wiley Interdisciplinary Reviews Energy and Environment";2022;"John P. Banks";"US";"Variable renewable energy; Renewable energy; Business; Industrial organization; Environmental economics; Electricity market";"article";10;"Abstract Several factors in recent years have converged in the U.S. to spur a focused effort on decarbonizing the electricity sector. First, in response to the threat of climate change, policy at all levels of governance is increasingly promoting and incentivizing the deployment of zero carbon solutions, especially variable renewable energy (VRE) sources such as utility‐scale wind and solar PV, as well as distributed energy resources (DERs) such as rooftop solar PV and battery energy storage systems. Second, the costs of these technologies have declined to result in major increases in their market penetration. Finally, in response to greater access to cheaper, clean technology solutions, customers have become more engaged and proactive in their energy choices, both as a way to lower energy costs and to be more environmentally responsible. These de‐carbonization dynamics are impacting electricity markets—those where competition has been introduced (restructured markets), as well as those where vertically integrated utilities maintain a monopoly (regulated markets). For example, increasing penetration of VRE has influenced wholesale market prices, and many of the organized wholesale markets have implemented initiatives to add greater flexibility in their market operations to accommodate larger amounts of VRE. In regulated markets, policy makers and regulators in many states are assessing a variety of changes in the existing regulatory framework to adapt to more DERs. This overview identifies the impacts of more VREs and DERs on each market structure, and describes key adaptations and changes in each market to accommodate these de‐carbonization trends. This article is categorized under: Climate and Environment &gt; Net Zero Planning and Decarbonization Energy and Power Systems &gt; Energy Infrastructure Policy and Economics &gt; Energy Transitions";"Incluido"
"W2963792989";"10.17863/cam.42414";"A Unit Commitment and Economic Dispatch Model of the GB Electricity Market – Formulation and Application to Hydro Pumped Storage";"RePEc: Research Papers in Economics";2019;"C-K. Chyong; David Newbery; T. A. McCarty";NA;"Arbitrage; Revenue; Electricity market; Business; Electricity; Microeconomics";"preprint";5;"We present a well calibrated unit commitment and economic dispatch model of the GB electricity market and applied it to the economic analysis of the four existing hydro pumped storage (PS) stations in GB. We found that with more wind on the system PS arbitrage revenue increases: with every percentage point (p.p) increase in wind capacity the total PS arbitrage profit increases by 0.21 p.p.. However, under a range of wind capacity, the PS’ modelled revenue from price arbitrage is not enough to cover their ongoing fixed costs. Analysing the 2015-18 GB balancing and ancillary services data suggests that PS stations were not active in managing transmission constraints and in fact about 60% of constraint payments went to gas-fired units. However, the PS stations are active in provision of ancillary services such as fast reserve, response and other reserve services with a combined market share of at least 30% in 2018. Stacking up the modelled revenue from price arbitrage with the 2018 balancing and ancillary services revenues against the ongoing fixed costs suggests that the four existing PS stations are profitable. Most of the revenue comes from balancing and ancillary services markets – about 75% – whereas only 25% comes from price arbitrage. However, the revenues will not be enough to cover capex and opex of a new 600 MW PS station. The gap in financing will have to come from balancing and ancillary services market opportunities and less so from purely price arbitrage. Finally, we found that the marginal contribution of most of the existing PS stations to gas and coal plant profitability is negative, while from the system point of view, PS stations do contribute to minimizing the total operating cost.";"Incluido"
"W2338352461";"10.1093/oxrep/grw003";"Electricity in Europe: exiting fossil fuels?";"Oxford Review of Economic Policy";2016;"Richard Green; Iain Staffell";"US; PK";"Electricity; Economics; Fossil fuel; Natural resource economics; Physics; Engineering";"article";72;"There are many options for generating electricity with low carbon emissions, and the electrification of heat and transport can decarbonize energy use across the economy. This places the power sector at the forefront of any move away from fossil fuels, even though fossil-fuelled generators are more dependable and flexible than nuclear reactors or intermittent renewables, and vital for the second-by-second balancing of supply and demand. Renewables tend to supplement, rather than replace, fossil capacity, although output from fossil-fuelled stations will fall and some will have to retire to avoid depressing wholesale power prices. At times of low demand and high renewable output prices can turn negative, but electricity storage, long-distance interconnection, and flexible demand may develop to absorb any excess generation. Simulations for Great Britain show that while coal may be eliminated from the mix within a decade, natural gas has a long-term role in stations with or without carbon capture and storage, depending on its cost and the price of carbon.";"Incluido"
"W3164560063";"10.17863/cam.69993";"Strategic Reserves Versus Market-Wide Capacity Mechanisms";"RePEc: Research Papers in Economics";2021;"Pär Holmberg; Thomas Tangerås";NA;"Electricity market; Electricity; Business; Investment (military); Economic shortage; Natural resource economics";"preprint";1;"Many electricity markets use capacity mechanisms to support generation owners. Capacity payments can mitigate imperfections associated with “missing money” in the spot market and solve transitory capacity shortages caused by investment cycles, regulatory changes, or technology shifts. We discuss capacity mechanisms used in different electricity markets around the world. We argue that strategic reserves, if correctly designed, are likely to be more efficient than market-wide capacity mechanisms. This is especially so in electricity markets that rely on substantial amounts of intermittent generation, hydro power, and energy storage whose available capacity varies with circumstances and is difficult to estimate.";"Incluido"
"W2738129727";"10.22606/ijper.2017.12001";"Promoting Nuclear Energy: Market Pricing or Regulated Tariffs?";"International Journal of Power and Energy Research";2017;"Jacques Percebois";"FR";"Business; Economics; Industrial organization";"article";1;"In Europe, the ability for nuclear power to compete in the energy market is undermined by two interconnected issues: a scheme of guaranteed purchase prices for renewable energy sources (wind and solar) and very low spot market prices. A feed-in tariffs system increases costs to end-users and moreover prompts decreases in the electricity price on the wholesale market. Low spot electricity prices jeopardize conventional power investments, particularly in nuclear energy. Consequently, to redress the balance between nuclear and renewable energy, it is necessary to cut subsidies for renewables and/or to help the nuclear sector through an arrangement, such as ""Contract for Differences"", employed in the United Kingdom. Such a mechanism may guarantee profitability of nuclear investments in the future. This paper presents, in the introduction [1], the specificity of the French electricity sector; it analyses in a second step some ""perverse effects"" due to the ""feed-in tariffs"" mechanism implemented in the European Union, particularly in France because of the system of regulated prices for the end-user [2] and presents then some suggested solutions for restoring the competitiveness of nuclear energy, which is an important goal for France";"Incluido"
"W3044820208";"10.1088/2516-1083/ab9894";"Energy storage in long-term system models: a review of considerations, best practices, and research needs";"Progress in Energy";2020;"John Bistline; Wesley Cole; Giovanni Damato; Joseph F. DeCarolis; Will Frazier; Vikram Linga; Cara Marcy; Chris Namovicz; Kara Podkaminer; Ryan Sims; Manussawee Sukunta; David Young";"US";"Software deployment; Energy storage; Renewable energy; Computer science; Risk analysis (engineering); Scale (ratio)";"article";69;"Abstract Technological change and policy support have heightened expectations for the role of energy storage in power systems, creating a need to enhance representations of energy storage in long-term models to inform decision-making. Energy storage technologies have complex and diverse cost, value, and performance characteristics that make them challenging to model, but there is limited guidance about best practices and research gaps for energy storage analysis. This paper reviews the literature and draws upon our collective experience to provide recommendations to analysts on approaches for representing energy storage in long-term electric sector models, navigating tradeoffs in model development, and identifying research gaps for existing tools and data. The review focuses on national-scale models with technological, temporal, and regional detail given their prevalence in planning and policy, though many insights are transferable to other modeling contexts. It also offers guidance to consumers of model outputs on proper use and interpretation based on model strengths and limitations. In particular, this review demonstrates the importance of capturing how the values of energy storage and other resources change as the system composition changes (e.g. with different levels of storage, renewables deployment, and emissions outcomes). These considerations require model detail like high spatiotemporal resolutions and endogenous investments that global integrated assessment models and price-taker frameworks do not typically resolve. Research gaps include linking tools of different resolutions, developing reduced-form representations of value streams, incorporating hybrid energy storage and renewable systems, and representing longer-duration energy storage technologies.";"Incluido"
"W3216014828";"10.5445/ir/1000140411";"On the Role of Risk Aversion and Market Design in Capacity Expansion Planning";"Repository KITopen (Karlsruhe Institute of Technology)";2021;"Christoph Fraunholz; Kim K. Miskiw; Emil Kraft; Wolf Fïchtner; Christoph S. Weber";NA;"Risk aversion (psychology); Electricity market; Profitability index; Microeconomics; Economics; Interdependence";"book";2;"Investment decisions in competitive power markets are based upon thorough profitability assessments. Thereby, investors typically show a high degree of risk aversion, which is the main argument for capacity mechanisms being implemented around the world. In order to investigate the interdependencies between investors' risk aversion and market design, we extend the agent-based electricity market model PowerACE to account for long-term uncertainties. This allows us to model capacity expansion planning from an agent perspective and with different risk preferences. The enhanced model is then applied in a multi-country case study of the European electricity market. Our results show that assuming risk-averse rather than risk-neutral investors leads to slightly reduced investments in dispatchable capacity, higher wholesale electricity prices, and reduced levels of resource adequacy. These effects are more pronounced in an energy-only market than under a capacity mechanism. Moreover, uncoordinated changes in market design may also lead to negative crossborder effects.";"Incluido"
"W4403546306";"10.1177/01956574241287500";"Efficient Frontiers for Short-term Sales of Spot and Forward Wind Energy in Texas";"The Energy Journal";2024;"Kang Cao; Han Qi; C.K. Woo; Jay Zarnikau; Raymond Li";"HK; CN; US; AU";"Wind power; Spot contract; Economics; Revenue; Forward contract; Portfolio";"article";3;"Texas’s windfarm construction continues unabated, despite wind energy’s cannibalization effect on wind generation’s investment incentive and the rising popularity of short-term wind power purchase agreements (PPAs). Using ERCOT’s monthly data for Jan-2011 to Dec-2021, we develop spot energy price forecasts by time of day (TOD) and their standard deviations to derive the efficient frontiers (EFs) for spot and forward energy sales of a risk-averse windfarm developer under a short-term wind PPA of not more than ten years. These EFs reveal a windfarm’s operating revenue forecast tends to increase with the PPA’s forward energy prices. Further, the windfarm’s revenue risk and forecast move in tandem, akin to the risk-return relationship rooted in Markowitz’s portfolio theory. Hence, the developer tends to sell one hundred percent (&lt;100%) of the windfarm’s energy output at forward energy prices that are above (below) spot energy price forecasts by TOD for recovering wind generation’s levelized cost of energy. JEL Classification: Q41, Q42, Q47, Q48";"Incluido"
"W3150023750";"10.1016/j.rser.2021.111001";"Cost allocation in integrated community energy systems - A review";"Renewable and Sustainable Energy Reviews";2021;"Na Li; Rudi A. Hakvoort; Zofia Lukszo";"NL";"Tariff; Cost allocation; Key (lock); Environmental economics; Electricity; Computer science";"article";74;"Integrated community energy systems (ICESs) emerged in the reform of local energy systems during the energy transition. Cost allocation within an ICES is one of the key issues determining the success of ICESs. The costs should be allocated fairly among the members of a local energy community. However, not much research has been directed towards cost allocation in local energy systems. In this paper, firstly, we compare ICESs with large power systems in terms of their physical and cost structure. Secondly, learning from experience with electricity tariff design, we derive cost allocation approaches for ICESs. To this end, we summarize tariff design objectives, cost allocation procedures and the underlying regulatory principles for major tariffication approaches and discuss how these concepts may be applied to cost allocation in ICESs. Discussions on the lessons learned so far and application issues in ICESs are included in this paper. This review paper paves the way for application of fair cost allocation in ICESs by providing a systemic framework.";"Incluido"
"W2914581153";"10.2172/1493402";"An Introduction to Grid Services: Concepts, Technical Requirements, and Provision from Wind";NA;2019;"Paul Denholm; Yinong Sun; Trieu T. Mai";"US";"Grid; Wind power; Reliability (semiconductor); Hydroelectricity; Computer science; Power grid";"report";70;"As the role of wind energy grows in the U.S. power grid, there is increased interest and requirements for it to provide 'essential reliability' services (historically often referred to as 'ancillary' services). These services are critical to maintaining the reliability and stability of the grid, and historically were provided by large 'synchronous' generators, mainly fossil-fueled and hydroelectric generators. To help evaluate the potential role of wind in providing these services, this report provides an overview of services provided to the grid, including their technical requirements, quantities currently procured, and some estimates of costs. The report also summarizes the technical and regulatory issues around wind providing these services.";"Incluido"
"W1542553160";"10.4324/9781936331864-20";"Building Blocks: Investment in Renewable and Nonrenewable Technologies";NA;2010;"James Bushnell";"US";"Non-renewable resource; Renewable energy; Natural resource economics; Investment (military); Business; Economics";"book-chapter";73;"Although not obvious at first glance, these two trends, restructuring and environmental regulation, share many common ideological roots. In the United States, the growing stringency in air quality regulation was accompanied by an increased acceptance of market-based environmental regulations. These include cap-and-trade mechanisms, such as the program put in place to limit SO2 emissions under the 1990 amendments to the Clean Air Act (Ellerman et al. 2000). Regulators were also interested in experimenting with market-based incentives to promote alternative energy sources. Many trace the birth of the U.S. independent power industry to the passage of the Public Utilities Regulatory Policies Act (PURPA) in 1978.The PURPA legislation established mandates for the purchase of energy produced by qualifying small and renewable sources of generation (Joskow 1997; Kahn 1988). Although inspired largely by environmental and energy security goals, the largest impact of PURPA is arguably in the resulting demonstration of the viability of smaller-capacity generation technologies and the nonutility generator business model.";"Incluido"
"W4214664954";"10.26434/chemrxiv-2022-kdd5s";"Spatial variation in cost of electricity-driven continuous ammonia production in the United States";"ChemRxiv";2022;"Abhishek Bose; Nikifar Lazouski; Michal L. Gala; Karthish Manthiram; Dharik S. Mallapragada";"US";"Cost of electricity by source; Ammonia production; Environmental science; Renewable energy; Tonne; Variable renewable energy";"preprint";4;"Cost-effective, low-carbon ammonia production is necessary for decarbonizing its existing uses, but could also enable decarbonization of other difficult-to-electrify end uses like shipping where energy density is a key criterion. Here, we assess the levelized cost of ammonia production (95% availability) at industrial-scale quantities (250 tonnes/day) in 2030 from integrating commercial technologies for renewable electricity generation, electrolysis, ammonia synthesis and energy storage. Our analysis accounts for the spatial and temporal variability in cost and emissions attributes of electricity supply from variable renewable energy (VRE) sources and the grid, and its implications on plant design, operations, cost and emissions. Based on 2030 technology cost and grid projections, we find that grid-connected ammonia in the midcontinental U.S. costs 0.54-0.64 $/kg, as compared to 0.3-0.4 $/kg for natural gas-based ammonia and depending on the generation mix of the grid, may have higher or lower CO2 emissions. Fully VRE-based ammonia production, even with simultaneous wind and PV utilization, is more expensive than grid connected outcomes, due to the need for storage to manage VRE intermittency and continuous ammonia production. Instead, using VRE and grid electricity for ammonia production under moderate carbon policy (50$/tonne CO2 price) in the midcontinental U.S. can achieve 55-100% CO2 emissions reduction per tonne of ammonia compared to natural gas routes and corresponds to levelized cost range of 0.54-0.63 $/kg NH3). Further cost reductions are shown to be possible if the ammonia synthesis loop can be made more flexible, which reduces the need for round- the-clock electricity supply and the substitute use of battery storage with ammonia storage.";"Incluido"
"W7128599845";"10.3390/technologies14020112";"Resilient Grid Architectures for High Renewable Penetration: Electrical Engineering Strategies for 2030 and Beyond";"Technologies";2026;"Hilmy Awad; Ehab H. E. Bayoumi";"EG";"Dispatchable generation; Modular design; Grid; Renewable energy; Systems engineering; Scalability";"article";5;"The global shift toward decarbonized power systems is driving unprecedented penetration of variable renewable energy sources, especially wind and solar PV. Legacy grid architectures, built around centralized, dispatchable synchronous generation, are ill-suited to manage the bidirectional power flows, reduced inertia, and new stability constraints introduced by inverter-based resources. Existing research offers deep but fragmented insights into individual elements of this transition, such as advanced power electronics, microgrids, or market design, but rarely integrates them into a coherent architectural vision for resilient, high-renewable grids. This review closes that gap by synthesizing technical, architectural, and institutional perspectives into a unified framework for resilient grid design toward 2030 and beyond. First, it traces the evolution from traditional hierarchical grids to smart, prosumer-centric, and modular multi-layer architectures, highlighting the implications for reliability and resilience. Second, it critically examines the core technical challenges of high VRES penetration, including stability, power quality, protection, and operational planning in converter-dominated systems. Third, it reviews the enabling roles of advanced power electronics, hierarchical control and wide-area monitoring, microgrids, and hybrid AC/DC networks. Case studies from Germany, China, and Egypt are used to distil context-dependent pathways and common design principles. Building on these insights, the paper proposes a scalable multi-layer framework spanning physical, data, control, and regulatory/market layers. The framework is intended to guide researchers, planners, and policymakers in designing resilient, converter-dominated grids that are not only technically robust but also economically viable and socially sustainable.";"Incluido"
"W2981302203";"10.1016/j.energy.2019.116367";"The marginal-cost pricing for a competitive wholesale district heating market: A case study in the Netherlands";"Energy";2019;"Wen Liu; Diederik Klip; William Zappa; Sytse Jelles; Gert Jan Kramer; Machteld van den Broek";"NL";"Marginal cost; Investment (military); Revenue; Remuneration; Perfect competition; Business";"article";52;"District heating represents a viable way to reduce carbon dioxide emissions in the built environment. This paper aims to assess the extent to which the market revenues of multiple heat production technologies can cover their fixed costs in a competitive wholesale district heating market. Marginal-cost pricing is applied in a case study of the Netherlands. A linear programming model incorporating heat supply and demand is developed to obtain hourly dispatch and heat market prices. It is concluded that low carbon heat generation technologies tend to have low short-run marginal costs. All examined heat producers have an under-recovery of fixed costs in a range between 60% and 90% except the waste incineration combined heat and power plant. It has an overall return on investment of 44% and 12% within the reference and heat pump scenario respectively. Although marginal-cost pricing may ensure cost-efficient dispatch, the market revenues are far from enough to recoup the investment costs for the majority of the heat producer, let alone the network costs. Significant additional remuneration is required to sustain a competitive heat market and ensure sufficient investment in new generation capacity in the long run.";"Incluido"
"W2803238726";"10.2172/1437346";"IEA Wind TCP Task 26: Impacts of Wind Turbine Technology on the System Value of Wind in Europe";NA;2017;"Eric Lantz; Alberto Dalla Riva; János Hethey; Aisma Vītiņa";"US; DK";"Turbine; Wind power; Grid; Context (archaeology); Renewable energy; Market penetration";"report";18;"This report analyzes the impact of different land-based wind turbine designs on grid integration and related system value and cost. This topic has been studied in a number of previous publications, showing the potential benefits of wind turbine technologies that feature higher capacity factors. Building on the existing literature, this study aims to quantify the effects of different land-based wind turbine designs in the context of a projection of the European power system to 2030. This study contributes with insights on the quantitative effects in a likely European market setup, taking into account the effect of existing infrastructure on both existing conventional and renewable generation capacities. Furthermore, the market effects are put into perspective by comparing cost estimates for deploying different types of turbine design. Although the study focuses on Europe, similar considerations and results can be applied to other power systems with high wind penetration.";"Incluido"
"W2586748461";NA;"Equilibrium Modeling of a Power Market with a Capacity Market Designed to Promote Flexible Capacity";"Duo Research Archive (University of Oslo)";2016;"Petter N Christiansen";NA;"Market power; Power market; Capacity development; Power (physics); Industrial organization; Business";"dissertation";1;"Higher penetration of Renewable Energy Sources (RES) in the European power system has led to reduction in operating hours and revenues for conventional generators with load following capabilities. Therefore it has been argued there is a need for capacity remuneration mechanisms (CRM) to promote these generators. This thesis looks into a suggestion of a capacity market, where flexible generation technologies are paid higher prices for available capacity than less flexible generation technologies. Flexibility is here used as a term describing high ramping rates and short start-up and shut-down time for generators.\n\nThe main objective of this thesis is to develop an equilibrium model of a power market including a two-priced capacity market, with one flexible capacity price paid only to available flexible capacity, and one secondary capacity price paid to all available capacity. The model will be formulated as a mixed complementary problem (MCP). For comparison, a traditional single-priced capacity market and an energy-only market will be modeled. The three market designs will be tested on a one-node system representing the German power market in 2030, with high levels of intermittent RES.\n\nIn the model developed, each electricity producer represents a generation technology. Four producers, under the assumption of perfect competition, are included in the model; Nuclear, Coal, CCGT and OCGT generators. A MCP model has the ability of containing multiple objection functions. Each power producer optimize its profit individually, and the costs for the demand side and system operator are minimized. The two-priced capacity market categorize the producers in two groups:\n\n \tFlexible Producers: CCGT and OCGT\n \tNon-flexible Producers: Nuclear and Coal\n\nThe results and discussion of a base case will compare the installed capacity, load shedding, energy-based and capacity-based prices and revenues of producers of the three market designs. The goal is to see if the two-priced capacity model can promote flexible capacity. Sensitivity analyses are performed on a number of cases, to show the strength of the results from the base case.\n\nIn this thesis, the first known model of a two-priced capacity market is successfully constructed. It shows that this model indeed has the ability to give an advantage in the power market to flexible electricity producer over less flexible producers. Comparing the two-priced capacity market with a traditional single-priced capacity market, it can be concluded that both designs result in equal total capacity installed reaching the wanted capacity reserve margin. However, the two-priced capacity market results in more flexible capacity installed. This work is a foundation of a model of the two-priced capacity market, and future work should expand the model to further investigate the benefits of the two-priced capacity market over traditional capacity market designs. This further work can provide information to the research field and to policymakers to help constructing a power market design fit for a future with high shares of intermittent RES.";"Incluido"
"W2937556860";"10.17863/cam.39728";"Strengths and Weaknesses of the British Market Model";"RePEc: Research Papers in Economics";2019;"David Newbery";NA;"Incentive; Business; Industrial organization; Spare part; Renewable energy; Finance";"preprint";1;"The UK privatized the electricity supply industry from 1989 in the expectation that private ownership and incentive regulation would invest and operate sufficiently more efficiently to offset the higher cost of private finance. This was achieved in the first two decades, assisted by spare capacity, contract-based entry of new efficient and cheap CCGTs, and regulatory pressure on transmission and distribution companies. The climate change imperative to decarbonize requires massive durable and very capital-intensive investment that casts doubt on the liberalised financing model. In the past 30 years, much has been learned about mitigating market power, the failings of an energy-only market, and the potential distortions of poorly designed prices for renewables and tariffs for networks. Innovation has been successfully stimulated though competitions. Efficiency, falling renewable costs and the carbon tax have almost completely driven coal out of the system.";"Incluido"
"W4200553972";"10.2172/1835259";"Big Adaptive Rotor Phase I (Final Report)";NA;2021;"Nick Johnson; Josh Paquette; Pietro Bortolotti; Nicole Mendoza; Mark Bolinger; Ernesto Camarena; Evan Anderson; Brandon Ennis";"US";"Renewable energy; Wind power; Grid; Task (project management); Turbine; Work (physics)";"report";9;"The Big Adaptive Rotor (BAR) project was initiate by DOE in 2018 with the goal of identifying novel technologies that can enable large (>100m) blades for low specific power (SP) turbines. Five distinct tasks were completed to achieve this goal: 1. Assess trends, impacts, and value of low-SP turbines, 2. Wind turbine blade cost reduction roadmap study, 3. Research and Development (R&D) opportunity screening, 4. Detailed design and analysis, and 5. Low-cost carbon fiber. These tasks were completed by the national lab team consisting of Sandia National Laboratories (SNL), the National Renewable Energy Laboratory (NREL), and Lawrence Berkeley National Laboratory (LBNL). The objective of Task 1 was to assess the historical trends of low-SP of onshore deployments, and to assess the impact and value of low-SP turbines. Analysis under this task showed that there is significant value for low-SP turbines, especially in markets where there is a higher saturation of wind energy on the grid. This has to do with the fact that low-SP turbines have increased capacity factors, and can contribute more reliable energy to the grid, even in lower wind conditions. This bodes well as higher renewable scenarios are likely in the coming years. Task 2 was a detailed analysis on the logistical challenges of deploying very large (>100m) onshore blade. This work was completed by experts at DNV-GL. The report looked at various ways to get around the current transportation constraints which are estimated to be around 75m in length. The report concluded that there are viable solutions to this issue including: segmented blades (which the industry is already pursuing), lighter than air (LTA) transportation, on-site manufacturing, and controlled bending of blades on rail. The final option was recommended for further analysis and study by DOE and the national labs because keeping a single piece blade reduces manufacturing and operations and maintenance (O&M) costs. Task 3 focused on identifying novel concepts that are capable of enabling a cost effective 5MW 206m rotor for onshore deployment. The findings from the first two tasks were considered in the analysis, in that the concepts identified must be able to overcome the transportation logistics challenges. Around 20 concepts were identified and evaluated by experts within the industry. Additionally, science and engineering challenges were identified for each concept. Based on these evaluations six concepts were deemed the most impactful and were selected for further analysis in Task 4. The concepts were: highly flexible rail transportable blades, downwind rotors, distributed aerodynamic control (DAC) devices, inflatable blade, bi-wing blade, and 4/5 bladed rotors. Task 4 conducted detailed design, optimization, and analysis on the selected BAR concepts. A modeling gaps analysis was conducted, and modeling improvements were implemented that allowed for the study and design of the novel concepts. The BAR team established a set of baseline designs by which to compare the selected designs through a technoeconomic analysis. It was found that the highly flexible rail transportable blade, the downwind rotor, and the DAC devices have the most promise to deliver the BAR targets. A Phase II for BAR has been proposed to further mature these concepts and address the open science and engineering challenges identified in Task 3. Task 5 conducted research on optimized carbon fiber materials that were used throughout the BAR Phase I project. Overall, the BAR project has identified low-SP turbines as important to continued LCOE reductions for onshore turbines. Furthermore, the project has identified viable solutions to the technical and logistical challenges to realizing these goals. The most promising technologies that were identified in Phase I of the project will be further matured and de-risked in Phase II of the BAR project.";"Incluido"
"W4214560310";"10.1016/j.rser.2022.112228";"Short term wholesale electricity market designs: A review of identified challenges and promising solutions";"Renewable and Sustainable Energy Reviews";2022;"Lina Silva-Rodriguez; Anibal Sanjab; Elena Fumagalli; Ana Virag; Madeleine Gibescu";"NL; BE";"Electricity market; Electricity; Variety (cybernetics); Context (archaeology); Risk analysis (engineering); Renewable energy";"article";51;NA;"Incluido"
"W3048614777";"10.3390/en13164178";"Economic Feasibility of Semi-Underground Pumped Storage Hydropower Plants in Open-Pit Mines";"Energies";2020;"Michael Wessel; Reinhard Madlener; Christoph Hilgers";"DE; NO";"Net present value; Present value; Cash flow; Revenue; Profit (economics); Investment (military)";"article";36;"This work aims at the economic evaluation of a semi-underground pumped hydro storage power plant erected in an abandoned open-pit mine. For the exploratory model-based analysis, we develop and apply both a simple deterministic and a stochastic net present value (NPV) approach, the latter of which uses a Monte Carlo simulation to account for revenue uncertainty from electricity price fluctuations. The analytical framework developed is applied to two promising sites in the Rheinland region in Germany, Hambach and Inden, making reasonable parameter value assumptions and considering and ignoring the lengthy duration of lower reservoir flooding. The investor’s value-at-risk is computed for alternative performance indicators (NPV, net cash recovery, profit-to-investment ratio, and specific production costs) to compare the different outcomes in terms of the project’s financial risk distribution. Calculations show that a semi-underground pumped hydro storage power plant in an abandoned open-pit mine can be constructed at reasonably low investment costs and operated at low specific production costs. However, because the investment has to be made long before the pit lake is (naturally) flooded—a process that for realistic flow rates may take up to 20 years—the project is highly uneconomical and would require substantial subsidies, as compared to a situation where flooding happens immediately.";"Incluido"
"W4389338953";"10.1038/s41560-023-01401-w";"The enduring role of contracts for difference in risk management and market creation for renewables";"Nature Energy";2023;"Philipp Beiter; Jérôme Guillet; Malte Jansen; Elizabeth J. Wilson; Lena Kitzing";"US; GB; DK";"Renewable energy; Business; Industrial organization; Economics; Natural resource economics; Engineering";"article";61;NA;"Incluido"
"W950301090";"10.1016/j.jup.2016.02.002";"A coordinated strategic reserve to safeguard the European energy transition";"Utilities Policy";2016;"Karsten Neuhoff; Jochen Diekmann; Friedrich Kunz; Sophia Rüster; Wolf-Peter Schill; Sebastian Schwenen";"DE";"Safeguard; Transition (genetics); Business; Energy transition; Energy (signal processing); Economic system";"article";53;NA;"Incluido"
"W3123354280";"10.1016/j.eneco.2021.105354";"Decreasing market value of variable renewables can be avoided by policy action";"Energy Economics";2021;"Tom Brown; Lina Reichenberg";"DE; SE; FI";"Revenue; Economics; Subsidy; Renewable energy; Market share; Variable (mathematics)";"article";16;"Although recent studies have shown that electricity systems with shares of wind and solar above 80% can be affordable, economists have raised concerns about market integration. Correlated generation from variable renewable sources depresses market prices, which can cause wind and solar to cannibalise their own revenues and prevent them from covering their costs from the market. This cannibalisation appears to set limits on the integration of wind and solar, and thus to contradict studies that show that high shares are cost effective. Here we show from theory and with simulation examples how market incentives interact with prices, revenue and costs for renewable electricity systems. The decline in average revenue seen in some recent literature is due to an implicit policy assumption that technologies are forced into the system, whether it be with subsidies or quotas. This decline is mathematically guaranteed regardless of whether the subsidised technology is variable or not. If instead the driving policy is a carbon dioxide cap or tax, wind and solar shares can rise without cannibalising their own market revenue, even at penetrations of wind and solar above 80%. The strong dependence of market value on the policy regime means that market value needs to be used with caution as a measure of market integration. Declining market value is not necessarily a sign of integration problems, but rather a result of policy choices.";"Incluido"
"W2972615043";"10.4337/9781788979955.00015";"Lessons from Australia's National Electricity Market 1998-2018: strengths and weaknesses of the reform experience";"Edward Elgar Publishing eBooks";2021;"Paul Simshauser";"AU; GB";"Tariff; Electricity; Politics; Economics; Electricity market; Market economy";"book-chapter";21;"Australia's National Electricity Market (NEM) commenced in 1998. The centrepiece of NEM reforms was the energy-only wholesale market and accompanying forward markets. For most of the past 20 years it has displayed consistent economic and technical performance. But missing policies relating to climate change, natural gas and plant exit recently produced results that tested political tolerances. Piecemeal and random interventions are now following andwill likelyinflame rather than resolve matters, at least over the near term. Network policy failures in the mid-2000s led to sharp regulated tariff increases from 2007 onwards.These policy problems were largely cauterised by 2012,but regulatory timeframes and business inertia meant network tariffsdidn'tstabilize until 2015. The retail market has been forced to deliver sharply rising prices, and,in consequence,the problem of rising prices has been conflated with pricediscrimination;a largely unhelpful development in an otherwise workably competitive market.";"Incluido"
"W2339292001";NA;"A zero-carbon European power system in 2050: proposals for a policy package";"TNO Repository";2010;"Pieter Boot; B. van Bree; Energieonderzoek Centrum Nederland";NA;"Commercialization; Environmental economics; Business case; Business; Outreach; Investment (military)";"report";26;"-";"Incluido"
"W2973164828";"10.1016/j.erss.2019.101278";"Unpacking ‘regime resistance’ in low-carbon transitions: The case of the British Capacity Market";"Energy Research & Social Science";2019;"Matthew Lockwood; Catherine Mitchell; Richard Hoggett";"GB";"Unpacking; Context (archaeology); Electricity; Process tracing; Government (linguistics); Process (computing)";"article";61;"The ability of powerful incumbent actors to resist technological or institutional changes that threaten their vested interests is a core part of the literature on sustainable energy transitions, but more often asserted in general than tested in specific cases. This article presents analysis of a detailed study of the introduction of a Capacity Market (CM) for electricity in Great Britain in the period 2010–2011, using a process tracing approach. The study finds evidence to support the view that large electricity generators have a significant degree of structural power in relation to decision makers, that such companies did lobby the government through the CM policy process, and that the ideas deployed had an effect on the shape of the CM. However, there were also divisions amongst the large generating companies on whether they wanted a CM or not, and what its design should be. We also show that the institutional circumstances of the CM policy process were quite specific, giving opportunities for lobbying that may not be present in other cases. We conclude it is essential to have an analysis of incumbent power that is contingent on institutional context, the specific nature of interests and the deployment of ideas. To counter incumbent power and structural dependency during sustainable energy transformation, an independent but legitimate body is needed to the direction of policy.";"Incluido"
"W4385621297";"10.1016/j.enconman.2023.117458";"Grid-supported electrolytic hydrogen production: Cost and climate impact using dynamic emission factors";"Energy Conversion and Management";2023;"Linus Engstam; Leandro Janke; Cecilia Sundberg; Åke Nordberg";"SE; DE";"Environmental science; Electricity; Marginal cost; Bidding; Renewable energy; Wind power";"article";40;"Hydrogen production based on a combination of intermittent renewables and grid electricity is a promising approach for reducing emissions in hard-to-decarbonise sectors at lower costs. However, for such a configuration to provide climate benefits it is crucial to ensure that the grid electricity consumed in the process is derived from low-carbon sources. This paper examined the use of hourly grid emission factors (EFs) to more accurately determine the short-term climate impact of dynamically operated electrolysers. A model of the interconnected northern European electricity system was developed and used to calculate average grid-mix and marginal EFs for the four bidding zones in Sweden. Operating a 10 MW electrolyser using a combination of onshore wind and grid electricity was found to decrease the levelised cost of hydrogen (LCOH) to 2.40–3.63 €/kgH2 compared with 4.68 €/kgH2 for wind-only operation. A trade-off between LCOH and short-term climate impact was revealed as specific marginal emissions could exceed 20 kgCO2eq/kgH2 at minimum LCOH. Both an emission-minimising operating strategy and an increased wind-to-electrolyser ratio was found to manage this trade-off by enabling simultaneous cost and emission reductions, lowering the marginal carbon abatement cost (CAC) from 276.8 €/tCO2eq for wind-only operation to a minimum of 222.7 and 119.3 €/tCO2eq respectively. Both EF and LCOH variations were also identified between the bidding zones but with no notable impact on the marginal CAC. When using average grid-mix emission factors, the climate impact was low and the CAC could be reduced to 71.3–200.0 €/tCO2eq. In relation to proposed EU policy it was demonstrated that abiding by hourly renewable temporal matching principles could ensure low marginal emissions at current levels of fossil fuels in the electricity mix.";"Incluido"
"W3124518739";"10.1016/j.eneco.2021.105637";"Efficient pricing of electricity revisited";"Energy Economics";2021;"Mathias Mier";"DE";"Renewable energy; Incentive; Electricity; Electricity market; Microeconomics; Economics";"article";1;NA;"Incluido"
"W3093382414";"10.1016/j.enpol.2020.111926";"The Swiss energy transition: Policies to address the Energy Trilemma";"Energy Policy";2020;"Olga Weiß; Giacomo Pareschi; Gil Georges; Konstantinos Boulouchos";"CH";"Trilemma; Environmental economics; Sustainability; Energy transition; Electricity; Energy supply";"article";59;"We present a power market model that couples short-term electricity markets of five interconnected countries: Switzerland, Austria, Germany, Italy and France. The model simulates the Swiss energy transition. It examines the impact of international (carbon taxation, fuel prices and the expansion of cross-border transmission capacities) and national policies both on short-term operation and long-term evolution of Swiss electricity supply, CO2 emissions, consumer costs and security of supply. The study shows the importance of understanding the interplay of policies and market players to achieve the decarbonization goals effectively. We simulate three national scenarios (Reference, RES+, NUC+), which differ in RES support and nuclear phase-out plans. We compare them along the dimensions of the Energy Trilemma prism: sustainability (CO2 emissions), affordability (costs to the consumer) and security of supply. The Reference scenario results in the highest CO2 emissions. Boosting solar via increased RES support in the RES + scenario reduces CO2 emissions, but increases costs to consumers. NUC + scenario provides the highest CO2 savings potential and the lowest costs to consumers. However, the nuclear extension would need to obtain regulatory or social approval. All scenarios prove a need for a Strategic Reserve to ensure compliance with the legal security of supply criteria.";"Incluido"
"W2568238829";"10.1016/j.erss.2016.12.009";"Electricity security in the European Union—The conflict between national Capacity Mechanisms and the Single Market";"Energy Research & Social Science";2017;"Graeme Hawker; Keith Bell; Simon Gill";"GB";"Scarcity; Electricity market; Electricity; Competition (biology); Investment (military); Business";"article";61;NA;"Incluido"
"W4391025024";"10.3390/en17020496";"Scenario Development for Evaluating Carbon Capture and Utilization Concepts Using Steel Mill Exhaust Gases with Linear Optimization Models";"Energies";2024;"Matthias Sadlowski; Chae Eon Lim";"DE";"Boom; Key (lock); Computer science; Greenhouse gas; Renewable energy; Biochemical engineering";"article";2;"Utilizing exhaust gases from the steel mill generation to produce chemicals presents a promising avenue for carbon capture and utilization (CCU) concepts. Employing a model-based mathematical approach, specifically mixed-integer linear programming (MILP), enables the identification of optimal production concepts. To evaluate the long-term feasibility under uncertain future conditions, the construction of hypothetical scenarios to depict possible future states is necessary. This study introduces novel and tailored scenarios for a specific CCU concept aimed at producing methanol, ammonia, urea and/or acetic acid from steel mill exhaust gases by the year 2040 to enhance decision-making processes for identifying the optimal concept. These scenarios provide comprehensive insights into potential future conditions, spanning technical, economic and ecological domains. Unlike prior studies that focus on individual key factors, this approach involves analyzing the interactions of 24 identified key factors within the investigated CCU concept. The method yields five distinct scenarios: (1) Business as Usual (BAU), (2) CO2 Reduction and Renewable Energy Target (RE-Boom), (3) Technical Improvement and Market Booming (Market-Boom), (4) Energy and Market Crisis (Crisis) and (5) Hydrogen Booming (H2-Boom). These five scenarios can be directly integrated into MILP models, enhancing the significance of the optimization results for identifying the optimal CCU concept.";"Incluido"
"W4400594606";"10.69955/ajoeee.2023.v3i2.50";"Performance Analysis of Different Grid Substations with Demand-Side-Management-Based Optimal Power Usage";"Asian Journal of Electrical and Electronic Engineering.";2023;"Farhad Uddin; Dilip Kumar Tripura; Syed Munimus Salam; Muhammad Mahbubur Rashid";"BD; MY";"Grid; Computer science; Electric power transmission; Renewable energy; Reliability engineering; Schematic";"article";1;"This study is centered on analyzing the performance of two power grid stations in the southern grid zone of Bangladesh. Additionally, it encompasses the effect of a demand-side management simulation of grid line operation. Firstly, this paper briefly discusses the grid circle's interconnected grid system and the serving districts' generation capacity. An analysis of schematic diagrams and an examination of the current substations and transmission cables in place has been conducted. The maximum load research has been addressed at several significant grid sub-stations, examining the capacity of a specific grid zone and determining the necessity for expanding the corresponding grid infrastructure. This study presents a comprehensive analysis of the DSM employed in the grid substation, as well as an examination of the various possibilities of renewable energy installations within it. Additionally, this study encompasses the investigation of power transmission and the accompanying structures employed for transmission, as well as the analysis of the estimation technique and any other interconnected domains.";"Incluido"
"W2920632063";"10.1016/j.esr.2019.01.003";"The future relevance of electricity balancing markets in Europe - A 2030 case study";"Energy Strategy Reviews";2019;"André Ortner; Gerhard Totschnig";"AT";"Variable renewable energy; Electricity; Electricity market; Context (archaeology); Revenue; Economics";"article";55;"In the context of an increasing share of variable renewable electricity in the European generation mix the question arises to what extent electricity balancing markets will gain importance in the future. On the one hand, forecast errors of variable renewable electricity drive demand for balancing. On the other hand, transmission system operators across Europe progressively coordinate their actions in order to increase efficiency of balancing markets and thus mitigate the rise of imbalances. Against the background of uncertain future framework conditions, i.e. market design and the level of market integration, this paper aims to assess the relevance of electricity balancing markets across Europe for a set of scenarios in a 2030 context. We apply an established large-scale electricity market model of Europe to derive quantitative insights on market shares and revenues from day-ahead, intra-day and balancing markets. The results show that although the amount of balancing energy is expected to increase in the mid-term, the monetary volume of electricity balancing markets will still lay in the range of a few percent of day-ahead market volumes. The results also confirm that the relevance of this market segment is considerably impacted by the development of framework conditions, which also have distinct impacts on different countries and technologies.";"Incluido"
"W3113542078";"10.1109/access.2020.3047885";"A Permissioned Blockchain System to Reduce Peak Demand in Residential Communities via Energy Trading: A Real-World Case Study";"IEEE Access";2020;"Shivam Saxena; Hany E. Z. Farag; Aidan Brookson; Hjalmar Turesson; Henry Kim";"CA";"Blockchain; Computer science; Computer security";"article";45;"Residential energy trading systems (RETS) enable homeowners with distributed energy resources (DERs) to participate in virtualized energy markets that have the potential to reduce the peak demand of residential communities. Blockchains are key enablers of RETS, by virtue of providing a decentralized, self-governed network that mitigates concerns regarding privacy and transparency. However, more real-world case studies are needed to evaluate the techno-economic viability of blockchain-based RETS to improve their positive uptake. Thus, this article develops a permissioned blockchain-based RETS, which enables homeowners to select bidding strategies that consider the individual preferences of their DERs, and further evaluates the impact of the bidding strategies on reducing the peak demand of the community. The proposed system is implemented on the permissioned Hyperledger Fabric platform, where a decentralized ledger is used to store all energy bids, and a smart contract is used to execute a double auction mechanism and dispatch the homeowner DERs. The proposed system is validated by conducting simulations on a 8-home community using real-world data, and also by deploying the system to a Canadian microgrid, where the smart contract execution time is benchmarked. Simulation results demonstrate the efficacy of the proposed system by achieving a peak demand reduction of up to 48 kW (62%), which leads to an average savings of $1.02 M for the distribution system operator by avoiding transformer upgrades. Also, the simulation results show that the execution time of the proposed smart contract is 17.12 seconds across 12 nodes, which is sufficient for RETS.";"Incluido"
"W7154219840";"10.17863/cam.129391";"Are Gas Turbines ‘Bankable’ in Transitioning Energy-Only Markets?";"Apollo (University of Cambridge)";2025;"P. Simshauser";NA;"Economics; Electricity market; Scarcity; Spot market; Revenue; Electricity";"report";0;"From their inception, the energy-only electricity market design has been characterised by policymaker concerns of resource adequacy. Spot market price ceilings set too low and lacking a clear nexus with reliability criteria, capricious regulatory interference into otherwise legitimate scarcity pricing events, and a lack of demand-side participation are all thought to make the task of timely entry of requisite reserve plant intractable, and therefore ‘un-bankable’. The manifestly random nature of peaking plant spot market revenues are said to have been amplified by the ‘merit order effects’ associated following the entry of near zero marginal cost intermittent renewables en-masse. Large structural LP utility planning models may produce reliable forecasts of market averages, but struggle to replicate ex ante what will be an energy-only markets’ high-end volatility, ex post. The latter frequently underpins entry frictions facing peaking gas turbines. In this article, a stochastic block bootstrapping modelling framework is applied to Australia’s energy-only National Electricity Market setting – where the spot market price ceiling does have a tight nexus with the reliability criteria. The market is also characterised by looming coal plant retirements. While reliance on spot market revenues proves problematic for bankability purposes, when combined with cap derivatives from the forward markets, a tractable result emerges.";"Incluido"
"W4408404996";"10.1016/j.energy.2025.135608";"Energy potential and economic viability of small-scale wind turbines";"Energy";2025;"Jakub Jurasz; Bogdan Bochenek; Joanna Wieczorek; Adam Jaczewski; Alexander Kies; Mariusz Figurski";"PL; DK; DE; ZA";"Wind power; Scale (ratio); Environmental science; Energy (signal processing); Marine engineering; Natural resource economics";"article";19;"Small-scale wind turbines (SWTs) have the potential to complement residential PV systems, but their feasibility is highly dependent on local wind conditions, particularly at low elevations where wind resources exhibit high spatial and temporal variability. This study evaluates SWT potential in Poland (Central Europe) using hourly wind speed measurements over six years from 269 gauging stations. A generic power curve is applied to assess wind energy generation at 173 sites with sufficient data completeness (>95 %). The economic viability of SWTs is analyzed through levelized cost of electricity (LCOE), capture price, and self-consumption, with the latter two serving as key indicators for investors exposed to dynamic (day-ahead) electricity market prices. The results reveal that only 13 sites (7.5 %) achieve a capacity factor above 10 %, a threshold comparable to PV systems. Additionally, SWTs and PV exhibit low daily complementarity, as both technologies tend to have coinciding generation peaks around midday, which limits their combined effectiveness in hybrid setups. While SWTs outperform PV systems in terms of annual power generation in selected locations, investments should be preceded by site-specific wind resource assessments, and support schemes must be carefully designed to avoid subsidies in low-potential areas. The findings suggest that without significant cost reductions or targeted policy incentives, SWTs are likely to remain a niche solution rather than a widespread alternative to PV. • Small wind turbines are characterized by very a low capacity factor of 3.75 %. • Only about 7.5 % of locations achieve a capacity factor greater than 10 %. • Small- and large-scale wind turbines generation are highly correlated (r = 0.85). • The daily peak of small wind turbines coincides with PV peak generation. • LCOE as low as 0.223 €/kWh at sites with favourable wind conditions.";"Incluido"
"W4409787797";"10.1016/j.egyr.2025.04.005";"Facets of hydro power and future trends in a Nordic Context";"Energy Reports";2025;"Dany Josue Tome-Robles; Frédéric Maurer; Jonas Kristiansen Nøland; Mayank Panwar; Sambeet Mishra; Thomas Øyvang";"NO; US";"Context (archaeology); Power (physics); Engineering physics; Engineering; Physics; Geography";"article";2;"Hydropower technologies bolster high penetration of variable renewable energies (VREs) in the net zero emissions scenarios. Nevertheless, there are various challenges to meeting the ambitious goal, such as stability, reliability, resiliency, security, lack of reactive power, voltage support and inertia, large-scale storage deployment and coordination, interconnectedness, demand-side response, higher thermal cycles with increased start/stops, and inadequate Levelized Cost of Energy (LCOE) for system-wise VRE integration and profitability. This survey conducts a bottom-up analysis to unveil the opportunities to utilize hydropower facilities and disentangle the nested problem for intertwining design features, control algorithms, operation, optimization approaches, incentives, services, and market mechanisms using a three-pillar framework perspective: grid owners, power producers, and machine designers. The survey identified emerging trends in real-time and capacity markets, flexible power systems , and enhanced grid capabilities, including advanced voltage support and updated grid codes. These developments present significant opportunities for hydropower, such as achieving super-flexibility through hybridization, expanded reactive power capabilities, and advanced operational modes like a synchronous condenser and power adequator functionalities. These opportunities require novel design philosophies — including new winding, stator, and rotor configurations, optimized ventilation, and active cooling systems — to enhance performance under stressed grid and climate conditions. Finally, integrating climate and energy models for multi-basin optimization with finer spatial and temporal granularity enhances the planning accuracy for water management of hydropower while addressing environmental challenges. The review delivers helpful prospective suggestions and tools that would serve researchers, power engineers, and stakeholders in making decisions about hydropower technologies and services in 2050 and beyond.";"Incluido"
"W7202201327";"10.2139/ssrn.7225658";"Beyond the Merit-Order Effect: Curtailment Cost and Gas-Hedge Value of Variable Renewables in Peru";"SSRN Electronic Journal";2026;"Francisco Porles-Ochoa";"PE";"Economics; Econometrics; Renewable energy; Wind power; Marginal cost; Variable (mathematics)";"preprint";0;NA;"Incluido"
"W3214532109";"10.1016/j.epsr.2021.107669";"Inclusion of frequency stability constraints in unit commitment using separable programming";"Electric Power Systems Research";2021;"C.J. Ferrandon-Cervantes; Behzad Kazemtabrizi; Matthias C. M. Troffaes";"GB";"Power system simulation; Mathematical optimization; Stability (learning theory); Convergence (economics); MATLAB; Computer science";"article";38;NA;"Incluido"
"W4386469303";"10.1016/j.egyr.2023.08.042";"LCOE distribution of PV for single-family dwellings in Sweden";"Energy Reports";2023;"Sebastian Zainali; Johan Lindahl; Johan Lindén; Bengt Stridh";"SE";"Cost of electricity by source; Photovoltaic system; Investment (military); Electricity; Net present value; Environmental economics";"article";18;"In Sweden, the installations of solar photovoltaic systems are growing rapidly, and especially the market segment of small-scale distributed systems is experiencing positive growth. The current installation volumes exceed the expectations of the Swedish authorities. This study presents an up-to-date assessment of the levelized cost of electricity to be used for both agencies in their long-term scenario work of PV development and for private investors for estimating the upfront and future costs and risks associated with photovoltaic systems. The analysis is based on the turnkey system cost of 6,098 single-family dwelling photovoltaic systems commissioned in Sweden between the 1st of January 2019 and 1st of July 2020. The statistics of system investments costs are complemented by literature studies and by interviews of relevant stakeholders for the other input parameters needed to calculate the Levelized Cost of Electricity (LCOE). A Monte Carlo analysis was applied on all the input parameters provides relevant insight into the range of LCOE values. The unsubsidized levelized cost of electricity for most systems ranged from 0.85 SEK/kWh (25th percentile) to 1.15 SEK/kWh (75th percentile), with a mean at 1.02 SEK/kWh at reasonable real discount rate of 2%, but that extreme values can reach 0.30 SEK/kWh at a 0% discount rate and 5.70 SEK/kWh at a 5% discount rate. Taking into account the current (2023) Swedish tax reduction for investment in green technologies that amounts to an effective deduction of 19.4% of the total system investment costs lowers the LCOE to mean at 0.82 SEK/kWh at real discount rate of 2%. The LCOE for single-family dwelling photovoltaic systems are generally lower than the assumed LCOE in long-term scenario studies of the Swedish electricity system. This finding helps to explain to the authorities the unexpected fast deployment of distributed photovoltaic systems in Sweden.";"Incluido"
"W4417424598";"10.3390/en18246585";"Unlocking Demand-Side Flexibility in Cement Manufacturing: Optimized Production Scheduling for Participation in Electricity Balancing Markets";"Energies";2025;"Sebastián Rojas-Innocenti; Enrique Baeyens; Alejandro Martín-Crespo; Sergio Saludes-Rodil; Fernando Frechoso";"ES";"Electricity; Flexibility (engineering); Renewable energy; Environmental economics; Scheduling (production processes); Procurement";"article";1;"The growing share of variable renewable energy sources in power systems is increasing the need for short-term operational flexibility—particularly from large industrial electricity consumers. This study proposes a practical, two-stage optimization framework to unlock this flexibility in cement manufacturing and support participation in electricity balancing markets. In Stage 1, a mixed-integer linear programming model minimizes electricity procurement costs by optimally scheduling the raw milling subsystem, subject to technical and operational constraints. In Stage 2, a flexibility assessment model identifies and evaluates profitable deviations from this baseline, targeting participation in Spain’s manual Frequency Restoration Reserve market. The methodology is validated through a real-world case study at a Spanish cement plant, incorporating photovoltaic (PV) generation and battery energy storage systems (BESS). The results show that flexibility services can yield monthly revenues of up to €800, with limited disruption to production processes. Additionally, combined PV + BESS configurations achieve electricity cost reductions and investment paybacks as short as six years. The proposed framework offers a replicable pathway for integrating demand-side flexibility into energy-intensive industries—enhancing grid resilience, economic performance, and decarbonization efforts.";"Incluido"
"W4318540186";"10.5281/zenodo.7582268";"Advanced energy planning of Smart Islands";"Zenodo (CERN European Organization for Nuclear Research)";2022;"Marko Mimica";"HR";"Energy planning; Computer science; Architectural engineering; Engineering; Renewable energy; Electrical engineering";"article";1;"Climate change represents one of the greatest challenges of our time. Human activity is causing global temperature to rise and failure to act swiftly and efficiently on this issue will result in irreversible consequences. European union has recognised this and set ambitious goals for tackling this issue. The role of geographical islands is also recognised in the European union legislation. Thus, many studies deal with the analysis of energy systems on islands and offer solutions for their energy transition.<br> The main objective of this thesis is to show that the transition of energy systems on islands to fully renewable is possible and that it is possible to quantify the risks of energy planning scenarios on islands. Additionally, the objectives of this thesis are to provide new models and methods for design of the smart energy systems on the islands. For this purpose, the Smart Islands method that automatically generates energy planning scenarios for islands and that considers seven different sectors was developed. The method bases its results on the indexation method with quantified indicators developed it the scope of this thesis and on the linear optimization model that minimizes the investment cost of the energy planning scenarios on islands. In order to quantify the risk of the energy planning scenarios for islands, a method based on the probability of outages and the damage caused by particular outage was developed. The multiplication of the outage probability and damage results in risk vectors that quantifies the risk of each energy planning scenario. Novel models and methods for the demand response, maritime transport electrification, detailed spatio-temporal modelling soft-linked to the power flow, participation of flexibility providers in the joint energy and reserve network-constrained markets were developed and tested on islands. Models and methods are based on different formulations of the optimization problem and also include different sensitivity and well as uncertainty management methods such as robust optimization and Monte Carlo method.<br> The results of the study showed that it is possible to design fully renewable systems on islands with defined type and capacities of technologies that meet local needs with local resources. It was also shown that the integration of different flows results in increased flexibility in the energy system. The results also showed that it is possible to quantify the risk level of energy planning scenarios for islands and that increased penetration of renewable energy sources and flexibility sources lead towards lower levels of risk. Additionally, the results showed that spatial distribution can have a significant impact on the energy system modelling. Finally, the results showed that different solutions that increase the flexibility of the island energy systems such as energy storage systems, cross-sector integration and different market frameworks can increase the possibility for the integration of the renewable energy sources and reduce the overall cost of the island energy systems.";"Incluido"
"W3089319933";"10.1088/1742-6596/1618/4/042039";"Optimization of Wind Farm Design for Objectives Beyond LCOE";"Journal of Physics Conference Series";2020;"Katherine Dykes";"DK";"Cost of electricity by source; Environmental science; Meteorology; Computer science; Geography; Electricity generation";"conference-paper";20;"Abstract For wind farms that participate actively in electricity markets versus receiving a fixed kiloWatt-hour payment, design and operational objectives must go beyond the levelized cost of energy (LCOE) to account for system value and profitability of the farm over its lifetime. This work introduces ”beyond LCOE” objectives for farm design and illustrates their impact in a multi-objective optimization case study for LCOE and value-based objectives. The case study shows that the best designs from an LCOE perspective are not those that have the highest value and vice versa. Thus, designing wind farms in the future will require new optimization approaches to address the broader system and market context to ensure overall profitability of the project.";"Incluido"
"W2966238831";"10.1016/j.esr.2019.100381";"Reconciling high renewable electricity ambitions with market economics and system operation: Lessons from Ireland's power system";"Energy Strategy Reviews";2019;"F. Gaffney; Paul Deane; Brian Ó Gallachóir";"IE";"Electricity market; Flexibility (engineering); Electricity; Variable renewable energy; Renewable energy; Electric power system";"article";18;"The integration of variable generation challenges electricity systems globally. Using Ireland's electricity sector as a case study, we highlight multiple challenges in reconciling ambition for variable renewable integration with market economics and system operation. Ireland has the highest share of non-synchronous variable renewable electricity on a single synchronous power system. This case study examines the strategy being implemented to optimally balance between efficiency, flexibility and adequacy while maintaining a fully functional system that strives to adapt to evolving conditions. The transition that the Single Electricity Market underwent to comply with the EU Target Market was a major overhaul of what made the all-island market a success. Volume-based reliability options have distinct advantages over capacity payments. System services are critical for system stability and 14 separate system services are being developed. These actions, when taken together, provide an insight into the lengths to which this electricity market must go to transform from its cost-based nature to a value-based alternative that rewards flexible and reliable capacity with the ability to evolve with market conditions of the future.";"Incluido"
"W4368352169";"10.5547/01956574.45.2.hzha";"When and Under What Conditions Does an Emission Trading Scheme Become Cost Effective?";"The Energy Journal";2023;"Hongyan Zhang; Lin Zhang; Ning Zhang";"CN";"Marketization; Enforcement; Emissions trading; Renminbi; China; Business";"article";20;"This paper studies when and under what conditions the actions undertaken by the power plants involved in China’s emission trading scheme (ETS) pilot became cost effective. Based on unique plant-level panel data and the difference-in-differences strategy, we identify that an insignificant initial reduction in cost efficiency occurred at the announcement stage for power plants in the pilot provinces; however, the cost efficiency of the pilot plants increased significantly following formal policy implementation. Additionally, the by-stage treatment effects differed across the pilot provinces due to localized market and non-market variations. Localized conditions of higher marketization, stricter policy enforcement, and lower carbon dependence enhanced this positive effect. The synthetic control results confirmed this variation in the policy effects. The carbon trading pilots resulted in improved efficiency in power plants in Shanghai, Guangdong, and Tianjin during the period 2013–2017, with an associated total cost saving of approximately 29.75 million RMB. To enhance the efficacy of the ETS policy, our findings suggest that the design of the policy should consider localized external factors.";"Incluido"
"W4412130767";"10.1016/j.isci.2026.116176";"An advanced reliability reserve incentivizes flexibility investments while safeguarding the electricity market";"iScience";2026;"Franziska Klaucke; Karsten Neuhoff; Alexander Röth; Wolf-Peter Schill; Leon Stolle";"DE; BE";"Safeguarding; Business; Flexibility (engineering); Electricity market; Reliability (semiconductor); Electricity";"article";1;"To ensure security of supply in the power sector, many countries are considering capacity mechanisms. Simultaneously, the expansion of variable renewables increases the need for power sector flexibility, with promising options on the demand side. We analyze how a centralized capacity market and an advanced reliability reserve with a moderately high activation price affect demand-side flexibility investments in a German 2030 case study. Using a capacity expansion model with detailed demand-side flexibility potentials, we show that a centralized capacity market caps wholesale market prices, thereby reducing incentives for flexibility investments. The reliability reserve induces seven times higher flexibility investments in energy-intensive industries and twice as high investments in district heating storage, while achieving security of supply at similar electricity supply costs. The reliability reserve could create a learning environment for flexibility technologies to support the transition to climate neutrality, and policymakers should consider it in forthcoming capacity mechanism decisions.";"Incluido"
"W3139226106";"10.1016/j.eneco.2021.105755";"Ring the alarm! Electricity markets, renewables, and the pandemic";"Energy Economics";2021;"David Benatia";"CA; FR";"Electricity market; Electricity; Renewable energy; Economics; Revenue; Natural resource economics";"article";19;NA;"Incluido"
"W2961599337";"10.1016/j.erss.2019.101218";"Ambiguous interventions: Capacity remuneration mechanisms and the politics of energy transition in Britain and Germany";"Energy Research & Social Science";2019;"Ronan Bolton; Thies Clausen";"GB";"Remuneration; Energy transition; Electricity; Renewable energy; Politics; Psychological intervention";"article";21;"This paper analyses the introduction of capacity remuneration mechanisms (CRMs) in Europe, focusing on Britain and Germany. We show how CRMs in these countries are evolving from government interventions to deal with electricity system reliability issues to become important policy instruments aimed at addressing a wide range of economic and societal challenges related to decarbonisation. We pay particular attention to the ambiguous role that CRMs play as tools for governing the decarbonisation of electricity systems. On the one hand they are being legitimised by governments as a means of facilitating the integration of renewables, while at the same time they are seen by many actors as a contributor to carbon lock-in and a means of prolonging the fossil-fuel industry. We discuss key factors shaping the ambiguous role of CRMs in electricity system decarbonisation and their relation to the politics of sustainable energy transitions.";"Incluido"
"W4404437933";"10.1016/j.eneco.2024.108042";"Interactions and distortions of different support policies for green hydrogen";"Energy Economics";2024;"Alexander Hoogsteyn; Jelle Meus; Kenneth Bruninx; Erik Delarue";"BE; NL";"Economics; Environmental economics";"article";29;NA;"Incluido"
"W3167330041";"10.26267/unipi_dione/763";"EU Target Model Implementation towards sustainability - The case study of Greek power market";"Dione (University of Piraeus)";2021;"Eleftherios Venizelos; Ελευθέριος Βενιζέλος";NA;"Harmonization; Energy market; Transparency (behavior); Sustainability; Spot market; Renewable energy";"dissertation";1;"From the 1st of November 2020, the Greek Power Market is re-organized and operates according to the EU Target Model framework. The previous model of the mandatory pool is succeeded by the design and operation of four successive markets. These are the Derivatives Market (DM), which is a financial market and the three spot markets which are the Day-Ahead Market (DAM), the Intra-Day Market (IDM) and the Balancing Market (BM). The present Thesis is an attempt to efficiently organize and interpret the Spot Markets’ data and present a holistic overview of the market operation and the dynamics under the transitional period of the first three months under the EU Target Model implementation in the Greek Power Market. The analysis of the present study is performed based on real market data, as published from the Hellenic Transmission System Operator (HTSO), which is the ADMIE/IPTO, the Greek Nominated Energy Market Operator (NEMO), which is the Hellenic Energy Exchange (HEnEX) and the ENTSO-e Transparency Platform. The EU Target Model framework is implemented towards the harmonization of market rules and markets operation, across the European Member States, with the provision of the functioning of a single European-wide energy market, the so-called Internal Energy Market (IEM), where one of the main objectives of the IEM is the increase of sustainability, considering high penetration of Renewable Energy Sources (RES) in a European-wide scale.";"Incluido"
"W1513652480";NA;"Dynamic modelling of generation capacity investment in electricity markets with high wind penetration";"ERA";2012;"D. Eager";NA;"Penetration (warfare); Electricity; Investment (military); Wind power; Electricity market; Electricity system";"dissertation";5;"The ability of liberalised electricity markets to trigger investment in the generation capacity required to maintain an acceptable level of security of supply risk has been - and will continue to be - a topic of much debate. Like many capital intensive industries, generation investment suffers from long lead and construction times, lumpiness of capacity change and high uncertainty. As a result, the ‘boom-and-bust’ investment cycle phenomenon, characterised by overcapacity and low prices, followed by power shortages and high prices, is a prominent feature in the debate. Modelling the dynamics of generation investment in market environments can provide insights into the complexities involved and address the challenges of market design. Further, many governments who preside over liberalised energy markets are developing policies aimed at promoting investment in renewable generation. Of particular interest is the mix and amount of generation investment over time in response to policies promoting high penetrations of variable output renewable power such as wind. Consequently, improved methods to calculate expected output, costs and revenue of thermal generation subject to varying load and random independent thermal outages in a power system with a high wind penetration are needed. In this interdisciplinary project engineering tools are applied to an economic problem together with knowledge from numerous other disciplines. A dynamic simulation model of the aggregated Great Britain (GB) generation investment market has been developed. Investment is viewed as a negative feedback control mechanism with current and future energy prices acting as the feedback signal. Other disciplines called upon include the use of stochastic processes to address uncertainties such as future fuel prices, and economic theory to gain insights into investor behaviour. An ‘energy-only’ market setting is used where generation companies use a classical NPV approach together with the Value at Risk criterion for investment decisions. Market price mark-ups due to market power are also accounted for. The model’s ability to simulate the market trends witnessed in GB since early 2001 is scrutinised with encouraging findings reported. A reasonably good agreement of the model with reality, gives a degree of confidence in the realism of future projections. An advancement to the dynamic model to account for expected high wind penetrations is also included. Building on the initial model iteration, the short-term energy market is simulated using probabilistic production costing based on theMix of Normals distribution technique with a residual load calculation (load net of wind output). Wind speed measurement data is combined with the outputs of atmospheric models to assess the availability of the GB wind resource and its relationship with aggregate load. Simulation results for 2010-40 suggest that the GB system may experience increased generation adequacy risk during the mid to late the 2020s. In addition, many new investments are unable to recover their fixed costs. This triggered an investigation into the design of a capacity mechanism within the context of the modelling environment. In light of the ongoing GB market electricity market reform debate, two mechanisms are tested; a strategic reserve tender and a marketwide capacity market. The goal of these mechanisms is to mitigate generation adequacy risk concerns by achieving a target winter peak de-rated capacity margin.";"Incluido"
"W4385818650";"10.2139/ssrn.4537161";"Long-Term Issues with the Energy-Only Market Design in the Context of Deep Decarbonization";"SSRN Electronic Journal";2023;"Alexis Lebeau; Marie Petitet; Simon Quemin; Marcelo Saguan";"FR; SA; DE; GB";"Term (time); Context (archaeology); Energy (signal processing); Energy market; Environmental science; Economics";"preprint";0;NA;"Incluido"
"W3122066394";"10.3390/en14030567";"Equilibrium Pricing with Duality-Based Method: Approach for Market-Oriented Capacity Remuneration Mechanism";"Energies";2021;"Perica Ilak; Lin Herenčić; Ivan Rajšl; Sara Raos; Željko Tomšić";"HR";"Remuneration; Dual (grammatical number); Electricity; Shadow price; Environmental economics; Order (exchange)";"article";10;"The crucial design elements of a good capacity remuneration mechanism are market orientation, insurance of long-term power system adequacy, and optimal cross-border generation capacity utilization. Having in mind these design elements, this research aims to propose a financially fair pricing mechanism that will guarantee enough new capacity and will not present state aid. The proposed capacity remuneration mechanism is an easy-to-implement linear program problem presented in its primal and dual form. The shadow prices in the primal problem and dual variables in the dual problem are used to calculate the prices of firm capacity which is capacity needed for long-term power system adequacy under capacity remuneration mechanism. In order to test if the mechanism ensures sufficient new capacity under fair prices, the mechanism is tested on the European Network of Transmission System Operators for Electricity (ENTSO-E) regional block consisting of Austria, Slovenia, Hungary, and Croatia with simulation conducted for a period of one year with a one-hour resolution and for different scenarios of the credible critical events from a standpoint of security of supply; different amounts of newly installed firm capacity; different short-run marginal costs of newly installed firm capacity; and different capacity factors of newly installed firm capacity. Test data such as electricity prices and electricity load are referred to the year 2018. The results show that the worst-case scenario for Croatia is an isolated system scenario with dry hydrology that results with high values of indicators expected energy not served (EENS), loss of load expectation (LOLE), and loss of load probability (LOLP) for Croatia. Therefore, new capacity of several hundred MW is needed to stabilize these indicators at lower values. Price for that capacity depends on the range of installed firm capacity and should be in range of 1000–7000 €/MW/year for value of lost load (VoLL) in Croatia of 1000 €/MWh and 3000–22,000 €/MW/year for VoLL of 3100 €/MWh that correlates with prices from already established capacity markets. The presented methodology can assist policymakers, regulators, and market operators when determining capacity remuneration mechanism rules and both capacity and price caps. On the other hand, it can help capacity market participants to prepare the most suitable and near-optimal bids on capacity markets.";"Incluido"
"W3134598600";NA;"Batteries and energy arbitrage: A techno-economic analysis of electricity arbitrage opportunities for utility-scale battery energy storage in the Netherlands";"Research Repository (Delft University of Technology)";2020;"Dorine Hugenholtz";NA;"Arbitrage; Energy storage; Renewable energy; Electricity; Environmental economics; Electricity market";"dissertation";1;"As the variable renewable energy share keep on increasing throughout the energy transition, power systems require more and different flexibility measures. Battery energy storage can provide these essential services that enable the energy system to carbonise and transform on short time scales. Energy arbitrage, the trading of electricity on the electricity markets, can create economic value for batteries. This research assesses the energy arbitrage opportunities for utility-scale battery energy storage in the Netherlands. It compares five different battery technologies and defines the optimal size and power capacity with a linear mixed-integer Matlab optimization model. Furthermore, the operation of for the most optimal technology is simulated for one year with a Model Predictive Control algorithm to be able to compare the effects of forecasting accuracy of the electricity prices on the estimated profits. The results show that according to optimized planning and dispatch in the operation of a battery system can lead to financial opportunities in the Netherlands regarding energy arbitrage for flow batteries. If not today, then in the future. It has been shown that towards 2030 the business case for battery energy storage will significantly increase due to decreasing capital costs and increasing price volatility with the rise of the VRES and phase-out of fossil energy sources. With this research, a contribution is delivered towards the realisation of commercially operating an independent utility-scale battery energy storage facility. Insights are provided on what battery configuration is best suited for energy arbitrage purposes and the effectiveness of simulating the optimized operation of a battery facility with a model predictive control method has been shown. This has lead to clearer insights into the profitability of operating a BESF in the Netherlands.";"Incluido"
"W2344502475";"10.2172/1215266";"Modeling and Analysis of Wholesale Electricity Market Design. Understanding the Missing Money Problem. December 2013 - January 2015";NA;2015;"A. Papalexopoulos; C. Hansen; D. Perrino; Rod Frowd";NA;"Revenue; Variable cost; Marginal cost; Electricity; Electricity market; Environmental economics";"report";0;"This project examined the impact of renewable energy sources, which have zero incremental energy costs, on the sustainability of conventional generation. This “missing money” problem refers to market outcomes in which infra-marginal energy revenues in excess of operations and maintenance (O&M) costs are systematically lower than the amortized costs of new entry for a marginal generator. The problem is caused by two related factors: (1) conventional generation is dispatched less, and (2) the price that conventional generation receives for its energy is lower. This lower revenue stream may not be sufficient to cover both the variable and fixed costs of conventional generation. In fact, this study showed that higher wind penetrations in the Electric Reliability Council of Texas (ERCOT) system could cause many conventional generators to become uneconomic.";"Incluido"
"W3211993659";"10.1016/j.apenergy.2021.118155";"Cost allocation in integrated community energy systems — Performance assessment";"Applied Energy";2021;"Na Li; Rudi A. Hakvoort; Zofia Lukszo";"NL";"Predictability; Cost allocation; Key (lock); Environmental economics; Optimal allocation; Computer science";"article";32;"Integrated community energy systems (ICESs) are a modern development of local energy systems by integrating distributed energy resources and local communities. Cost allocation is one of the key issues affecting the success of ICESs. Costs should be allocated to those who cause them, and benefits to those who make the investments. A well-designed cost allocation approach will therefore contribute to a successful implementation and sustainable development of ICESs. This paper presents a general framework for designing cost allocation schemes in ICESs. Various cost allocation methods are proposed to compute the energy bills for local community members in an ICES. In addition, the cost reflectiveness of different cost allocation methods has been computed based on a case study of an ICES to gain insights into how well the costs are allocated. Next to this, the same is also done for the cost predictability to investigate how the energy costs would change in the long term. The results showed that methods with a single energy charging component perform the best in terms of the two criteria. Our assessment can facilitate local community members in selecting a method that satisfies their requirements. Overall, this research contributes to a successful implementation of cost allocation in an ICES.";"Incluido"
"W2796368065";"10.2172/1430827";"The Use of Statistically Based Rolling Supply Curves for Electricity Market Analysis: A Preliminary Look";NA;2018;"Thomas Jenkin; Andrew J. Larson; Mark Ruth; B. King; Paul Spitsen";"US";"Electricity; Econometrics; Economics; Mains electricity; Supply and demand; Renewable energy";"report";2;"In light of the changing electricity resource mixes across the United States, an important question in electricity modeling is how additions and retirements of generation, including additions in variable renewable energy (VRE) generation could impact markets by changing hourly wholesale energy prices. Instead of using resource-intensive production cost models (PCMs) or building and using simple generator supply curves, this analysis uses a 'top-down' approach based on regression analysis of hourly historical energy and load data to estimate the impact of supply changes on wholesale electricity prices, provided the changes are not so substantial that they fundamentally alter the market and dispatch-order driven behavior of non-retiring units. The rolling supply curve (RSC) method used in this report estimates the shape of the supply curve that fits historical hourly price and load data for given time intervals, such as two-weeks, and then repeats this on a rolling basis through the year. These supply curves can then be modified on an hourly basis to reflect the impact of generation retirements or additions, including VRE and then reapplied to the same load data to estimate the change in hourly electricity price. The choice of duration over which these RSCs are estimated has a significant impact on goodness of fit. For example, in PJM in 2015, moving from fitting one curve per year to 26 rolling two-week supply curves improves the standard error of the regression from 16 dollars/MWh to 6 dollars/MWh and the R-squared of the estimate from 0.48 to 0.76. We illustrate the potential use and value of the RSC method by estimating wholesale price effects under various generator retirement and addition scenarios, and we discuss potential limits of the technique, some of which are inherent. The ability to do this type of analysis is important to a wide range of market participants and other stakeholders, and it may have a role in complementing use of or providing calibrating insights to PCMs.";"Incluido"
"W4376114421";"10.3846/jbem.2023.19050";"UNDERSTANDING ELECTRICITY PRICE EVOLUTION – DAY-AHEAD MARKET COMPETITIVENESS IN ROMANIA";"Journal of Business Economics and Management";2023;"Adela Bârã; Simona‐Vasilica Oprea; Irina Georgescu";"RO";"Economics; Context (archaeology); Quantile regression; Electricity market; Inflation (cosmology); Econometrics";"article";26;"The unexpected pandemic eruption in March 2020, the European efforts to diminish the gas house emissions, prolonged drought, higher inflation and the war in Ukraine clearly have had a strong impact on the electricity price. In this paper, we analyze the electricity prices on the Romanian Day-Ahead Market (DAM) along with other variables (inflation, consumption and traded volume of gas on DAM) over the last three and a half years in an attempt to understand its evolution and future trend in the economic and geopolitical context. Autoregressive Distributed Lag models are proposed to analyze the causality among variables on short- and long-term perspective, whereas Quantile Regression (QR) is proposed to enhance the results of the Ordinary Least Squares (OLS) regression. Furthermore, using market concentration metrics – Herfindahl-Hirschman Index (HHI), C1 and C3 ratio, we analyze the competitiveness on the Romanian DAM and correlate it with the electricity price evolution. The concentration indicators on this market reflect the degree of competition manifested between sellers and buyers respectively, their dynamics being able to influence the price level. The higher concentration on the sellers’ side (HHI = 1500) indicates a potential speculative behavior on this market that led to higher prices on DAM.";"Incluido"
"W2417632417";NA;"From local to global value: the transformational nature of community energy";"Open Research Exeter (University of Exeter)";2015;"Iain Soutar";NA;"Transformational leadership; Value (mathematics); Environmental science; Political science; Public relations; Mathematics";"dissertation";2;"The UK energy system has in the past been characterised by the ownership and control of large-scale supply technologies by corporate entities. It has become apparent however that such structures are ill suited to addressing contemporary energy challenges of decarbonisation, energy security and affordability. Moreover, their resistance to change means that the current system is fundamentally inconsistent with the need for energy system change. The advent of affordable renewable energy however, particularly at small-scale, offers new prospects for addressing these energy challenges. In particular, they present an opportunity for greater societal engagement in the energy system, not least as owners and managers of energy assets, but also as stakeholders with interest and influence in the energy system more generally. Within the context of greater citizen engagement in energy, community energy has developed in the UK as an organised means for “collective action to purchase, manage and generate energy” (DECC, 2014b). Such collective action is complimented by progressively broad engagement by individuals in the energy system as investors and prosumers, rather than solely consumers. This thesis responds to a need to better understand the role and value of community energy, and wider societal engagement more generally, within the wider energy system. Taking a mixed-methods approach, this thesis contends that community energy has the potential to have significant impacts at both local and national scales. Social, economic and environmental impacts of a specific community energy project are evidenced to illustrate the breadth and scale of potential impacts at the local level. Broader analysis of the community energy movement, and of ‘small-scale energy’ more generally is suggestive of the potential for such approaches to be transformative in terms of overcoming system inertia. In particular, the energy system is undergoing a process of democratisation, whereby power, wealth and value is gradually distributed among society. A key role for policymakers then is to consider the strategic importance of democratisation.";"Incluido"
"W2137427324";"10.1109/pesgm.2014.6939455";"Market designs for high levels of variable generation";NA;2014;"Michael Milligan; Hannele Holttinen; Juha Kiviluoma; Antje Orths; Muireann Á. Lynch; Lennart Söder";"US; DK; FI; IE; SE";"Variable renewable energy; Renewable energy; Flexibility (engineering); Electricity generation; Electricity; Electricity market";"conference-paper";7;"Variable renewable generation is increasing in penetration in modern power systems, leading to higher variability in the supply and price of electricity as well as lower average spot prices. This raises new challenges, particularly in ensuring sufficient capacity and flexibility from conventional technologies. As the fixed costs and lifetimes of electricity generation investments are significant, designing markets and regulations which ensure efficient integration of renewable generation is a significant challenge. This panel presentation reviews the state of play in the USA and Europe with regard to these issues and considers new developments in both regions.";"Incluido"
"W4392531411";"10.70675/72df199fz97cfz4408z8838z0cd091c48e0c";"Electricity market design for long-term capacity adequacy in a context of energy transition";NA;2019;"Ahmed Ousman Abani";"ML";"Term (time); Context (archaeology); Energy transition; Electricity; Transition (genetics); Environmental economics";"dissertation";3;"Architectures des marchés de l'électricité pour la sécurité d'approvisionnement à long terme dans un contexte de transition énergétique La transition énergétique, en partie caractérisée par le déploiement massif des énergies renouvelables, a relancé un débat de longue date sur les architectures de marché fournissant les meilleures incitations aux investissements dans les marchés libéralisés de l’électricité. Ces incitations sont essentielles pour garantir la sécurité d’approvisionnement à long terme. Pour choisir l’architecture de marché adéquate, les décideurs publics doivent évaluer et comparer les performances économiques des solutions disponibles. La présente thèse complète la littérature sur les incitations aux investissements et la sécurité d’approvisionnement en étudiant trois aspects importants : (i) le comportement des marchés de l'électricité en présence d’acteurs averses au risque, (ii) la compatibilité entre les incitations des acteurs à mettre leurs actifs sous cocon et les objectifs de sécurité d’approvisionnement et (iii) les performances économiques de différentes architectures de marché dans un contexte de forte pénétration des énergies renouvelables. Pour ce faire, une modélisation de type System Dynamics est utilisée pour représenter les dynamiques de long terme résultant des décisions des acteurs dans un marché libéralisé. La thèse est organisée en trois chapitres correspondant à chacun des points mentionnés ci-dessus. Les principaux résultats sont les suivants : Premièrement, les mécanismes de capacité sont nécessaires pour faire face aux effets néfastes de l’aversion au risque des investisseurs. Ce phénomène affecte de manière significative les marchés de l’énergie de type energy-only, qui subissent alors une baisse des investissements et des pénuries plus importantes. Les marchés de capacité résistent mieux à l’aversion au risque des investisseurs. Cependant, cette résilience dépend du plafond des prix dans les enchères de capacité. Pour qu'une telle architecture de marché donne des résultats satisfaisants en termes de sécurité d’approvisionnement, ce plafond de prix doit tenir compte du risque d'investissement supporté par les acteurs. Deuxièmement, si les acteurs du marché en ont la possibilité, leurs décisions de mettre leurs actifs sous cocon peuvent modifier les dynamiques d'investissement et de fermeture à long terme. En outre, dans un monde caractérisé par des actifs indivisibles, cette possibilité augmente le niveau de coordination nécessaire pour assurer la sécurité d’approvisionnement. Cela est particulièrement vrai pour les marchés de type energy-only, dans lesquels la mise sous cocon augmente le niveau des pénuries, au point de contrebalancer les économies de coûts qu’elle génère. En revanche, les marchés de capacité peuvent fournir la coordination nécessaire pour assurer la sécurité d’approvisionnement même lorsque les acteurs ont la possibilité de mettre leurs actifs sous cocon. Troisièmement, parmi les architectures de marché proposées dans la littérature, les marchés de capacité apparaissent comme la meilleure solution du point de vue du surplus social. Néanmoins, du point de vue des investisseurs, et dans certaines conditions liées à une forte pénétration des énergies renouvelables, les marchés de capacité avec des contrats annuels ne suppriment pas entièrement le problème dit de ""missing money"". Les résultats indiquent que l'attribution de contrats de capacité pluriannuels atténue le problème.";"Incluido"
"W2902026152";NA;"Electricity markets are broken – can they be fixed?";"Oxford University Research Archive (ORA) (University of Oxford)";2016;"Malcolm Keay";NA;"Electricity; Economics; Natural resource economics; Investment (military); Marginal cost; Market economy";"report";62;"This paper argues that electricity markets in Europe are broken. The increasing penetration of subsidised, zero marginal cost, intermittent generation has distorted prices to the extent that they can no longer give effective signals for investment or operation. The problem is increasingly being recognised but there is no consensus on the solution. The paper considers a number of options; it concludes that a serious debate needs to get under way now if we are to develop sustainable markets for a low carbon future.";"Incluido"
"W4396495875";"10.1016/j.rser.2024.114450";"Profitability dynamics of offshore wind from auction to investment decision";"Renewable and Sustainable Energy Reviews";2024;"Simon Malleret; Malte Jansen; Ahti Simo Laido; Lena Kitzing";"GB; DK";"Profitability index; Offshore wind power; Investment (military); Submarine pipeline; Business; Environmental science";"article";11;"Offshore wind auctions in Europe have recently seen considerable price decreases, with resulting support levels low enough to warrant the question whether project profitabilities are robust enough against changing market prices, or whether project suffer from low returns upon project realisation. This study investigates the development of profitability between auction date and Final Investment Decision, mainly through identifying impacts of changes in electricity prices, using stochastic discounted cash flow analysis. Some projects seem to have experienced adverse market developments. The study employs an explanatory-sequential approach to analyse two strategies to mitigate this risk: Pricing risks into the auction bid and absorbing losses through reduced returns or, alternatively, passing them down to contractors in the supply chain. The study finds indications that post-auction market developments have likely led to diminishing returns of developers, rather than increased price pressure on contractors. The study enhances the understanding of project profitabilities and developers’ choices between auction and investment decision, and therewith opens the discussion on post-auction industry dynamics as an increasingly relevant factor to ensure that offshore wind can live up to its envisaged role in the decarbonisation of society.";"Incluido"
"W4386913029";"10.1016/j.apenergy.2023.121938";"Transition risk: Investment signals in a decarbonising electricity system";"Applied Energy";2023;"William Blyth; Robert Gross; Jamie Rickman; Callum MacIver; Keith Bell";"GB";"Renewable energy; Electricity; Investment (military); Context (archaeology); Revenue; Energy transition";"article";13;NA;"Incluido"
"W2603930655";"10.1016/j.jup.2017.03.005";"Cross-border effects of capacity mechanisms in interconnected power systems";"Utilities Policy";2017;"Pradyumna Bhagwat; Jörn C. Richstein; Émile Chappin; Kaveri K. Iychettira; Laurens J. de Vries";"IT; NL; DE";"Business; Electricity market; Industrial organization; Electricity; Environmental economics; Economics";"article";44;"The cross-border effects of a capacity market and a strategic reserve in interconnected electricity markets are modeled using an agent-based modeling methodology. Both capacity mechanisms improve the security of supply and reduce consumer costs. Our results indicate that interconnections do not affect the effectiveness of a capacity market, while a strategic reserve is affected negatively. The neighboring zone may free ride on the security of supply provided by the zone implementing a capacity mechanism. However, a capacity market causes crowding out of generators in the energy-only zone. A strategic reserve implemented by this region could aid in mitigating this risk.";"Incluido"
"W4404526019";"10.2139/ssrn.5022127";"The Role of Electricity Flow and Renewable Electricity Production on the Behaviour of the Spanish Electricity Price";"SSRN Electronic Journal";2024;"António Cardoso Marques";"PT";"Electricity; Electricity price; Renewable energy; Production (economics); Electricity retailing; Electricity market";"preprint";0;NA;"Incluido"
"W4367052153";"10.3390/en16093704";"A Systematic Review of European Electricity Market Design Options";"Energies";2023;"Samuli Honkapuro; Jasmin Jaanto; Salla Annala";"FI";"Systematic review; Management science; Electricity market; Electricity; Face (sociological concept); Inclusion (mineral)";"review";22;"The European electricity market model continues to evolve in the face of new challenges. This systematic literature review aims to assess the status of research and discussion on the current model and its market mechanisms. In addition, it aims to ascertain the kinds of modelling tools that have been used to model market mechanisms or formulate proposals for changes to current practice. The results show that the challenges of individual market mechanisms have been identified quite extensively in the research sample. However, the number of papers identified for inclusion in the systematic literature review was quite small, from which it can be concluded that there are surprisingly few publications focusing on this particular topic. Nevertheless, the trend indicates a probable increase in research in the subject area in the future. The general standpoint among researchers seems to be that the goals set by the EU are, as it were, a law of nature that cannot be deviated from. Consequently, new radical change proposals or comprehensive reforms were not encountered in the study. In addition, it was found that optimization was the most commonly used modelling method in the papers included in the literature review.";"Incluido"
"W3029781633";"10.1186/s42500-020-00013-4";"Comparing negative emissions and high renewable scenarios for the European power system";"BMC Energy";2020;"F. Gaffney; Paul Deane; G. Drayton; James Glynn; Brian Ó Gallachóir";"IE";"Renewable energy; Environmental economics; Greenhouse gas; Electricity; Electricity system; Electric power system";"article";9;"Abstract Emerging literature highlights the essential role played by decarbonised electricity generation in future energy systems consistent with the Paris Climate Agreement. This analysis compares the impacts of high levels of renewable electricity and negative emissions technologies on exploratory visions of the future EU power system (2050) in terms of emissions reduction, technical operation and total system costs. The analysis shows that high renewable power system scenarios coupled with low levels of negative emissions technologies, such as biomass carbon capture and storage (&lt; 2% of installed capacity), can deliver a net-negative European power system at lower comparable cost without breaching published sustainable biomass potentials in Europe (or requiring imports) or geological storage potentials while also contributing to power system inertia. Direct air capture has the capability to further decrease overall carbon emissions. While carbon capture and storage and power-to-gas must overcome market, regulatory and social acceptance challenges, given their potential benefits to emissions reduction, costs and system operation their role in a future power system should be further explored.";"Incluido"
"W3034573270";"10.3390/en13112967";"District Energy Systems: Challenges and New Tools for Planning and Evaluation";"Energies";2020;"Steffen Wehkamp; Lucas Schmeling; Lena Vorspel; Fabian Roelcke; Kai-Lukas Windmeier";"DE";"Energy planning; Flexibility (engineering); Usability; Seven Management and Planning Tools; Energy supply; Computer science";"article";46;"The change from a centralized to a decentralized energy supply creates new challenges in the planning of such energy supply concepts. Specialized planning tools that can cope with the complex requirements and multi-layered boundary conditions of local energy use are therefore needed. Existing methods need to be further developed and optimized to suit the complex stakeholder structures encountered in innovative district projects, as well as for research purposes. This paper presents selected aspects and challenges in the development of an application-oriented planning tool. Using a North German district as a case study, the usability of a Building Information Model as an aggregated data platform is tested in the context of a residential energy district planning process. In addition, the modeling of heating grids using a combination of Geographic Information System and open source thermodynamic tools is presented. Economic valuation methods are examined to determine the extent to which the value of flexibility and access to local flexibility markets can be taken into account. Finally, an approach for evaluating the ecological aspects of the district energy supply is presented, based on the dynamic assessment of imported and exported energy quantities.";"Incluido"
"W3032994675";"10.17863/cam.61816";"Is the NEM broken? Policy discontinuity and the 2017-2020 investment megacycle";"RePEc: Research Papers in Economics";2020;"Paul Simshauser; Joel Gilmore";NA;"Investment (military); Business; Market power; Industrial organization; Electricity; Resource (disambiguation)";"preprint";10;"The recent history of Australia’s National Electricity Market (NEM) from 2012-2017 has been problematic with sudden coal plant closures, a tight domestic gas market and sharply rising electricity prices. The supply-side response that followed from 2017-20";"Incluido"
"W4385492019";"10.1016/j.joule.2023.07.002";"Contract design for storage in hybrid electricity markets";"Joule";2023;"Farhad Billimoria; Paul Simshauser";"GB; AU";"Management; Officer; Chief executive officer; Engineering; Power (physics); Political science";"article";22;NA;"Incluido"
"W2995279102";"10.1016/j.enpol.2020.112014";"On the role of electricity storage in capacity remuneration mechanisms";"Energy Policy";2020;"Christoph Fraunholz; Dogan Keles; Wolf Fïchtner";"DE; DK";"Remuneration; Electricity; Environmental economics; Renewable energy; Electricity generation; Electricity market";"article";50;"In electricity markets around the world, the substantial increase of intermittent renewable electricity generation has intensified concerns about generation adequacy, ultimately driving the implementation of capacity remuneration mechanisms. Although formally technology-neutral, substantial barriers often exist in these mechanisms for non-conventional capacity such as electricity storage. In this article, we provide a rigorous theoretical discussion on design parameters and show that the concrete design of a capacity remuneration mechanism always creates a bias towards one technology or the other. In particular, we can identify the bundling of capacity auctions with call options and the definition of the storage capacity credit as essential drivers affecting the future technology mix as well as generation adequacy. In order to illustrate and confirm our theoretical findings, we apply an agent-based electricity market model and run a number of simulations. Our results show that electricity storage has a capacity value and should therefore be allowed to participate in any capacity remuneration mechanism. Moreover, we find the implementation of a capacity remuneration mechanism with call options and a strike price to increase the competitiveness of storages against conventional power plants. However, determining the amount of firm capacity an electricity storage unit can provide remains a challenging task.";"Incluido"
"W1920572761";"10.13118/miriello-caterina_phd2011";"Regulating the development of renewable energy: a model-based analysis of electricity utilities in Europe";"Open MIND";2011;"Caterina Miriello";NA;"Electricity; Renewable energy; Subsidy; Electricity market; Investment (military); Incentive";"other";0;"The thesis analyses some features of the liberalised electricity markets, from the perspective of its dealing with the development of renewable energy. It does so by following essentially three broad topics. The introduction starts from a short discussion on the debate on renewables currently in place in the EU, focusing on the issue of financing their development through incentives for investors in the sectors. Here I also state the research questions and the motivation behind this research. The dissertation is composed of three parts. In the first part, I try to put the discussion in its proper frame by analysing in detail the functioning of the electricity markets and the different approaches used by the economic literature to address its modelling. I start by the essentials, explaining why these markets need to be regulated, why there are subsidies to support the renewables in the first place, and how can these subsidies be economically justified. Then I classify the different approaches that have been used to model power markets and highlight the most important works. The second part analyses some different market structures to enhance the investment in renewable energies. An agent-based model is utilised that represents a wholesale electricity market, characterised by ten symmetric firms that compete through a uniform auction. The model allows us to monitor the pattern of wholesale prices, profits and, through some indicators, the probability of investment. The simulations aim at analysing the effects of larger share of wind power on wholesale prices and investment in the electricity market. This chapter shows many interesting results, most notably that subsidies to enhance wind energy deployment may not be as essential as it seems after a certain stage. Furthermore, we account for the possibility of firms to act strategically by withholding some of their capacity to artificially increase prices, and see how the results are affected by this circumstance. In Chapter 4, the discussion is moved towards security of supply, and how it is affected by wind penetration. Since the very beginning of the electricity liberalisation process, one of the key questions posed has been whether the market let on its own would have been able to provide adequate security of supply at the power generation level, or if some additional regulatory mechanism needed to be introduced instead. The risk of underinvestment in generating capacity is particularly severe in the case of peaking plants, i.e. the generating plants that are used in case of an unanticipated peak of demand and that are the instrument par excellence to manage the issue of system reliability. This section discusses the features and the limits of the energy only markets (i.e. a system with the least intervention possible by regulators) and on the mechanisms to coordinate investments in new capacity such as capacity payments. Then I use again the agent-based model developed in Chapter 3, adapting it for the different purposes of this research. The simulations aim at analysing how an increasing share of wind impacts on the security of supply, and from this the discussion is led on the implication the results have in terms of policy both to increase capacity and to increase renewable energy. The results show that in times of high demand the peaking price is lower for generators with wind than for generators that do not have wind in their technology portfolio. The conclusions are the following: there is need to coordinate incentives in renewables and incentives in new capacity, because the incentives for renewables basically are incentives in order to build new capacity, and having two types of incentives to get the same outcome is inefficient. I argue that an adequate and differentiated development of energy from renewable sources lessens the need for incentives in building new capacity; existing fossil fuels plants can become peaking units and be replaced as baseload units by the new renewable-energy units.";"Incluido"
"W4221153907";NA;"Long-term issues with the energy-only market design in the context of electricity decarbonization: Insights from a system dynamics simulation model";"HAL (Le Centre pour la Communication Scientifique Directe)";2022;"Alexis Lebeau; Marie Petitet; Marcelo Saguan; Simon Quemin";"FR";"Term (time); Context (archaeology); System dynamics; Electricity; Dynamics (music); Electricity market";"preprint";0;"There has been fierce controversy in the literature over the long-run efficiency of the energy-only market (EOM) design ever since its inception. In this paper, we provide novel insights to illuminate this historical controversy, and we revisit it with a focus on contemporary issues and profound changes brought about by the energy transition. Specifically, we develop an analytical and modeling framework to quantitatively investigate how EOM outcomes hinge on the underlying behavioral, informational and structural assumptions. We apply our framework to a case study calibrated on Californian fundamentals that captures the key features of energy systems under deep decarbonization. We characterize how EOM outcomes can substantially deviate from the long-run optimum as soon as one assumption is relaxed compared to theoretical requirements.This leads to pathways with higher electricity prices, lower security of supply and higher emission levels that imperil decarbonization. In particular, we highlight how market price signals alone are prone to a dynamic entry-exit coordination problem between investment in low-carbon assets and the phaseout of fossil-fired assets. This calls for a market design reform to complement price signals that accounts for realistic assumptions.";"Incluido"
"W7132962731";NA;"Increasing variable wind energy production: Who will benefit?";"Tampere University Institutional Repository (Tampere University)";2024;"Jussi Räkköläinen";"FI";"Wind power; Renewable energy; Grid parity; Economics; Variable renewable energy; Environmental economics";"dissertation";0;"The European Union (EU) Renewable Energy Directive, from 2009, has legally binding targets for the renewable energy share of final energy consumption in individual member states. Especially two targets, the decrease of greenhouse gas and the increase of VRE production, affect the VRE production investment in the EU power markets. The study involves four market players: consumers, wind, solar and conventional power producers. The calculation is done by the realistic Power Model based on Baltic, Nordic and German power market data. The Power Model consists of price following conventional power production, import/export between areas, climate normal and perfectly inelastic forecasts for consumption, wind and solar production and grid topology. The objective is to maximize social welfare when increasing variable renewable energy deployment in the power market with energy exchange to the neighboring regions. The optimized solution will be found in changes in conventional power production and trading between regions. Prices, values, and value factors of renewable energy connected to merit order and correlation effect, redistribution of emission reduction, and TSOs congestion income are evaluated. Due to the nonlinearity of the problem, a step-by-step approach is used to determine the change's consequence. This work answers the question: ""Who else than wind power investors benefit from increasing variable renewable production?"" The market price is naturally the main driver for increasing profitable wind power investments. The merit order effect, caused by increasing wind power production, decreases area prices. Reduced and reshaped area prices connected to the use/generation of power determine the beneficiary and can change who will benefit. Consumers generally benefit from the price reduction caused by wind energy. At the same time, producers suffer from declining revenues, and the change in price curve shape can change profitability. Significant prices, values and value factor changes are directly connected to investments and congestion in the interconnectors between spot price areas. Carbon-free wind power energy spreads in the power system and decreases conventional power production in the power system. Market price volatility will increase, and increased volatility will increase the cost of mitigating price risk in general. TSOs have a critical role on the road to climate neutral economy. TSOs’ congestion incomes should be invested in the interconnectors enabling energy trading between areas. This work shows that focusing only on the area where investment is planned is insufficient when investing significantly in wind power. The residual load includes the changes caused by renewable energy in the area, but it is not enough to look only inside each region. Current VRE power expansion plans are massive enough to change the price profiles of the whole power system. Expansion in neighboring regions might dramatically impact the other areas' price curves. The entire power system and the renewable energy policies in the neighboring countries should be acknowledged with existing energy exchange possibilities when a massive amount of VRE production is planned. In this study, the forecasts are perfectly inelastic hourly forecasts, and the study concentrates on a day-ahead market and cross-country electricity exchange. The main shortcoming of the model is the absence of flexibility in demand and VRE production, i.e. demand-side management, load shifting and peak shaving and lack of storage. Therefore, negative spot prices are not allowed. These should be included in the Power Model in future work.";"Incluido"
"W2803337315";"10.11575/prism/31868";"Solutions for the Resource Adequacy Issue in Alberta: Capacity Market, Scarcity Pricing, or Single Buyer Model";"Libraries and Cultural Resources (University of Calgary)";2018;"Tianjiao Bao";NA;"Scarcity; Resource (disambiguation); Industrial organization; Business; Microeconomics; Economics";"dissertation";0;"This thesis focuses on possible solutions to resolve the resource adequacy issue in an energy-only market with a low price cap. Many reasons lead to resource inadequacy, including demand flaws, the missing money problem, poor coordination by investors, and penetration of renewables. In order to ensure resource adequacy in the long run, the energy-only market requires a new market mechanism to incentivize investors to create more new capacity. The thesis mainly analyzes three possible solutions: a capacity market, increase of the price cap up to the value of lost load (VOLL) in the energy-only market (Scarcity Pricing), and a single buyer model.";"Incluido"
"W2508001331";NA;"Market designs for a 100 % renewable energy system";"LUTPub (LUT University)";2016;"Olga Gore; Dmitry Bogdanov; Kaisa Salovaara; Samuli Honkapuro";NA;"Renewable energy; Business; Economics; Environmental economics; Natural resource economics; Engineering";"report";0;NA;"Incluido"
"W7154963214";"10.1016/j.est.2026.122256";"What moves the profitability of battery energy storage in the Pennsylvania-New Jersey-Maryland interconnection of the United States?";"Journal of Energy Storage";2026;"C.K. Woo; K.H. Cao; H.S. Qi; Y.S. Cheng; I. Milstein; A. Tishler; J. Zarnikau; Y.-T. Chen";"HK; CN; IL; US";"Profitability index; Interconnection; Energy storage; Battery (electricity); Automotive engineering; Battery storage";"article";0;"Applying a two-part methodology to a sample of daily observations in 2016–2024, we answer the question of what moves the profitability of battery energy storage (BES) in the Pennsylvania-New Jersey-Maryland Interconnection (PJM) - the largest regional transmission organization of the United States. This question is real-world relevant and policy important because BES accelerates deep decarbonization by aiding an electric grid's reliability management under rising market penetration of variable renewable energy (VRE) generated by solar systems and wind farms. We find that when its capacity cost is $300 per kWh, a 50-MW lithium-ion system has a missing problem of insufficient investment incentive, as its annual operating profits from daily arbitraging of PJM's real-time energy price spreads are well below its annualized costs. When the capacity cost is $100 per kWh, the missing money problem still exists but greatly diminishes. As large-scale VRE development's merit order effect reduces PJM's real-time energy prices, solving the system's missing money problem requires revenues in addition to those from the system's daily discharge and cost reductions made possible by investment tax credits. However, the additional revenues may invite allegations of double paying BES owners because the hours of profit-maximizing discharge tend to coincide with the hours of high energy prices caused by PJM's dwindling operating reserves. Further, investment tax credits may be considered unnecessary because the BES market is highly competitive. We consider such allegations misguided, as electricity reliability and clean energy are public goods in an economy's quest for a sustainable future. • Answer the question: what moves battery energy storage's profitability? • Define the missing money problem of a 50-MW lithium-ion battery energy system. • Use PJM's hourly energy prices in 2016–2024 to find the problem's remedies. • Discuss what PJM's stakeholders can do in order to support these remedies.";"Incluido"
"W4388291588";"10.1257/jep.37.4.181";"The Economics of Electricity Reliability";"The Journal of Economic Perspectives";2023;"Severin Borenstein; James Bushnell; Erin T. Mansur";"SE; US";"Deregulation; Monopoly; Mains electricity; Electricity market; Balance (ability); Supply and demand";"article";43;"The physics of an electrical grid requires that the supply injected into the grid is always in balance with the quantity consumed. If that balance is not maintained, cascading outages are likely to disrupt supply to all consumers on the grid. In the past, vertically integrated monopoly utilities have ensured that supply is adequate to meet demand and maintain grid stability, but with deregulation of generation, assuring adequate supply has become much more complex. The unique characteristics of electricity distribution means that there are immense potential externalities among market participants from supply shortfalls. In this paper, we discuss the institutions that US electricity markets have developed to avoid such destabilizing supply shortfalls when there are multiple generators and retailers in the market. Though many of the markets rely on standardized requirements for supplier reserves, we conclude that recent technological progress may steer future evolution towards a system that relies to a greater extent on economic incentives.";"Incluido"
"W4405307648";"10.2172/2478818";"Consumer Benefits of Clean Energy: Renewable Energy";"Lawrence Berkeley National Laboratory";2024;"Mark Bolinger; Natalie Frick";"US";"Renewable energy; Environmental economics; Clean energy; Business; Environmental science; Energy (signal processing)";"report";0;"Meeting national and state decarbonization goals requires a transition to clean energy technologies. Energy efficiency, demand flexibility, renewable energy and storage can reduce consumers’ electricity bills, lower total electricity system costs, and provide health and resilience benefits. Berkeley Lab developed a series of briefs that explore these consumer benefits of a clean energy transition. This brief discusses some of the possible consumer benefits of utility-scale and behind the meter renewable energy, with a focus on how these resources can contribute to a low-cost electricity system. It begins with a literature review of modeled impacts, primarily considering consumer benefits, of the Inflation Reduction Act and Bipartisan Infrastructure Law. Next, it discusses how utility-scale renewable energy can contribute to a low-cost electricity system (e.g., in some cases, low resource costs relative to other alternatives). It concludes with a discussion of behind-the-meter renewable energy consumer benefits (e.g., reduced host electricity bill, increased property value, resilience).";"Incluido"
"W2958911741";"10.5547/01956574.43.4.szac";"The Integration of Variable Generation and Storage into Electricity Capacity Markets";"The Energy Journal";2021;"Stan Zachary; Amy L. Wilson; Chris Dent";"GB";"Variable (mathematics); Electricity; Business; Environmental economics; Industrial organization; Environmental science";"article";32;"We show how to value both variable generation and energy storage to enable them to be integrated fairly and optimally into electricity capacity markets. We develop theory based on balancing expected energy unserved against costs of capacity procurement, and in which the optimal procurement is that necessary to meet an appropriate reliability standard. For conventional generation the theory reduces to that already in common use. Further the valuation of both variable generation and storage coincides with the traditional risk-based approach based on equivalent firm capacity. The determination of the equivalent firm capacity of storage requires particular care; this is due both to the flexibility with which storage added to an existing system may be scheduled, and also because, when any resource is added to an existing system, storage already within that system may be flexibly rescheduled. We illustrate the theory with an example based on the GB system.";"Incluido"
"W3117317435";"10.1016/j.segan.2020.100421";"Insights on the capacity value of photovoltaics, community batteries and electric vehicles";"Sustainable Energy Grids and Networks";2020;"Wouter Schram; Hamid Aghaie; Ioannis Lampropoulos; Wilfried van Sark";"NL; AT";"Context (archaeology); Battery (electricity); Photovoltaic system; Photovoltaics; Electric vehicle; Smart grid";"article";13;"The Capacity Value Ratio (CVR), or the part of its capacity that a technology can supply during peak residual load hours, is an important concept in the context of future resource adequacy. Especially for distributed resources, this is still underexplored territory. In this research, we investigate the peak reduction potential on both the distribution and transmission system level for a community battery coupled with photovoltaic (PV) systems as well as for smart charging approaches of electric vehicles (EVs) and vehicle-to-grid (V2G) technology. On the distribution level, it is shown that batteries charged only with PV-generated electricity reduce the peak residual load by 14.6%, whereas grid-charged batteries can reduce peak residual load by 30.0%. It is also found that deploying V2G can result in a decrease of the peak residual load, despite the additional EV charging demand. On the transmission system level, it is found that the CVR of PV is only 0.6%, however, the CVR of a PV-charged community battery is 25.0% whereas a grid-charged battery can have a CVR of 47.0%. The approximation method used in this study generates similar results as reliability-based methods found in literature. Regarding EVs, we approximate the load shifting potential of EV smart charging at 78.5% and the CVR of V2G at 8.9%. This indicates EVs could play an important role in maintaining resource adequacy in the context of a phase-out of conventional power plants, given that this has priority in the optimization of EV charging.";"Incluido"
"W4413792211";"10.1038/s41467-025-62952-y";"Assessment of carbon-abatement pricing to maximize the value of electrolytic hydrogen in emissions-intensive power sectors";"Nature Communications";2025;"Ayodeji Okunlola; Matthew Davis; Amit Kumar";"CA";"Value (mathematics); Carbon fibers; Environmental science; Environmental economics; Hydrogen; Business";"article";7;"Electrolytic hydrogen can support the decarbonization of the power sector. Achieving cost-effective power-to-gas-to-power (PGP) integration through targeted emissions pricing can accelerate the adoption of electrolytic hydrogen in greenhouse gas-intensive power sectors. This study develops a framework for assessing the economic viability of electrolytic hydrogen-based PGP systems in fossil fuel-dependent grids, while considering the competing objectives of the electricity system operator, a risk-averse investor, and the government. Here we show that, given the risk-averse investor’s inherent pursuit of profit maximization, a break-even carbon abatement cost of at least 57 Canadian Dollars per tonne of CO₂ by 2030 from the government, with a shift in electricity market dispatch rules from sole system marginal price-reduction to system-wide emissions reduction, is essential to stimulate price discovery for low-cost hydrogen production and contingency reserve provision by the PGP system. This work can help policymakers capture and incentivize the role of electrolytic hydrogen in low-carbon power sector planning. Electrolytic hydrogen can play a role in the power sector by 2030 if its use is accompanied by a break-even abatement cost and if electricity market dispatch rules shift from minimizing costs to prioritizing emissions reductions.";"Incluido"
"W4309632004";"10.1016/j.eneco.2022.106412";"Wind, water and wires: Evaluating joint wind and interconnector capacity expansions in hydro-rich regions";"Energy Economics";2022;"David Newbery";"GB";"Renewable energy; Investment (military); Wind power; Natural resource economics; Joint (building); Value (mathematics)";"article";9;"Countries or regions with a high share of storage hydro and good renewables resources may be able to interconnect to less well-endowed neighbours. To maximise joint benefits, coordinating interconnector and renewables investment is desirable. Suitable long-term contracts ensure that beneficiaries pay and jointly cover the highly dispersed costs and benefits. The article develops a simple model calibrated for Tasmania that demonstrates how this can be quantified and various counterfactuals tested. The key to the simplification is that the value of water is both stable over time and the key driver of outcomes. The economic attraction of proposed wind and interconnector investment depends sensitively on the value placed on CO2 reductions.";"Incluido"
"W2937899354";"10.17645/pag.v7i1.1791";"Energy Security Concerns versus Market Harmony: The Europeanisation of Capacity Mechanisms";"Politics and Governance";2019;"Merethe Dotterud Leiren; Kacper Szulecki; Tim Rayner; Catherine Banet";"NO; GB";"Business; Commission; Energy security; Energy policy; Domestic market; Electricity market";"article";17;"The impact of renewables on the energy markets–falling wholesale electricity prices and lower investment stability–are apparently creating a shortage of energy project financing, which in future could lead to power supply shortages. Governments have responded by introducing payments for capacity, alongside payments for energy being sold. The increasing use of capacity mechanisms (CMs) in the EU has created tensions between the European Commission, which encourages cross-country cooperation, and Member States that favour backup solutions such as capacity markets and strategic reserves. We seek to trace the influence of the European Commission on national capacity markets as well as learning between Member States. Focusing on the United Kingdom, France and Poland, the analysis shows that energy security concerns have been given more emphasis than the functioning of markets by Member States. Policy developments have primarily been domestically driven, but the European Commission has managed to impose certain elements, most importantly a uniform methodology to assess future supply security, as well as specific requirements for national capacity markets: interconnectors to neighbouring countries, demand side responses and continuous revision of CMs. Learning from other Member States’ experiences also play a role in policy decisions.";"Incluido"
"W2992159662";"10.5547/01956574.41.2.jges";"Optimal Storage, Investment and Management under Uncertainty: It is Costly to Avoid Outages!";"The Energy Journal";2019;"Joachim Geske; Richard Green";"GB";"Arbitrage; Energy storage; Investment (military); Electricity; Storage model; Renewable energy";"article";41;"We show how electricity storage is operated optimally when the load net of renewable output is uncertain. We estimate a diurnal Markov-process representation of how Germany’s residual load changed from hour to hour and design a simple dynamic stochastic electricity system model with non-intermittent generation technologies and storage. We derive the optimal storage, generator output and capacity levels. If storage capacity replaces some generation capacity, the optimal storage strategy must balance arbitrage (between periods of high and low marginal cost) against precautionary storage to ensure energy is available throughout a long peak in net demand. Solving the model numerically under uncertainty (only the transition probabilities to future loads are known), we compare the results to perfect foresight findings. The latter over-estimate the cost-saving potential of energy storage by 27%, as storage can take up arbitrage opportunities that would not be chosen if there was a need for precautionary storage.";"Incluido"
"W2910721477";"10.17323/2500-2597.2018.3.20.28";"The Future of the Italian Electricity Generation Sector. An Analysis of the Possible Strategic Models";"Foresight-Russia";2018;"Vincenzo Bianco";"IT";"Restructuring; Software deployment; Electricity generation; Renewable energy; Electricity market; Generator (circuit theory)";"article";6;"The present paper investigates the possible future evolution of the Italian power system. In particular, the generation sector is considered by analyzing its recent development, which has been pushed forward by EU regulations which support the deployment of renewables-based power plants. These radical changes will determine a restructuring of the system and it is therefore of fundamental importance to try to understand which trajectories its possible evolution could take according to different market and economic conditions. To this aim, a scenario analysis is implemented in order to determine the strategic implications that the various situations can yield for the generators. As a result, four strategic models are envisaged, namely Traditional Generator, Innovative Generator, Green Generator, and Energy Service Provider.";"Incluido"
"W3092310352";"10.5547/01956574.41.si1.phol";"Optimal Capacity Mechanisms for Competitive Electricity Markets";"The Energy Journal";2020;"Pär Holmberg; Robert A. Ritz";"GB";"Externality; Electricity market; Electricity; Microeconomics; Industrial organization; Payment";"article";16;"Capacity mechanisms are increasingly used in electricity market design around the world yet their role remains hotly debated. This paper introduces a new benchmark model of a capacity mechanism in a competitive electricity market with many different conventional generation technologies. We consider two policy instruments, a wholesale price cap and a capacity payment, and show which combinations of these instruments induce socially-optimal investment by the market. Our analysis yields a rationale for a capacity mechanism based on the internalization of a system-cost externality—even where the price cap is set at the value of lost load. In extensions, (i) we show how increasing variable renewables penetration can enhance the need for a capacity payment under a novel condition called “imperfect system substitutability”, and (ii) we outline the socially-optimal design of a strategic reserve with a targeted capacity payment.";"Incluido"
"W3136869357";"10.5547/01956574.44.2.obov";"Firms and Households during the Pandemic: What Do We Learn from Their Electricity Consumption?";"The Energy Journal";2022;"Olympia Bover; Natalia Fabra; Sandra García-Uribe; Aitor Lacuesta; Roberto Ramos";"ES";"Electricity; Consumption (sociology); Mains electricity; Coronavirus disease 2019 (COVID-19); Electricity demand; Economics";"article";10;"We analyze the impact of the COVID-19 pandemic on electricity consumption patterns. We highlight the importance of decomposing total electricity consumption into consumption by firms and by households to better understand the economic and social impacts of the crisis. While electricity demand by firms has fallen substantially, the demand by households has gone up. In particular, our focus is on Spain where, during the total lockdown, these effects reached −29% and +10% respectively, controlling for temperature and seasonality. While the electricity demand reductions during the second wave were milder, the demand by firms remained 5% below its normal levels. We also document a change in people's daily routines in response to the stringency of the lockdown measures, as reflected in their hourly electricity consumption patterns.";"Incluido"
"W3122541953";"10.2139/ssrn.2922409";"System Integration of Wind and Solar Power in Integrated Assessment Models: A Cross-Model Evaluation of New Approaches";"SSRN Electronic Journal";2017;"Robert Pietzcker; Samuel Carrara; Shinichiro Fujimori; Nils Johnson; Alban Kitous; Yvonne Scholz; Patrick Sullivan";"DE; IT; JP; FR; AT; NL; BE; US";"Variable renewable energy; Renewable energy; Computer science; Wind power; Software deployment; Representation (politics)";"preprint";0;NA;"Incluido"
"W4360993076";"10.1109/tempr.2023.3262127";"A Comparative Study of Capacity Market Demand Curve Designs Considering Risk-Averse Market Participants";"IEEE Transactions on Energy Markets Policy and Regulation";2023;"Steffen Kaminski; Kenneth Bruninx; Erik Delarue";"BE; NL";"Demand curve; Economics; Futures studies; Remuneration; Reliability (semiconductor); Comparative statics";"article";10;"While capacity remuneration mechanisms are emerging around the globe, a variety of capacity demand curves is being used. Poorly tuned capacity demand curves can, however, lead to expensive over- or underprocurement of capacity. This work provides a methodology to directly compare different capacity demand curve design methodologies, accurately reflecting the net cost of new entry in the definition of the demand curves. To this end, a long-run equilibrium with energy-only and capacity markets with risk-averse market participants is considered. We find that sloped capacity demand curves, setting the net cost of new entry at the reliability target, and inelastic capacity demands, that are set to the reliability target, perform ideally assuming perfect foresight. Considering erroneous assumptions on the value-of-lost-load and risk-aversion, the results obtained using these sloped capacity demand curves are more sensitive to uncertainties than those using inelastic capacity targets. In contrast, conservatively tuned marginal reliability impact-based curves perform suboptimal assuming perfect foresight, but are less sensitive to erroneous parameterization.";"Incluido"
"W3178414306";"10.5445/ir/1000133282";"Market Design for the Transition to Renewable Electricity Systems";"Repository KITopen (Karlsruhe Institute of Technology)";2021;"Christoph Fraunholz";NA;"Electricity market; Flexibility (engineering); Electricity; Environmental economics; Industrial organization; Renewable energy";"dissertation";5;"The research carried out in this thesis aims to shed light on the role of the European electricity market design in the transition to a target electricity system that combines sustainability, affordability, and reliability. While the ongoing expansion of fluctuating renewable electricity sources challenges the established structures and market mechanisms, governments across Europe have decided to phase-out certain conventional technologies like coal or nuclear power. Since traditional electricity systems rely on flexibility provided by controllable generation capacity, other flexibility options are needed to compensate for the decommissioned conventional power plants and support the system integration of renewables. Against this background, the dissertation extends an established large-scale agent-based electricity market model in order to account for the developments towards an integrated European electricity market and the characteristics of storage technologies. In particular, the representation of cross-border effects is enhanced by integrating approaches from the fields of operations research, non-cooperative game theory, and artificial intelligence in the simulation framework. The extended model is then applied in three case studies to analyze the diffusion of different flexibility options under varying regulatory settings. These case studies cover some central aspects of the European electricity market, most importantly capacity remuneration mechanisms, the interaction of day-ahead market and congestion management, and the role of regulation for residential self-consumption. Results of the case studies confirm that by designing the regulatory framework, policymakers and regulators can substantially affect quantity, composition, location, and operation of technologies – both, on the supply side and the demand side. At the same time, changes and amendments to market design are frequent and will continue to be so in the years ahead. Moreover, given the increasing level of market integration in Europe, the role of cross-border effects of national market designs will gain further in importance. In this context, agent-based simulation models are a valuable tool to better understand potential long-term effects of market designs in the interconnected European electricity system and can therefore support the European energy transition.";"Incluido"
"W4313681604";"10.1016/j.egyr.2022.12.145";"Improving energy system design with optimization models by quantifying the economic granularity gap: The case of prosumer self-consumption in Germany";"Energy Reports";2023;"Seyedfarzad Sarfarazi; Shima Sasanpour; Karl‐Kiên Cao";"DE";"Prosumer; Granularity; Energy market; Computer science; Energy consumption; Risk analysis (engineering)";"article";16;"Energy system models are widely used to inform the political decisions required to successfully mitigate climate change in the energy sector. The energy system optimization models (ESOMs) used to identify cost-minimal transformation pathways assume the perfect behavior of market participants from a central planner’s perspective. Neglecting the decision-making under uncertainties or biased perceptions and attitudes leads to inaccurate assumptions regarding the requirements of a successful energy transition. In particular, ESOMs underestimate the required capacities for power generation, storage, and transmission compared with real-world energy systems, a phenomenon known as the “economic granularity gap”. Agent-based models (ABMs) are helpful tools for capturing the behavior of market actors. Hence, attempts have been made to identify and alleviate this phenomenon through the coupling of ESOMs and ABMs. In this paper, we propose an automated workflow for such model coupling and quantify the economic granularity gap for the case of photovoltaic-prosumer self-consumption. Our results show that the current business models and regulatory frameworks affecting prosumer self-consumption patterns require the adaptation of cost-minimal energy system designs. However, if correctly implemented, instruments such as dynamic tariffs could narrow the economic granularity gap, shifting real-world energy systems closer to their ideal counterparts.";"Incluido"
"W1925808460";"10.1051/epjconf/20159806001";"Economics of electricity";"EPJ Web of Conferences";2015;"Georg Erdmann";"DE";"Electricity; Homogeneous; Electricity market; Homogeneity (statistics); Mains electricity; Economics";"conference-paper";9;"The following text is an introduction into the economic theory of electricity supply and demand. The basic approach of economics has to reflect the physical peculiarities of electric power that is based on the directed movement of electrons from the minus pole to the plus pole of a voltage source. The regular grid supply of electricity is characterized by a largely constant frequency and voltage. Thus, from a physical point of view electricity is a homogeneous product. But from an economic point of view, electricity is not homogeneous. Wholesale electricity prices show significant fluctuations over time and between regions, because this product is not storable (in relevant quantities) and there may be bottlenecks in the transmission and distribution grids. The associated non-homogeneity is the starting point of the economic analysis of electricity markets.";"Incluido"
"W4320015725";"10.2139/ssrn.4343013";"High Renewable Electricity Penetration: Marginal Curtailment and Market Failure Under “Subsidy-Free” Entry";"SSRN Electronic Journal";2023;"David Newbery";"GB";"Subsidy; Renewable energy; Market failure; Market penetration; Electricity market; Penetration (warfare)";"preprint";5;NA;"Incluido"
"W2058319189";"10.1109/tpwrs.2015.2414722";"Foreword for the Special Section on Wind and Solar Energy: Uncovering and Accommodating Their Impacts on Electricity Markets";"IEEE Transactions on Power Systems";2015;"Pierre Pinson; Mark O’Malley";"DK; IE";"Dispatchable generation; Electricity; Renewable energy; Electricity market; Wind power; Electricity retailing";"article";6;"The articles in this special section focus on wind and solar energy and the impact these energy technologies and services will have on the utility markets. The aim is to give particular focus on some of the areas of investigation that may allow to 1) uncover the impact of renewables on electricity market (e.g., on market-clearing outcomes, need for ancillary services, and investment), and to 2) propose methodological innovations, being theoretically sound and of practical relevance, in order to accommodate substantial shares of renewables in power systems. Electricity network and markets were designed based on a long history of dealing with various forms of dispatchable generation, as well as a fairly predictable inelastic electricity consumption pattern, in a centralized top-down manner. Little uncertainty was involved on both generation and demand sides, hence allowing for a design of electricity markets accounting for the necessity of a forward optimal allocation, with a real-time mechanism supporting actual power system operation.";"Incluido"
"W4403973067";"10.2172/2467433";"Utility-Scale Solar, 2024 Edition: Empirical Trends in Deployment, Technology, Cost, Performance, PPA Pricing, and Value in the United States [Slides]";"Lawrence Berkeley National Laboratory";2024;"Joachim Seel; Julie Mulvaney-Kemp; Anna Cheyette; Dev Millstein; Will Gorman; Seongeun Jeong; Dana Robson; Rachman Setiawan; Mark Bolinger";"US";"Software deployment; Scale (ratio); Value (mathematics); Computer science; Operations research; Engineering";"report";15;"Technology Trends Data: Project-level metadata are sourced from a combination of Form EIA-860, FERC Form 556, state regulatory filings, interviews and websites of project developers and owners, and news and trade press articles.We independently verify much of the metadatasuch as project location, fixed-tilt vs. tracking, azimuth-via satellite imagery.Methods: Because we collect data from a variety of unaffiliated and incongruous sources, the data must be synthesized and cleaned in multiple steps before becoming useful for analytic purposes.In some cases, we essentially create new data by piecing together various snippets of information that are of less consequence on their own.";"Incluido"
"W7128562752";NA;"The French capacity market : the place of renewable energies in the presence of uncertainty";"theses.fr (ABES)";2018;"Tiphanie Fontaine";NA;"Economy; Political science; Humanities; Economics; Welfare economics; Work (physics)";"dissertation";0;"La problématique de cette thèse porte sur les impacts du marché de capacité français sur le déploiement des énergies renouvelables en présence d'incertitude. Ce marché est mis en place en France dans le but de couvrir les fortes pointes de consommation électrique. Il demande aux fournisseurs d’assurer la consommation de leurs clients lors de ces pointes en achetant des garanties auprès des producteurs d’électricité. Ce mécanisme rémunère la capacité disponible durant les périodes de tension entre offre et demande, et sa valorisation dépend de sa contribution à la sécurité d’approvisionnement. Du fait de leur nature intermittente, la rémunération des énergies renouvelables est plus incertaine que pour les autres moyens de production électrique. Cette thèse étudie l'adéquation entre un objectif de sécurité d'approvisionnement et un objectif de déploiement des énergies renouvelables, deux visées du gouvernement français.";"Incluido"
"W4293116252";"10.1007/s40518-021-00199-z";"Market Mechanisms and Technology Transition in Australia’s National Electricity Market";"Current Sustainable/Renewable Energy Reports";2022;"Luke Marshall; Anna Bruce; Iain MacGill";"AU";"Variable renewable energy; Electricity market; Bidding; Renewable energy; Electricity; Electricity retailing";"article";4;"Abstract Purpose of Review To investigate the interaction between restructured electricity market designs, in particular Australia’s National Electricity Market (NEM), and variable renewable generators. In particular, to examine how the expansion of near-zero marginal cost, variable renewable generators may impact participant incentives and market power. Recent Findings The technology transition may significantly impact bidding behaviour in electricity markets such as the NEM. Summary This paper identifies and explores key challenges including the impact of renewables on electricity market power, incentive structures for variable renewables, potential for exercise of market power in the Australia’s electricity market as well as contracting and bidding strategies for variable renewables.";"Incluido"
"W3194202313";"10.3390/en14165151";"Can Decarbonisation and Capacity Market Go Together? The Case Study of Poland";"Energies";2021;"Aleksandra Komorowska";"PL";"Remuneration; Context (archaeology); Electric power system; Nameplate capacity; Fossil fuel; Energy market";"article";13;"In recent years, numerous countries have introduced or considered capacity markets as remuneration mechanisms for long-term capacity adequacy. Since adequacy is frequently linked with thermal power generation, there is an ongoing debate as to whether this instrument could impact decarbonisation. In this context, the paper presents a quantitative assessment of the consequences of introducing a capacity market on decarbonisation pathways. The Polish power system is taken as an example due to its heavy dependence on fossil fuels. To this end, a computable model of the Polish power system is developed and applied to the study of two research scenarios. The first scenario presents the power system without introducing a capacity market, while the latter considers the system with a capacity market in place. The analysis shows that the introduction of a capacity market delays the decarbonisation of the power system and has a negative impact on carbon neutrality. Even though coal-fired units are phased out, they are mainly replaced by natural gas. The method and model developed within this study can be applied to countries where a capacity market is being discussed, and fossil fuels continue to play a dominant role.";"Incluido"
"W4405316392";"10.1016/j.eneco.2024.108132";"Hedging and tail risk in electricity markets";"Energy Economics";2024;"Farhad Billimoria; Jacob Mays; Rahmatallah Poudineh";"GB; US";"Economics; Electricity; Tail risk; Financial economics; Natural resource economics; Econometrics";"article";17;NA;"Incluido"
"W4237056384";"10.26889/9781784670474";"Electricity markets are broken";NA;2016;"Malcolm Keay";NA;"Electricity; Business; Economics; Commerce; Engineering; Electrical engineering";"report";27;"This paper argues that electricity markets in Europe are broken. The increasing penetration of subsidised, zero marginal cost, intermittent generation has distorted prices to the extent that they can no longer give effective signals for investment or operation. The problem is increasingly being recognised but there is no consensus on the solution. The paper considers […]";"Incluido"
"W3124025201";"10.21314/jem.2016.150";"Systematic analysis of the evolution of electricity and carbon markets under deep decarbonization";"The Journal of Energy Markets";2016;"Derek W. Bunn; William Blyth; Michail Chronopoulos; José Ignacio Muñoz-Hernández";"CM; ES";"Stylized fact; Electricity; Liberalization; Task (project management); Electricity market; Industrial organization";"article";4;"The decarbonization of electricity generation presents policy makers in many countries with the delicate task of balancing initiatives for technological change with a commitment to market liberalization. Despite the theoretical attractions, it has become doubtful whether carbon markets by themselves can offer the desired solution. We address this question through an integrated modeling framework, stylized for the Great Britain (GB) power market within the EU ETS, which includes three distinct components: (a) long-term least-cost capacity planning, similar in functionality to many used in policy analysis, but innovative in providing the endogenous calculation of carbon prices; (b) short-term price risk analysis producing hourly dispatch and pricing outputs, which are used to test the annual financial performance metrics implied by the longer-term investments; and (c) agent-based computational learning to derive pricing behavior in imperfect markets. The results indicate that the risk/return profile of electricity markets may deteriorate substantially as a result of decarbonization, reducing the propensity of companies to invest in the absence of increased government support and/or more beneficial market circumstances. If allowed, markets may adjust by deferring investment until conditions improve, consolidating to increase market power, or operating in a tighter market with reduced spare capacity. To the extent that each of these “market-led” solutions may be politically unpalatable, policy design will need to sustain a delicate regulatory regime, moderating the possible increased market power of companies while maintaining low-carbon subsidies for longer than expected. This paper considers some of the modeling implications for this compromise.";"Incluido"
"W2733447637";NA;"The total cost renewable energy : integrating variable generation in today's electric power system";"Comillas Repository (Comillas Pontifical University)";2014;"Henry Balderston";NA;"Variable renewable energy; Renewable energy; Variable (mathematics); Electricity generation; Electric power; Electric energy";"dissertation";0;NA;"Incluido"
"W2277517127";"10.2139/ssrn.2537463";"Systematic Analysis of the Evolution of Electricity and Carbon Markets Under Deep Decarbonisation";"SSRN Electronic Journal";2014;"William Blyth; Derek W. Bunn; Michail Chronopoulos; José Muñoz";"GB; NO; ES";"Electricity market; Electricity; Subsidy; Industrial organization; Liberalization; Investment (military)";"preprint";4;NA;"Incluido"
"W1850816961";NA;"Scenarios for the development of smart grids in the UK: literature review";"ORCA Online Research @Cardiff (Cardiff University)";2014;"Dimitrios Xenias; Colin J. Axon; Nazmiye Balta‐Ozkan; Liana Cipcigan; Peter Connor; Rosemary Davidson; Alexa Spence; Gareth Taylor; Lorraine Whitmarsh";NA;"Smart grid; Electricity; Mains electricity; Business; Energy management; Risk analysis (engineering)";"book";14;"No abstract";"Incluido"
"W2747847657";NA;"The Role of Energy Storage Technologies for the Integration of Renewable Electricity into the German Energy System";"mediaTUM – the media and publications repository of the Technical University Munich (Technical University Munich)";2016;"Jan Michalski";NA;"Renewable energy; Electricity; Electricity market; Energy storage; Electricity system; Context (archaeology)";"dissertation";6;"7 EEX AG was founded in 2002 as a merger of the European Energy Exchange based in Frankfurt and the Leipzig Power Exchange (LPX).Through its subsidiaries, the company operates trading platforms among others for electricity derivatives, CO 2 emission certificates, and other primary energy carriers such as natural gas, coal, and oil.EPEX SPOT SE was established in 2008 through a merger of German and French spot trading activities by EEX AG and Paris-based Powernext SA.Today, EPEX SPOT SE is located in Paris and provides trading services for different electricity spot markets in Germany/Austria (with a common trading area for both countries), France, and Switzerland.8 Phelix stands for 'Physical Electricity Index'.9 Day-ahead auction is considered a part of the spot market although technically it allows for trading electricity with a future delivery date.This classification is in line with Ockenfels et al. (2008) and Schill (2011a).";"Incluido"
"W4285119797";"10.1007/978-3-030-86884-0_8";"Hydropower";NA;2022;"Eike Blume-Werry; Martin Everts";"DE";"Hydropower; Renewable energy; Electricity generation; Small hydro; Electricity; Pumped-storage hydroelectricity";"book-chapter";7;"Abstract Hydropower is one of the oldest power generation technologies and the source of the largest power stations in the world. Despite a phenomenal rise of new renewable generation technologies, hydropower remains responsible for most of the renewable electricity generation around the globe. This chapter explores the economics of power generation from hydro and its advantages as well disadvantages. It describes the characteristics of the three hydropower generation types: run-of-river, hydro storage and pumped storage in detail and provides an outlook on the future role of hydropower in modern energy systems.";"Incluido"
"W2941233203";NA;"Performance of electricity markets & power plant investments in the transition to a low-carbon power system";"Minerva Access (University of Melbourne)";2018;"Daniel Marshman";NA;"Economics; Wind power; Electricity generation; Renewable energy; Electricity market; Electricity";"dissertation";6;"© 2018 Dr. Daniel Marshman";"Incluido"
"W2396061326";"10.14279/depositonce-4291";"The economics of wind and solar variability";"DepositOnce";2014;"Lion Hirth";NA;"Environmental science; Meteorology; Geography";"dissertation";4;"Die Variabilität von Wind- und Solarenergie hat signifikanten Einfluss auf Stromsysteme und Elektrizitätsmärkte, sobald diese Technologien in signifikantem Maßstab Anwendung finden. Im weltweiten Durchschnitt erzeugen solche „variablen Erneuerbaren“ heute zwar nur 2.5% der elektrischen Energie, aber alle Prognosen weisen auf eine zunehmende Bedeutung hin - und eine Reihe von Ländern erreicht schon heute Wind- und Solaranteile von 20% oder mehr. Diese Doktorarbeit trägt zu System- und Marktintegrations-Literatur bei, die die Effekte der Variabilität untersucht. Welchen Einfluss hat die Variabilität von Wind- und Solarenergie auf die Wirtschaftlichkeit dieser Technologien? Der Einfluss lässt sich in (mindestens) drei Perspektiven darstellen: als Reduktion des ökonomischen Wertes (Grenznutzen) von Windstrom, als Anstieg der Erzeugungskosten, und als Reduktion des wohlfahrts-optimalen Ausbaus. Zwischen diesen drei alternativen Perspektiven zu übersetzen ist nicht trivial, wie die Unklarheiten und Missverständnisse um das Konzept von ""Integrationskosten"" belegen. Deshalb die Forschungsfrage, noch einmal, präzisiert: Wie beeinflusst die Variabilität von Wind- und Solarenergie den Wert, die optimale Menge, und die Integrationskosten dieser Technologien? Diese Studie besteht aus sechs eigenständigen Artikeln. Zwei davon entwickeln einen ökonomischen Analyserahmen, in dessen Zentrum die spezifischen Eigenschaften des Gutes Strom sowie die spezifischen Eigenschaften von Wind- und Solarenergie als Stromerzeuger stehen. Im Anschluss untersuchen drei Artikel quantitative Fragen und schätzen den Wert und den optimalen Ausbau von variablen Erneuerbaren. Diese Artikel basieren auf dem dafür entwickelten numerischen Strommarktmodell EMMA, auf einer ökonometrischen Auswertung empirischer Marktdaten, sowie einer quantitativen Metastudie der publizierten Literatur. Der letzte Artikel befasst sich mit Fragen des Marktdesigns. Die zentralen Ergebnisse lassen sich wie folgt zusammenfassen. Strom ist ein spezielles ökonomisches Gut, das gleichzeitig perfekt homogen und heterogen ist. Strom ist entlang dreier Dimensionen heterogen: Zeit, Raum, und Vorlaufzeit. Diese Heterogenität ergibt sich aus der Physik von Elektrizität, insbesondere ihrer Nicht-Speicherbarkeit. Als unmittelbare Konsequenz beeinflusst die Variabilität von Wind und Solar deren Wirtschaftlichkeit. Beispielsweise ist der Wert von Windstrom bei einem Wind-Marktanteil von 30% etwa 30-50% geringer als der Wert von Strom aus einer konstanten Quelle. Diese Wertminderung ist vor allem darauf zurückzuführen, dass in einem Stromsystem mit hohem Windanteil kapitalintensive thermische Kraftwerke schlechter ausglastet sind. Der Einfluss von Variabilität lässt sich nicht nur in Wertverlust ausdrücken, sondern als Kostenanstieg, oder als Einfluss auf die optimale Menge. Der genannte Wertverlust entspricht einem Kostenanstieg von 30-50% oder einer Reduktion des optimalen Windanteils um zwei Drittel. Daraus lassen sich sieben politik-relevante Schlussfolgerungen ableiten: 1. Windkraft wird eine signifikante Rolle im zukünftigen Strommix spielen (im Vergleich zu heute). 2. Gleichzeitig wird ihre Rolle begrenzt sein (im Vergleich zu einigen politischen Ambitionen). 3. Es gibt eine Reihe von effektiven Maßnahmen, um Windkraft in Stromsysteme zu integrieren, wie Investitionen in Übertragungsnetze, Flexibilisierung von thermischen Erzeugern, und neuem Turbinendesign. Stromspeicher spielen dagegen eine untergeordnete Rolle (sind allerdings für Solarenergie relevanter). 4. Um diese Änderungen anzureizen, müssen effiziente Preissignale vorhanden sein. 5. Der Ausbau der Erneuerbaren sollte in einer angemessenen Geschwindigkeit erfolgen. 6. Variable Erneuerbare sind keine guten Komplementärtechnologien zu Kernkraft oder CCS - diese Technologien sind zu kapitalintensiv. 7. Der Ausbau der Erneuerbaren ist nicht nur eine Frage von Effizienz, sondern auch von Umverteilung. Umverteilungseffekte können quantitativ bedeutsam sein und sind möglicherweise ein zentraler politischer Treiber.";"Incluido"
"W4317669875";"10.48550/arxiv.2301.07997";"From prosumer to flexumer: Case study on the value of flexibility in decarbonizing the multi-energy system of a manufacturing company";"RePEc: Research Papers in Economics";2023;"Markus Fleschutz; Markus Bohlayer; Marco Braun; Michael D. Murphy";NA;"Flexibility (engineering); Environmental economics; Electricity; Demand response; Fossil fuel; Renewable energy";"preprint";3;"Digitalization and sector coupling enable companies to turn into flexumers. By using the flexibility of their multi-energy system (MES), they reduce costs and carbon emissions while stabilizing the electricity system. However, to identify the necessary investments in energy conversion and storage technologies to leverage demand response (DR) potentials, companies need to assess the value of flexibility. Therefore, this study quantifies the flexibility value of a production company's MES by optimizing the synthesis, design, and operation of a decarbonizing MES considering self-consumption optimization, peak shaving, and integrated DR based on hourly prices and carbon emission factors (CEFs). The detailed case study of a beverage company in northern Germany considers vehicle-to-X of powered industrial trucks, power-to-heat on multiple temperatures, wind turbines, photovoltaic systems, and energy storage systems (thermal energy, electricity, and hydrogen). We propose and apply novel data-driven metrics to evaluate the intensity of price-based and CEF-based DR. The results reveal that flexibility usage reduces decarbonization costs (by 19-80% depending on electricity and carbon removal prices), total annual costs, operating carbon emissions, energy-weighted average prices and CEFs, and fossil energy dependency. The results also suggest that a net-zero operational carbon emission MES requires flexibility, which, in an economic case, is provided by a combination of different flexible technologies and storage systems that complement each other. While the value of flexibility depends on various market and consumer-specific factors such as electricity or carbon removal prices, this study highlights the importance of demand flexibility for the decarbonization of MESs.";"Incluido"
"W2284688230";NA;"Cross-border effects of capacity mechanisms: Do uncoordinated market design policies countervail the goals of European market integration?";"Econstor (Econstor)";2014;"Roland Meyer; Olga Gore";NA;"Business; Industrial organization; Economics";"report";5;"This article analyses cross-border effects of capacity mechanisms and discusses whether such mechanisms countervail the goals of European Market Integration. Using a two-country-model, the countries' policy options are analysed from a game-theoretical viewpoint. A model simulation identifies the main effects on investments, trade, and overall welfare. We find that a strategic reserve and reliability options have both negative cross-border effects if implemented unilaterally. This exerts pressure on the neighbouring country to change its market design as well. Given that both countries chose their optimal market design, however, the Nash Equilibrium is welfare improving from an overall point of view. Reliability options are superior to a strategic reserve as they avoid a non-market-based dispatch of generation and thus increase market trade and welfare. Furthermore, surpluses are redistributed from producers to consumers, which serves overall welfare if the focus is on consumer benefits.";"Incluido"
"W2491481604";"10.14279/depositonce-4497";"Integrating variable electricity supply from wind and solar PV into power systems";"DepositOnce";2015;"Falko Ueckerdt";NA;"Photovoltaic system; Wind power; Variable (mathematics); Stand-alone power system; Grid parity; Electricity";"dissertation";4;"Die Stromerzeugung aus Windkraft und Photovoltaik unterscheidet sich von fossilen und nuklearen Kraftwerken durch ihre Dargebotsabhängigkeit. Die Kraftwerksleistung von Wind und Solar schwankt in Abhängigkeit von Wetterbedingungen und kann nur begrenzt zur Deckung der aktuellen Stromnachfrage reguliert werden. Dies verursacht „Integrationskosten“ die zusätzlich zu den Stromgestehungskosten im Stromsystem anfallen. Diese Doktorarbeit hat das Ziel die ökonomische Bewertung von Wind und Solar im Hinblick auf deren Dargebotsabhängigkeit und Integrationskosten zu verbessern. Die drei Unterziele sind Beiträge zum Verständis i) der Ökonomie der Dargebotsabhängigkeit von Wind und Solar, ii) der Darstellung von Dargebotsabhängigkeit in numerischen Modellen und iii) der mit Wind und Solar verbundenen kurzfristigen Kosten und Umverteilungseffekte. Zunächst präsentiere ich einen analytischen Rahmen für die Ökonomie der Dargebotsabhängigkeit. Er basiert auf einer neuen Definition von Integrationskosten, die im Unterschied zu früheren Definitionen einen klaren Bezug zu ökonomischer Theorie aufweist und alle Kosten der Dargebotsabhängigkeit umfasst. Der analytische Rahmen zeigt die Existenz einer neuen Integrationskostenkomponente: Profilkosten. Die Komponente erfasst den niedrigen Kapazitätsbeitrag von Wind und Solar, die Reduktion der Betriebsstunden von regelbaren Kraftwerken und potentiell überproduzierte erneuerbare Erzeugung. Auf Basis des entwickelten analytischen Rahmens werden Integrationskosten für die Stromerzeugung aus Windkraft quantifiziert. Mit einer umfassenden Literaturrecherche und neuen Modellergebnissen wird gezeigt, dass (marginale) Integrationskosten mit höheren Anteilen von Wind steigen und ungefähr 25–45 €/MWh bei einem Anteil von etwa 30% betragen. Diese Werte sind hoch im Vergleich zu typischen durchschnittlichen Börsenstrompreisen oder Gestehungskosten von Wind von etwa 60 €/MWh. Integrationskosten reduzieren den optimalen und wettbewerbsfähigen Anteil von Wind und Solar. Die ökonomische Attraktivität von Wind und Solar könnte jedoch steigen, wenn die vollen Kosten von konventionellen Erzeugungstechnologien berücksichtigt werden, vor allem die externen Kosten des Klimawandels aufgrund der Nutzung fossiler Energieträger sowie Gesundheitsrisiken bei der Nutzung der Kernenergie. Zudem können Integrationskosten durch den Ausbau von Integrationsoptionen gesenkt werden. So könnten Profilkosten durch einen strukturellen Wandel von kapitalintensiven Grundlastkraftwerken hin zu Mittel- und Spitzenlastkraftwerken wie Gaskraftwerken deutlich reduziert werden. Noch tiefgehendere Veränderungen des Energiesystems, wie eine Veränderung der zeitlichen Struktur von Nachfrageprofilen, weitreichende Übertragungsnetze oder Energiespeicher, könnten Integrationskosten weiter reduzieren. Der zweite übergeordnete Beitrag dieser Arbeit ist die Entwicklung eines Ansatzes zur Verbesserung der Darstellung von Dargebotsabhängigkeit in Integrated-Assessment-Modellen. Der RLDC Ansatz erlaubt eine explizite Modellierung von Profilkosten, der wichtigsten Komponente von Integrationskosten. Residuale Lastdauerkurven werden in einem langfristigen Energie-Ökonomie-Modell implementiert. Hiermit können sowohl Integrationsherausforderungen als auch induzierte Systemanpassungen endogen modelliert werden. Die Systemanpassungen umfassen Veränderungen des konventionellen Kapazitätsmixes oder den Ausbau von Power-to-Gas, d.h. der Speicherung von erneuerbarem Strom als Wasserstoff oder Methan. Der dritte Beitrag zeigt, dass in einer kurzfristigen Perspektive, wenn Förderinstrumente den Ausbau von Wind und Solar treiben, besonders hohe Integrationskosten entstehen können. Diese Kosten entstehen nicht nur aufgrund der Dargebotsabhängigkeit, sondern aufgrund einer ungünstigen Kombination von drei Aspekten: der Dargebotsabhängigkeit, eines für den Ausbau von Wind und Solar ungünstiges bestehendes Stromsystem, und einer niedrigen Erneuerungsrate des bestehenden Kapitals im Stromsystem. Daraus kann eine Barriere für einen langfristig optimalen Ausbau von Wind und Solar entstehen. Umverteilungseffekte verstärken diesen potentiellen „Lock-in-Effekt“. Wenn Umverteilungseffekte von der Gesellschaft oder einzelnen Akteuren nicht erwünscht sind, können sie zu einem Hemmnis für die Einführung der zugrunde liegenden Instrumente sein. Eine Kombination aus mehren Instrumenten, wie der Förderung von Wind und Solar und einer Bepreisung von CO2-Emissionen, kann es politischen EntscheiderInnen erlauben, Umverteilung zu reduzieren.";"Incluido"
"W4401250339";"10.15446/sicel.v11.109698";"Operating Reserve Demand Curves for the Integration of Variable Renewable Energies in the Chilean Power System";"Simposio Internacional sobre la Calidad de la Energía Eléctrica - SICEL";2024;"Sergio Díaz Pizarro; Esteban Gil; Jorge Berríos";"EC; CL";"Variable renewable energy; Renewable energy; Variable (mathematics); Economics; Electric power system; Power (physics)";"article";0;"When incorporating non-dispatchable renewable sources into an electric power system, it's important to consider how this affects the optimal definition of operating reserves. In order to ensure effective short and long-term investments in new capacity, appropriate price signals must be put in place. The mechanisms used to define the optimal price of new capacities associated with operational reserve must reflect the temporality of the reliability and safety of the electric power system. Society places a high value on electricity consumption, as evidenced by the Value of Lost Load (VOLL). Therefore, the incremental value of reserves that reduce the probability of a loss event (Loss of Load Probability - LOLP) must be greater than zero when reserves are not abundant. To evaluate the adequate reserve requirements that a system needs, operating reserve demand curves (ORDC) are an explicit and dynamic administrative mechanism. They consider multiple sources of uncertainty in the system that cause imbalances between generation and demand, setting a dynamic price based on its contribution to improving the reliability of the system. This provides effective signals of the actual condition of the scenario through its impact on marginal cost. In a market such as the Chilean, introducing this strategy allows operators to increase prices during scarcity events as prices are determined by the marginal cost of the most expensive generation unit operating in the system. Introducing this scarcity mechanism will substantially impact investment incentives, delivering appropriate signals to encourage and support new technologies linked to the new path that Chile is advancing. This paper proposes a methodology to optimally incorporate renewable sources such as wind and sun into systems with hydrothermal characteristics, such as the Chilean one.";"Incluido"
"W2186230774";"10.2172/1095932";"New wholesale power market design using linked forward markets :";NA;2013;"Cesar Silva Monroy; Verne Loose; James A. Ellison; Ryan Elliott; Raymond H. Byrne; Ross Guttromson; Leigh Tesfatsion";NA;"Procurement; Investment (military); Business; Industrial organization; Product (mathematics); Electric power system";"report";10;"This report proposes a reformulation of U.S. ISO/RTO-managed wholesale electric power mar- kets for improved reliability and e ciency of system operations. Current markets do not specify or compensate primary frequency response. They also unnecessarily limit the participation of new technologies in reserve markets and o er insu cient economic inducements for new capacity invest- ment. In the proposed market reformulation, energy products are represented as physically-covered rm contracts and reserve products as physically-covered call option contracts. Trading of these products is supported by a backbone of linked ISO/RTO-managed forward markets with planning horizons ranging from multiple years to minutes ahead. A principal advantage of this reformulation is that reserve needs can be speci ed in detail, and resources can o er the services for which they are best suited, without being forced to conform to rigid reserve product de nitions. This should improve the business case for electric energy storage and other emerging technologies to provide reserve. In addition, the facilitation of price discovery should help to ensure e cient energy/reserve procurement and adequate levels of new capacity investment.";"Incluido"
"W4415276227";"10.1016/j.enpol.2026.115518";"Impact of renewable energy communities on the Italian day-ahead electricity market: A scenario analysis";"Energy Policy";2026;"Maksym Koltunov; Filippo Beltrami; Luigi Grossi; Nicola Blasuttigh";"IT";"Renewable energy; Environmental economics; Electricity; Counterfactual thinking; Software deployment; Prosumer";"article";0;NA;"Incluido"
"W3174986708";"10.20944/preprints202102.0133.v2";"Economic Sustainability of Small-Scale Hydroelectric Plants on National Scale – The Italian Case Study";"Preprints.org";2021;"A. Raimondi; Filippo Bettoni; Alberto Bianchi; Gianfranco Becciu";"IT; US";"Hydroelectricity; Sustainability; Emergy; Context (archaeology); Incentive; Electricity";"preprint";5;"The feasibility of hydroelectric plants depends on a variety of factors: water resource regime, geo-graphical, geological and environmental context, available technology, construction cost and eco-nomic value of produced energy. Choices about the building or renewal of hydroelectric plants should be based on the forecast of the future trend of these factors at least during the project life of the system. Focusing on the economic value of the produced energy this paper examines its influ-ence on the feasibility of hydroelectric plants. Analysis, referred to Italian case, were based on three different phases: i) the economic sustainability of small-scale hydroelectric plants under a minimum price guaranteed to the hydroelectric operator; ii) the estimate of the incentives to reach the thresholds of ""acceptability"" and ""bankability"" of the investment; iii) the analysis of results ob-tained in the previous phases using a model of the evolution of the electricity price in the period 2014-2100.";"Incluido"
"W4242802707";"10.26889/9781907555602";"Decarbonisation of the electricity sector";NA;2012;"Malcolm Keay; John Rhŷs; David Robinson";NA;"Electricity; Business; Natural resource economics; Environmental science; Industrial organization; Economics";"report";7;"Governments across the OECD are committed to ambitious reductions in CO2 emissions. Electricity is central to this agenda as the sector where the earliest and steepest cuts will be sought. A number of countries, like the UK, are already in the process of reforming their electricity markets in order to ensure the delivery of the […]";"Incluido"
"W4288280370";"10.48550/arxiv.1907.12370";"Design and Field Implementation of Blockchain Based Renewable Energy\n Trading in Residential Communities";"arXiv (Cornell University)";2019;"Shivam Saxena; Hany E. Z. Farag; Aidan Brookson; Hjalmar Turesson; Henry Kim";NA;"Blockchain; Microgrid; Smart contract; Clearing; Renewable energy; Environmental economics";"preprint";0;"This paper proposes a peer to peer (P2P), blockchain based energy trading\nmarket platform for residential communities with the objective of reducing\noverall community peak demand and household electricity bills. Smart homes\nwithin the community place energy bids for its available distributed energy\nresources (DERs) for each discrete trading period during a day, and a double\nauction mechanism is used to clear the market and compute the market clearing\nprice (MCP). The marketplace is implemented on a permissioned blockchain\ninfrastructure, where bids are stored to the immutable ledger and smart\ncontracts are used to implement the MCP calculation and award service contracts\nto all winning bids. Utilizing the blockchain obviates the need for a trusted,\ncentralized auctioneer, and eliminates vulnerability to a single point of\nfailure. Simulation results show that the platform enables a community peak\ndemand reduction of 46%, as well as a weekly savings of 6%. The platform is\nalso tested at a real-world Canadian microgrid using the Hyperledger Fabric\nblockchain framework, to show the end to end connectivity of smart home DERs to\nthe platform.\n";"Incluido"
"W7153420694";NA;"Capacity mechanisms within the EU internal electricity market as a response to security of supply and energy transition";"Dione (University of Piraeus)";2026;"Maria Arvaniti; Μαρία Αρβανίτη";NA;"Economics; Per capita; Renewable energy; Electricity market; Cournot competition; Electricity";"dissertation";0;"The thesis aims to answer whether and under which conditions capacity mechanisms (CMs) can effectively address security of supply in EU internal electricity market as well as the energy transition. It also embeds current CM practice within a shift from the energy-only market (EOM) framework towards a capacity-dominated market design. Methodologically it contributes by providing: (i) structured literature review on legal, economic and policy knowledge available with respect to EOM, missing-money problem and EU adequacy governance, (ii) empirical cross-sectional analysis in 27 European states mainly exploiting ACER monitoring data for measures on wholesale price volatility, renewable energy sources (RES) penetration, capacity-market design parameters and adequacy metrics, (iii) a simplified Cournot model of a capacity market that examines how adequacy assumptions and market concentration affect equilibrium capacity prices and quantities. The empirical findings show that the wholesale daily price spread in countries with CMs is lower than across EOM even when controlling for RES contribution and some other structural indicators. CM arrangements are currently fossil fuel dependent with limited cross-border participation while the CM costs per capita vary significantly even for countries with a similar level of security of supply. The Cournot analysis highlights the importance of capacity prices as adequacy signals which are likely to exceed the cost of new entry in a concentrated market when reliability is highly regarded. The thesis argues that CMs have become a part of the EU’s security of supply policy even if CMs role to energy trilemma is still ambiguous. Enhanced harmonisation of adequacy governance, regional integration and competitiveness mechanisms along with improvements in the alignment of CM performance incentives with flexibility and decarbonisation priorities will support a capacity-dominated market design in the future.";"Incluido"
"W4410604726";"10.3390/en18112670";"Lower-Carbon Substitutes for Natural Gas for Use in Energy-Intensive Industries: Current Status and Techno-Economic Assessment in Lithuania";"Energies";2025;"Aurimas Lisauskas; Nerijus Striūgas; Adolfas Jančauskas";"LT";"Natural gas; Current (fluid); Natural resource economics; Energy (signal processing); Carbon fibers; Natural (archaeology)";"article";2;"Significant shortfalls in meeting the climate mitigation targets and volatile energy markets make evident the need for an urgent transition from fossil fuels to sustainable alternatives. However, the integration of zero-carbon fuels like green hydrogen and ammonia is an immense project and will take time and the construction of new infrastructure. It is during this transitional period that lower-carbon natural gas alternatives are essential. In this study, the industrial sectors of Lithuania are analysed based on their energy consumption. The industrial sectors that are the most energy-intensive are food, chemical, and wood-product manufacturing. Synthetic natural gas (SNG) has become a viable substitute, and biomethane has also become viable given a feedstock price of 21 EUR/MWh in the twelfth year of operation and 24 EUR/MWh in the eighth year, assuming an electricity price of 140 EUR/MWh and a natural gas price of 50 EUR/MWh. Nevertheless, the scale of investment in hydrogen production is comparable to the scale of investment in the production of other chemical elements; however, hydrogen production is constrained by its high electricity demand—about 3.8 to 4.4 kWh/Nm3—which makes it economically viable only at negative electricity prices. This analysis shows the techno-economic viability of biomethane and the SNG as transition pathways towards a low-carbon energy future.";"Incluido"
"W4410444294";"10.3390/en18102578";"Assessing the Implications of Integrating Small Modular Reactors in Modern Power Systems";"Energies";2025;"Christos K. Simoglou; I. Kaissas; Pandelis N. Biskas";"GR";"Modular design; Power (physics); Computer science; Systems engineering; Nuclear engineering; Engineering";"article";6;"This paper investigates the long-term impact of integrating emerging Small Modular Reactors (SMR) in modern power systems. A chronological simulation of the Greek day-ahead market and real-time balancing market with fine time granularity is conducted for a future 20-year period (2032–2051) under four SMR penetration scenarios using a specialized integrated market simulation software. Simulation results indicate that SMR units can be regarded as a promising electricity generation solution in the forthcoming energy transition landscape. The introduction of up to 3 GW of SMR capacity is projected to significantly decrease reliance on gas imports by up to 62%, reduce carbon emissions by up to 52%, and lower overall electricity costs for end-consumers by up to 21% as compared to a baseline scenario without SMRs. It is anticipated that SMR units are expected to leverage their operating advantages and generally achieve positive financial results when participating directly in the wholesale market. However, their economic viability is highly dependent on their initial capital expenditure and other operating cost components, which at present are highly uncertain.";"Incluido"
"W2972817401";"10.1016/j.ifacol.2019.08.246";"Mechanism Design for Virtual Power Plant with Independent Distributed Generators";"IFAC-PapersOnLine";2019;"Alfiya Kulmukhanova; Ali T. Al‐Awami; Ibrahim El‐Amin; Jeff S. Shamma";"SA";"Dispatchable generation; Virtual power plant; Distributed generation; Electricity; Grid; Electricity market";"article";9;"Penetration of distributed energy resources (DERs) in the legacy grid is leading to lower wholesale electricity prices, higher balancing costs, and reliability issues. We study a virtual power plant (VPP) — an aggregation of DERs — as a feasible and non-disruptive way of integrating these resources into electricity markets. We design the VPP with a combination of dispatchable and non-dispatchable generators which are privately owned and might have private information. The VPP acts as an intermediary between the generators and the day-ahead wholesale market and balances the system locally in real time. Using mechanism design, we design heuristic transfers of the VPP to the generators to reduce the operating cost of the overall system. From the simulations, we conclude that the overall cost of the system and the behavior of the generators and the VPP with the designed transfers are similar to those of the centralized VPP case, where the VPP owns and manages the generators within its territory.";"Incluido"
"W4229492711";"10.26889/9781784670948";"Electricity market design for a decarbonised future";NA;2017;"Rahmatallah Poudineh; Donna Peng";"GB";"Electricity market; Electricity; Business; Computer science; Engineering; Electrical engineering";"report";6;"In recent years, the debate on electricity market design in the EU has focused on the fitness-for-purpose of the existing dominant design, the appropriateness of energy policy that underpins the existing market design, and on the process through which energy policy is coordinated with market design. In this paper, we contribute to this debate on […]";"Incluido"
"W3096905602";NA;"Can renewable energy, with LNG for flexibility, replace nuclear energy as a base-load option in South Africa?";"Boloka Institutional Repository (North-west University)";2020;"F.S. Espinheira";NA;"Renewable energy; Flexibility (engineering); Natural resource economics; Engineering; Business; Environmental economics";"dissertation";0;"As a result of the low prices realised in Bid Window 4 of the REIPPP programme, a growing number of South African energy experts have expressed the belief that the least-cost new build option for South Africa is variable renewable energy, in the form of solar PV and wind, with natural gas generation to provide a flexible back-up.They believe furthermore, that this signals the end of the road for traditional ""base-load"" technologies such as nuclear and coal.These ideas are vehemently opposed by the pro-nuclear lobby which views the combination of renewables and natural gas as a recipe for disaster.This study investigates whether a combination of solar PV and wind with LNG for flexibility can indeed supply base-load and in so doing, replace nuclear technology as a base-load option for South Africa.It compares the cost of three combinations of solar PV and wind with an LNG backup to nuclear, using LCOE as a metric for comparison.It then investigates the technical feasibility of supplying base-load with renewables and LNG, firstly by comparing gas turbine ramping rates to renewables variability rates and secondly, through a literature review, whether there are any other insurmountable technical challenges.The literature review includes an assessment of whether renewables can supply 100 % of an electricity system's requirements.It finds that renewables plus natural gas for flexibility is cheaper than nuclear for all three scenarios analysed, and that there are no insurmountable technical problems to renewables supplying a significant portion of a system's base-load requirements.On the matter of renewables providing 100 % of a system's needs however, there remains a lack of historical evidence that renewables can do this.Although LCOE is a valuable comparative tool, it sometimes omits significant externalities.In this case the data used was found to exclude the cost of establishing LNG importing infrastructure in South Africa.Importing LNG will also introduce the risk of price shocks and negative exchange rate fluctuations.Furthermore, although LNG is cleaner than coal it is not as clean as nuclear.The prudent approach to energy planning in South Africa therefore, is to spread the risk and adopt an ""energy mix"" approach in which no single technology dominates.A small window of opportunity remains open for nuclear technology in South Africa, but to exploit this opportunity nuclear technology must urgently find ways to address commonly held public perceptions that it is an expensive and unsafe technology.";"Incluido"
"W2962999774";"10.5445/ir/1000096476";"Capacity remuneration mechanisms for electricity markets in transition";"Repository KITopen (Karlsruhe Institute of Technology)";2019;"Andreas Bublitz";NA;"Remuneration; Electricity; Business; Transition (genetics); Economics; Labour economics";"dissertation";3;NA;"Incluido"
"W3081628074";"10.3390/su12177139";"Managing Wind Turbine Generators with a Profit Maximized Approach";"Sustainability";2020;"Dominik McInnis; Massimiliano Capezzali";"CH";"Tariff; Electricity; Subsidy; Electricity market; Profit (economics); Revenue";"article";4;"In Europe, at least 3 GW installed capacity of wind turbine generators (WTG) will fall out of subsidy schemes every year from 2021 onwards. An estimated 50% of this capacity cannot be replaced with new WTG due to commercial and legal restrictions. The remaining options are either to sell the electricity without subsidies on the wholesale electricity market—a novelty for most WTG, as most are receiving a feed-in tariff—or their dismantlement. Since the electricity market fixes the price at the intersection of demand and short run marginal production costs, WTG might struggle to generate enough revenues to cover their costs. This paper proposes an innovative commercialization strategy for WTG after the end of the feed-in tariff, namely a profit-maximized approach that focuses on synergies between revenues and costs when increasing the curtailments of the WTG. The two key elements of this approach are a more flexible and variable cost structure and a central overall optimization process. The paper proves the potential of this new strategy and highlights the necessity of further research for WTG at the end of their lifetime from a technical and commercial perspective, due to the impact on the initial investment decision and best allocation of subsides.";"Incluido"
"W3002865939";"10.33223/epj/109994";"A review of the 2018 Polish capacity market auctions";"Polityka Energetyczna – Energy Policy Journal";2019;"Aleksandra Komorowska; Jacek Kamiński";"PL";"Common value auction; Business; Economics; Microeconomics";"article";15;"A review of the 2018 Polish capacity";"Incluido"
"W4405080779";"10.5194/wes-9-2283-2024";"Designing wind turbines for profitability in the day-ahead market";"Wind energy science";2024;"Mihir Kishore Mehta; Michiel Zaaijer; Dominic von Terzi";"NL";"Wind power; Profitability index; Business; Environmental science; Engineering; Finance";"article";4;"Abstract. Traditionally, wind turbine and wind farm designs have been optimized to minimize the cost of energy. Such a design would make sense when bidding in price-based auctions. However, in a future with a high share of renewables and zero subsidies, the wind farm developer is exposed to the volatility of market prices, where the price paid per kilowatt-hour of energy would not be constant anymore. The developer might then have to maximize the revenue earned by participating in different energy, capacity, or ancillary services markets. In such a scenario, a turbine designed for maximizing its market value could be more profitable for the developer compared to a turbine designed for minimizing the levelized cost of electricity (LCoE). This study is in line with this paradigm shift in the field of turbine and farm design. It is a continuation of a previous study conducted by the same authors (Mehta et al., 2024), which explicitly focused on the drivers of turbine sizing with respect to LCoE. The goal of this study is to optimize the design for a new set of objective functions and analyze how various day-ahead market conditions and objectives drive turbine design. A simplified market model that can generate hourly day-ahead market prices is developed and coupled with a wind-farm-level multidisciplinary design analysis and optimization (MDAO) framework to evaluate key economic indicators of the wind farm. The results show how the optimum turbine design is driven by both the choice of the economic metric and the market scenario. However, an LCoE-optimized design is found to perform well with respect to profitability-based economic metrics like modified internal rate of return (MIRR) or profitability index (PI), indicating a limited need to redesign turbines for a specific day-ahead market scenario.";"Incluido"
"W4392507363";"10.3390/commodities3010007";"Green Ammonia Production in Stochastic Power Markets";"Commodities";2024;"Ezio Lauro; Amélie Têtu; Hélyette Geman";"GB; US; NO";"Renewable energy; Flexibility (engineering); Procurement; Electricity; Production (economics); Environmental economics";"article";5;"Real assets in the energy market are subject to ecological uncertainty due to the penetration of renewables. We illustrate this point by analyzing electrolyzers, a class of assets that recently became the subject of large interest, as they lead to the production of the desirable green hydrogen and green ammonia. The latter has the advantage of being easily stored and has huge potential in decarbonizing both the fertilizer and shipping industries. We consider the optimization of green ammonia production with different types of electricity procurement in the context of stochastic power and ammonia markets, a necessary assumption to translate the features of renewable, hence intermittent, electricity. We emphasize the importance of using stochastic prices to model the volatile nature of the price dynamics effectively, illustrating the project risks that hedging activities can mitigate. This study shows the pivotal role of flexibility when dealing with fluctuating renewable production and volatile electricity prices to maximize profits and better manage risks.";"Incluido"
"W2531493895";"10.13140/rg.2.2.22845.67048";"Long-term dynamics of investment decisions in electricity markets with variable renewables development and adequacy objectives";"HAL (Le Centre pour la Communication Scientifique Directe)";2016;"Marie Petitet";"FR";"Humanities; Economy; Political science; Economics; Art";"dissertation";4;"Les marchés électriques libéralisés sont supposés assurer la coordination de long terme des investissements afin de garantir sécurité d’approvisionnement, viabilité et compétitivité. Dans le modèle de référence energy-only, la formation des prix par alignement sur le coût variable de l’équipement marginal sur les marchés horaires successifs fournit un signal prix pour les investisseurs. Cependant, en pratique, ce modèle est remis en question quant à sa capacité à déclencher des investissements dans les technologies bas-carbone et en particulier les énergies renouvelables (EnR) et quant à sa capacité à garantir la sécurité d’approvisionnement. Cette thèse cherche d’abord à caractériser ces deux défaillances de marché puis s’intéresse à différentes solutions pour faire face à chacune d’entre elles. Pour cela, la réflexion s’appuie sur un modèle en System Dynamics développé afin de simuler les investissements dans les marchés électriques.D’une part, les résultats montrent que le remplacement des mécanismes de support hors marché par des investissements par le marché avec l’aide d’un prix du carbone apparait comme une solution pour déclencher le développement des EnR à condition d'un engagement politique fort en faveur d’un prix du carbone élevé. D’autre part, il apparait aussi que le marché energy-only avec des prix plafonnés ne parvient pas à assurer l’adéquation de capacité. L’ajout d’un marché de capacité ou la suppression du plafond de prix permettent une amélioration en termes de nombre d’heure de délestage et de bien-être collectif. De plus, le marché de capacité apparaît comme le meilleur choix pour le régulateur parmi les architectures de marché considérées.";"Incluido"
"W4210913289";"10.1016/j.eneco.2022.105853";"An analysis of zonal electricity pricing from a long-term perspective";"Energy Economics";2022;"Quentin Lété; Yves Smeers; Anthony Papavasiliou";NA;"Electricity market; Economics; Electricity; Cash flow; Microeconomics; Complementarity (molecular biology)";"article";19;"In an era of energy transition, it is crucial to ensure that the design of the short-term electricity market provides sufficient cash flows to producers so as to allow the investment of the right technology at the right location. In this paper, we revisit the question of capacity allocation in zonal markets from a long-term perspective. We model the capacity expansion problem in zonal markets in which inter-zonal transmission capacity allocation is organized through flow-based market coupling, which is an approximation of power flow equations in aggregate networks that is employed in European market design. We demonstrate that the classical result of equivalence between centralized and decentralized formulations in transmission-constrained markets ceases to hold in this case. We propose a model of the decentralized capacity expansion problem with flow-based market coupling as a generalized Nash equilibrium that we formulate as a linear complementarity problem. We then perform simulations of the capacity expansion problem with nodal pricing and three variations of zonal pricing on a realistic instance of the Central Western European network and comment on the impacts of flow-based market coupling on investment.";"Incluido"
"W2961521169";"10.5547/01956574.39.5.zcse";"Technology Choices in the U.S. Electricity Industry before and after Market Restructuring";"The Energy Journal";2018;"Zsuzsanna Csereklyei; David I. Stern";"AU";"Restructuring; Electricity; Coal; Natural gas prices; Electricity market; Economics";"article";10;"We study the drivers of the adoption of electricity generation technologies between 1970 and 2014 in the lower 48 U.S. states. Since the 1990s, major electricity market restructuring took place in some parts of the United States. We explore the implications of changing from a regulated “cost-of-service”, or rate of return, system to liberalized wholesale electricity markets on technology and fuel choices.We find that wholesale market restructuring resulted in significant immediate investment in various natural gas technologies due to higher expected profits, and a reduction in coal investments. In states that adopted liberalized wholesale electricity markets, higher natural gas price expectations resulted in more investment in coal and renewable technologies, while higher coal price expectations resulted in lower coal-fired baseload power investments. Natural gas price expectations, therefore, have the potential to significantly shape the power generation landscape of the futur";"Incluido"
"W2428470557";"10.2139/ssrn.2808636";"Current and Future Challenges Facing the European Union's Energy System";"SSRN Electronic Journal";2016;"Daniel J. Tulloch; Ben Caldecott";"GB";"European union; Current (fluid); Political science; International trade; Business; Engineering";"preprint";1;NA;"Incluido"
"W4378628009";"10.35833/mpce.2023.000061";"Achievements and Challenges in European Energy Markets";"Journal of Modern Power Systems and Clean Energy";2023;"Christoph Weber";"DE";"European union; Competition (biology); Electricity; Sustainability; Energy market; Industrial organization";"article";7;"The European electricity and gas markets have been deregulated more than two decades before. From rather diverse starting points, they have continuously evolved over the years to accommodate with new challenges and to improve integration. Since 2005, these markets have been complemented by the market for emission certificates established by the European Union (EU) emission trading system. Three partly competing paradigms have thereby shaped the markets and continue to drive their on-going transformation: effective competition, sub-sidiarity and sustainability.";"Incluido"
"W3083010823";"10.3390/en13184596";"Evaluation of the Administrative Phase-Out of Coal Power Plants on the Italian Electricity Market";"Energies";2020;"Michele Fiorelli; Dogan Keles; Francesco Montana; Giovanni Lorenzo Restifo; Eleonora Riva Sanseverino; Gaetano Zizzo";"DE; IT";"Electricity; Electricity market; Electricity generation; Coal; Stand-alone power system; Environmental economics";"article";3;"Although decarbonisation is one of the most important macro-trends of this century, electricity generation from coal power plants is still broadly common. The main goal of this study is to evaluate the impact of a premature coal power plants phase-out on the Italian day-ahead electricity market. For this purpose, two electricity price forecasts, related to different scenarios between 2019 and 2030, and two different hypotheses for the creation of electricity spot price, were compared. The results from the different scenarios show that coal power plants phase-out determines a small variation in electricity price when bid-up is not considered; instead, when operators’ bid-up is included in the study, the price variation becomes relevant.";"Incluido"
"W2149153412";"10.17863/cam.5687";"Melting-pots and salad bowls: the current debate on electricity market design for RES integration";"RePEc: Research Papers in Economics";2013;"Jean‐Michel Glachant; Arthur Henriot";"IT";"Software deployment; Electricity; Remuneration; Flexibility (engineering); Industrial organization; Renewable energy";"preprint";4;"This paper discusses a series of issues regarding the economic integration of intermittent renewables into European electricity markets. This debate has gained in importance following the large-scale deployment of wind farms and photovoltaic panels. As intermittent renewables constitute a significant share of the installed generation capacity, they cannot be kept isolated from the electricity markets. We argue that RES integration is first and foremost an issue of economic efficiency, and we review the main debates and frameworks that have emerged in the literature. we first consider to what extent intermittent resources should be treated the same way as dispatchable resources. we then analyse the different tools that have been proposed to ensure the required flexibility will be delivered: finer temporal granularity and new price boundaries, integration of a complex set of balancing markets, and introduction of tailor–made capacity remuneration mechanisms. Finally we introduce the topic of space redistribution, confronting crosscontinental markets integration to the emergence of a mosaic of local markets.";"Incluido"
"W3094227448";"10.1016/j.tej.2020.106863";"Scarcity pricing and the missing European market for real-time reserve capacity";"The Electricity Journal";2020;"Anthony Papavasiliou";"BE";"Scarcity; Economics; Valuation (finance); Electricity market; Business; Electricity";"article";25;"Scarcity pricing is a valuable step towards the evolution of electricity markets that rely increasingly on reserves for enabling the large-scale penetration of renewable resources. A real-time market for reserve capacity is essential in the implementation of scarcity pricing, in order to enable the back-propagation of the value of reserve capacity to forward markets for energy and reserve. Such a market for real-time reserve capacity does not exist currently in Europe. Consequently, the existing design of the European balancing market creates challenges for the valuation of reserves. We argue that the implementation of a real-time market for reserve capacity can be aligned with European legislation, and we describe how scarcity pricing based on operating reserve demand curves can be integrated in such a design. We discuss the ongoing scarcity pricing debate in Belgium, and highlight various implementation challenges.";"Incluido"
"W3033176352";"10.3390/en13112816";"Lifetime Degradation Cost Analysis for Li-Ion Batteries in Capacity Markets using Accurate Physics-Based Models";"Energies";2020;"Ahmed Gailani; Maher Al‐Greer; Michael Short; Tracey Crosbie; Nashwan Dawood";"GB";"Degradation (telecommunications); Battery (electricity); Charge cycle; Battery capacity; Depth of discharge; Electrolyte";"article";8;"Capacity markets (CM) are energy markets created to ensure energy supply security. Energy storage devices provide services in the CMs. Li-ion batteries are a popular type of energy storage device used in CMs. The battery lifetime is a key factor in determining the economic viability of Li-ion batteries, and current approaches for estimating this are limited. This paper explores the potential of a lithium-ion battery to provide CM services with four de-rating factors (0.5 h, 1 h, 2 h, and 4 h). During the CM contract, the battery experiences both calendar and cycle degradation, which reduces the overall profit. Physics-based battery and degradation models are used to quantify the degradation costs for batteries in the CM to enhance the previous research results. The degradation model quantifies capacity losses related to the solid–electrolyte interphase (SEI) layer, active material loss, and SEI crack growth. The results show that the physics-based degradation model can accurately predict degradation costs under different operating conditions, and thus can substantiate the business case for the batteries in the CM. The simulated CM profits can be increased by 60% and 75% at 5 °C and 25 °C, respectively, compared to empirical and semiempirical degradation models. A sensitivity analysis for a range of parameters is performed to show the effects on the batteries’ overall profit margins.";"Incluido"
"W4385469346";"10.1007/s40518-023-00223-4";"The EU Commission’s Proposal for Improving the Electricity Market Design: Treading Water, but not Drowning";"Current Sustainable/Renewable Energy Reports";2023;"Carlos Batlle; Tim Schittekatte; Paolo Mastropietro; Pablo Rodilla";"US; IT; ES";"Remuneration; Flexibility (engineering); Electricity; Commission; Electricity market; Business";"article";10;"Abstract Purpose of Review On March 14, 2023, the European Commission (EC) published the much awaited “Proposal for a regulation (…) to improve the Union’s electricity market design.” The proposed regulation reflects the verdict of the EC after several months of fervent debate triggered by the energy crisis that has affected the European region. In this paper, we discuss several crucial elements that are part of the proposed regulation. Recent Findings In a nutshell, we deem the EC has done a great job managing a highly complicated situation. The proposal preserves the crucial role of short-term electricity markets and puts the focus on the key flaw: the perennial incompleteness of long-term power markets. The EC has put forward a large battery of measures, covering different dimensions and with very different potential impacts on the market design. Summary Here we focus on what we consider to be the four key elements of the proposal: (i) the promotion of long-term contracting, (ii) interventions during electricity price crises, (iii) the strategy for an efficient supplier risk management, and (iv) flexibility support schemes and capacity remuneration mechanisms.";"Incluido"
"W7106330116";"10.11575/prism/50721";"Decarbonizing Alberta’s Oil Sands: Integrating Electrothermal Energy Storage and Renewable Energy to Reduce Greenhouse Gas Emissions from Steam Production";"Open MIND";2025;"Asiamah, Victor";NA;"Renewable energy; Greenhouse gas; Waste management; Electricity; Natural resource economics; Production (economics)";"report";0;"Electrothermal energy storage (ETES) presents a promising pathway for decarbonizing steam production in Alberta’s oil sands. This study assesses the technical feasibility, emissions reduction potential, economic viability, and regulatory environment of ETES under five electricity supply scenarios, ranging from the current Alberta grid to 100% renewable energy. Scenario modelling shows that ETES is compatible with in-situ oil sands extraction and can reduce greenhouse gas emissions of steam-assisted gravity drainage operations by up to 91.8% when powered by 100% renewable electricity. Despite higher capital costs, ETES becomes cost-competitive when carbon credits under Alberta’s Technology Innovation and Emissions Reduction regulation and Canada’s Clean Fuel Regulations are stacked and applied. Renewable resource assessment shows sufficient wind and solar potential in key oil sands regions, supporting private-wire ETES configurations. However, policy gaps, particularly the lack of ETES-specific protocols and capped carbon pricing, constrain deployment. The findings support ETES as a technically and strategically viable industrial steam decarbonization solution, contingent on regulatory reforms and strategic integration.";"Incluido"
"W2938334209";"10.26889/9781784671341";"The limits of auctions";NA;2019;"Malcolm Keay; David Robinson";"GB";"Common value auction; Business; Computer science; Economics; Microeconomics";"report";7;"This paper looks at the deployment of auctions in electricity systems, and in particular at the predominant form of auction currently in use: a ‘one-sided’ auction in which a central purchaser, usually acting as an agent of the government, acquires new capacity for the purposes of meeting carbon targets or securing reliability. The use of […]";"Incluido"
"W2400556064";NA;"Unbundling of electricity transmission system operators in Germany: An experience report";"RePEc: Research Papers in Economics";2014;"Gert Brunekreeft; Mika Goto; Roland Meyer; Masahiro Maruyama; Toru Hattori";"DE";"Unbundling; Competition (biology); Industrial organization; Electricity; Business; Process (computing)";"preprint";5;"The purpose of this research is to evaluate the impact of vertical unbundling on German electric utilities. Our research mainly relies on in-depth interviews with sector-experts from the German utilities. We will discuss both short-term changes and the long-term impact on competition in the electricity market as well as the impact on costs and security of supply. Overall, we have two main conclusions. First, the major step in the unbundling process is from ""lean legal unbundling"" to ""fat legal unbundling""; additional steps beyond that are small, both in benefits and in costs. Second, the benefits of unbundling in terms of increased competition do not come for free: unbundling is costly and it is important to balance cost and benefits in the reform process.";"Incluido"
"W4324131037";"10.5463/thesis.65";"Economics of sustainable electricity supply: The German electricity market";NA;2023;"Andreas Coester";NA;"Renewable energy; Natural resource economics; Electricity; Greenhouse gas; Mains electricity; Nuclear power";"dissertation";0;"The industrial activities that our modern civilization depends upon have increased CO2 and other greenhouse gas emissions significantly. There is considerable consensus that this increase in emissions has been contributing to climate change. In order to limit global warming, a comprehensive and fast transition to lower emissions in all industrial sectors is crucial. Despite the strong increase in renewable energies capacity over the past years, there are various challenges associated with the further transition to a 100% renewable energies supply. One of the challenges is the fluctuating supply of renewable energies due to the intermitted nature of wind and sunshine. Another challenge arises from the low marginal costs of renewable energies that lead to a reduction of the electricity price, which impairs a profitable operation of both conventional and renewable energies power plants. Against this backdrop, the main question of this research is which policy scenario can ensure an economic efficient and ongoing expansion of renewable energies together with a secure level of electricity supply? The research focusses on Germany, as Germany has to find sustainable and economically feasible policy scenarios in the short-term due to its strong expansion of renewable energies and its decision to phase-out both nuclear and coal power plants.";"Incluido"
"W2557608535";"10.5445/ir/1000059424";"Group Formation in Smart Grids : Designing Demand Response Portfolios";"Repository KITopen (Karlsruhe Institute of Technology)";2016;"Johannes Gärttner";NA;"Demand response; Group (periodic table); Computer science; Engineering; Electricity; Chemistry";"dissertation";7;NA;"Incluido"
"W4285008691";"10.1080/02646811.2022.2088175";"Regulating radical innovations in the EU electricity markets: time for a robust sandbox";"Journal of Energy & Natural Resources Law";2022;"Kanerva Sunila; Ari Ekroos";"FI";"Sandbox (software development); Pace; Legislation; Electricity; Business; Industrial organization";"article";6;"During the last decade, the level of detail and complexity in the EU electricity market legislation has ballooned. Simultaneously, the pace of technological development has been rapid. This is necessary for the clean energy transition but also creates challenges. How do we ensure the legislation is keeping up with the development of the real world? Should innovative solutions be encouraged, even if they do not comply with the current rules? We argue that regulation of the ‘radical innovations’ is inadequate in the EU. As a solution, we discuss an EU framework for regulatory sandboxes and propose design principles for its development.";"Incluido"
"W4400380074";"10.2139/ssrn.4887443";"3-Party Covenant Financing Of ‘Semi-Regulated’ Pumped Hydro Assets";"SSRN Electronic Journal";2024;"Paul Simshauser; Nicholas Gohdes";NA;"Covenant; Business; Finance; Political science; Law";"preprint";1;NA;"Incluido"
"W4294562814";"10.36687/inetwp191";"Navigating the crises in European energy: Price Inflation, Marginal Cost Pricing, and Principles for Electricity Market Redesign in an Era of Low-Carbon Transition";NA;2022;"Michael Grubb";"SE; GB";"Electricity; Economics; Revenue; Electricity market; Marginal cost; Electricity generation";"report";12;"The energy crisis engulfing Europe is a crisis of both gas and electricity markets, with huge cost impacts on consumers across all European countries. In Britain, half of typical household energy expenditure arises from electricity. This paper examines how the cost of gas-powered generation feeds through to electricity bills, on the principle of marginal cost pricing, setting the price for most of the time though it accounts for only about 40% of GB generation. Combined with the steep decline in wind and solar costs over the past decade, this has resulted in an unprecedented degree of ‘cost inversion’ in the electricity system. We offer estimates of the increase of revenues across the wholesale market, and outline five principles for reform for addressing the combined challenges of energy costs and accelerating low-carbon transition.";"Incluido"
"W4289866375";"10.1016/j.ejor.2022.07.052";"Long-run optimal pricing in electricity markets with non-convex costs";"European Journal of Operational Research";2022;"Conleigh Byers; Gabriela Hug";"CH";"Economic surplus; Economics; Microeconomics; Convex hull; Transfer pricing; Marginal cost";"article";19;"Determining optimal prices in non-convex markets remains an unsolved challenge. Non-convex costs are critical in electricity markets, as startup costs and minimum operating levels yield a non-convex optimal value function over demand levels. While past research largely focuses on the performance of different non-convex pricing frameworks in the short-run or uses convex approximations, we determine long-run adapted resource mixes associated with each pricing framework while preserving the full extent of the non-convex operations. We frame optimal pricing in terms of social surplus achieved and transfer of consumer to producer surplus in adapted long-run market equilibria. We find that convex hull pricing achieves the highest social surplus and is also associated with the lowest transfer of consumer to producer surplus. Marginal prices determined by fixing integer variables to their optimal values in the pricing run are also associated with high social surplus and high consumer surplus when the optimality gap in the original mixed integer linear program is very small. Other pricing frameworks tend to over-compensate inframarginal units, leading to resource mixes with lower social surplus and a greater transfer of consumer surplus to producer surplus in the long-run.";"Incluido"
"W2781558467";"10.2514/6.2018-1872";"Nonlinear Guidance and Autopilot Design for Lunar Soft Landing";"2018 AIAA Guidance, Navigation, and Control Conference";2018;"Avijit Banerjee; Radhakant Padhi";"IN";"Autopilot; Soft landing; Nonlinear system; Aerospace engineering; Moon landing; Computer science";"conference-paper";2;"In this paper a nonlinear suboptimal guidance and autopilot design is presented for the powered braking phase of the autonomous soft landing of lunar module. The design objective is to drive the spacecraft from perilune (a point on the lunar orbit closest to the lunar surface) to a designated location over the lunar surface while ensuring the terminal touchdown velocity and the terminal vertical orientation of the spacecraft. In general the autonomous guidance generate the acceleration command based on the point mass dynamics. In order to follow the desired trajectory generated using guidance module, a three loop structure based closed loop guidance and control design for the spacecraft rigid body dynamics is presented. The nonlinear dynamic inversion based tracking controller is introduced to follow the desired body attitude. The intermediate loop is designed generate the desired body rate commands which are again tracked by the inner most loop to provide the necessary torque along the body axis. To realize the torque requirement small attitude thruster based reaction control configuration is presented. The reaction thrusters are in general on-off thrusters with discrete actuation capability. Using the appropriate thruster selection logic the reaction thruster are activated in proper sequence to achieve the required torque demand. Based on the proposed design a simulation study has been carried out with six degree of freedom spacecraft model and effectiveness is demonstrated with simulation results.";"Incluido"
"W2945839443";NA;"Large-Scale Balancing with Norwegian Hydro Power in the Future European Electricity Market";"TNO Repository";2017;"Paul Koutstaal; M. va. Hout";NA;"Volatility (finance); Electricity market; Electricity; Economics; Industrial organization; Hydroelectricity";"report";3;"In this study insights are gained on the impact of a future expansion of Norwegian Hydro Power. Two scenarios are analyzed for the year 2030 that differ with regard the ambition of Norway to participate in the EU power markets to balance supply and demand; Niche storage and Big Storage. In addition to the insights gained on trade flows and production, the market prices and their volatility are especially of interest to gain insight on the business case for Hydro Conventional Storage and Hydro Pumped Storage (PS) in Norway. While hydro conventional units benefit from high electricity prices, Hydro PS units benefit from high price volatility since it is both a consumer and producer of electricity. From the perspective of a hydro PS operator Niche Storage scenario is most preferred due to higher price volatility, and Big Storage is most preferred from the perspective of a hydro conventional operator due to higher electricity prices. Especially the developments in EU grid expansion are identified as important as a strong EU grid is able to accommodate fluctuations in supply and demand to a significant extent and is thus regarded as a competitor to Hydro PS in Norway.";"Incluido"
"W2919638040";NA;"An interdisciplinary assessment of energy security risks in the Finnish energy market";"Aaltodoc (Aalto University)";2019;"Jaakko Jääskeläinen";NA;"Energy (signal processing); Energy security; Business; Risk analysis (engineering); Engineering; Renewable energy";"other";2;"Climate change is currently one of the most compelling global threats, and energy sector accounts for almost two thirds of all emissions related to the climate change. Therefore, national energy systems face conflicting pressure to supply the ever-increasing demand for energy while decarbonising energy production. Under this pressure, concern over energy security has increased. The most topical energy security concerns in the Finnish energy market are generation adequacy and import dependence. This dissertation examines these themes along with other market-related energy security risks in the Finnish context. &#13;\n&#13;\nThis dissertation analyses energy security in the Finnish energy system by examining various scenarios in investment, the future of combined heat and power (CHP) production, the impacts of a severe drought, and import dependence. The research is done in collaboration with multiple researchers from other disciplines such as law and environmental and political sciences. Generation adequacy in the Finnish energy system is analysed by using the EnergyPLAN simulation tool. The impacts of a severe drought on the Finnish energy system are analysed by combining hydrological and energy system modelling. Generation capacity investment prospects, particularly those of biomass-based CHP production, are analysed by applying the net present value (NPV) and levelised cost of electricity (LCOE) methods. Energy security issues related to a plausible decrease in the Finnish CHP capacity are analysed on a city-level (Helsinki) by applying quantitative modelling, and on national and international levels, by qualitative assessment. Finland's dependence on Russian energy import currently is analysed by applying the interdependence framework, and the future development of the energy-trade is studied by developing and analysing energy policy scenarios until 2040. &#13;\n&#13;\nThe results indicate that the Finnish energy system is currently well prepared against technical faults. Despite the public concern, challenges with generation adequacy due to technical reasons are improbable. A severe, multiyear drought in the Nordic area could affect generation adequacy in Finland particularly via reduced availability of electricity import during peak demand periods. Despite the high thermal efficiency of CHP production, the Finnish energy system would most probably function even if the capacity decreased notably in the 2020s. Finland's notable import dependence on Russian energy import has so far not resulted in any disruptions in security of supply, and the dependence is likely to decrease in the future. However, energy trade between the countries goes beyond techno-economic aspects, and it is difficult to predict the energy security implications of geopolitical and societal trends.";"Incluido"
"W3124617025";NA;"Innovation in the energy sector";"RePEc: Research Papers in Economics";2013;"Klaus S. Friesenbichler";NA;"Business; Software deployment; Industrial organization; Subsidy; Economics; Environmental economics";"preprint";0;"This study analyses the diffusion of renewable energy (RE) technologies. It analyses the transition dynamics as the sector broadens its energy mix and changes its capital stock. This shift is found to be desirable from an environmental, geopolitical and economic perspective. Yet, it greatly increases the technical and industrial complexity, and is not Pareto-efficient. We focus on wind and solar power, and discuss their promoted deployment against the energy policy principles of the EU. Put drastically, the promotion of sustainability undermined competitive mechanisms. This has potentially adverse effects on the security of supply due to the market design that seeks to keep prices low. RE outperforms conventional facilities. Emergency capacities, however, are also exiting, especially in Germany. If markets are seen as one, there seems to be a threshold of wind and solar power that the current back-up system can incorporate without risking the security of supply. The policy relevant crux lies in conflicting mechanisms: the top-down promotion and planning policies undermine the bottom-up market selection. Then again, without interventions the market does not provide the socially desired outcomes. If tensions aggravate further, the implementation of the new technology base is likely to stall. In addition, the generous promotion resulted in the fast deployment of RE, which may have shortened the formative phase of the diffusion process. A longer formative phase would have created more learning effects and fostered more incremental innovations. In addition, costs of subsidies are allocated differently across countries. Mechanisms that allocate costs to the public budget have greater acceptance rates than budget neutral ones that assign costs to consumers. The latter affect households asymmetrically across income classes. Also ownership structures changed; a large number of actors now constitute the energy sector. Citizens increasingly appeared as producers and investors, which stimulated the social acceptance of RE, and in some cases unlocked initially unfavourable vested interests.";"Incluido"
"W7166943559";NA;"Analysis of the Impact of Wind and Solar Generation on Wholesale Electricity Prices in the Spanish Electricity Market, 2020–2025";"Lund University Publications Student Papers (Lund University)";2026;"Ignacio Biosca Ferrando";NA;"Renewable energy; Electricity; Ordinary least squares; Electricity generation; Econometrics; Economics";"other";0;"This thesis analyses how the growth of wind and solar PV generation has affected wholesale electricity prices in Spain between 2020 and 2025, and how that relationship evolved as renewable penetration increased. Using 52,603 hourly observations obtained from the REE ESIOS public data portal — covering OMIE day-ahead spot prices, electricity demand, wind generation, and solar PV generation — the study applies Pearson correlation analysis, renewable penetration quartile analysis, and annual ordinary least squares regression to document the evolution of the merit-order effect across the six-year period. The analysis is empirical and descriptive; no formal causal identification is attempted. The merit-order effect was present and statistically significant in every year of the study. Hours with the highest renewable penetration (Q4) were consistently cheaper than hours with the lowest (Q1), and the price gap between those two groups widened from 33% in 2020 to 83% in 2025. The 2021–22 energy crisis temporarily dominated price formation: the OLS model explained just 8.5% of hourly price variance in 2021, rising to 69.9% by 2025, a progression that reflects a structural shift from gas-dominated to renewables-dominated price setting. A reversal in the relative contributions of wind and solar was also identified. Wind's Pearson correlation with price declined from −0.23 (2020) to −0.08 (2025), while solar's strengthened from −0.07 to −0.51, consistent with the tripling of mean hourly solar output from 1,762 MW to 5,617 MW over the period. This concentration of solar generation at midday produced a measurable duck curve in market prices: the average gap between midday (10:00–15:00) and off-peak prices grew from 0.4 EUR/MWh in 2020 to 43.8 EUR/MWh in 2025. Hours with zero or negative spot prices rose from none in 2020–21 to 784 in 2024 and 792 in 2025, with spring 2024 averaging just 21.5 EUR/MWh, providing empirical evidence of solar cannibalisation in the Spanish market. The regression coefficients for 2023–25 are approximately twice the magnitude reported in prior Spanish studies for earlier periods, consistent with a strengthening merit-order effect at higher penetration levels.";"Incluido"
"W4388564047";"10.32479/ijeep.14833";"Capacity Payments in the Turkish Electricity Market: A Necessity or Policy?";"International Journal of Energy Economics and Policy";2023;"Aysun Korucan; Okan Yardımcı";"TR";"Scope (computer science); Payment; Turkish; Environmental economics; Electricity; Industrial organization";"article";2;"Capacity mechanisms have been implemented in different forms for various purposes. Contrary to altering trends in the electricity markets, Türkiye opted for enforcing “capacity payments,” regarded as a primitive form of the mechanisms to ensure the security of supply and system reliability. This study mainly aims to build a critical review of the Turkish capacity mechanism design. The survey conducted makes valuable inferences along with the opinions of different stakeholders. The results indicate that the current capacity payment scheme, a non-market based, is not sustainable in the long run. Therefore, improving the existing payment methodology by reconsidering mechanism’s scope and different age criteria, efficiency, and deliverability for plants or implementing other types of mechanisms with a market reform, such as demand response participation, seems more efficient.";"Incluido"
"W3132297181";"10.3390/en14041124";"Re-Designing GB’s Electricity Market Design: A Conceptual Framework Which Recognises the Value of Distributed Energy Resources";"Energies";2021;"Thomas Pownall; Iain Soutar; Catherine Mitchell";"GB";"Electricity market; Electricity; Distributed generation; Electricity retailing; Industrial organization; Business";"article";12;"The design of electricity markets determines the technologies, services and modes of operation that can access value, consequently shaping current and future electricity landscapes. This paper highlights that the efficacy of Great Britain’s electricity market design in facilitating net zero is inadequate and must be reconfigured. The rules of the current electricity market design are remnants of an electricity sector dominated by large-scale, centralised, fossil fuel technologies. Therefore, routes to market for the provision of necessary services to support net zero, not least flexibility, are largely inaccessible for distributed energy resources and, despite their benefits to the system, are thus undervalued. Based upon a review and consolidation of 30 proposed electricity market designs from liberalised electricity sectors, this paper proposes a new electricity market design for Great Britain. This design is presented alongside a new institutional framework to aid in the efficient operation of the market. Specifically, this paper proposes a new local balancing and coordinating market located at each grid supply point (the transmission and distribution interface). This is realised through the implementation of a distributed locational marginal pricing structure which is governed by the evolution of the current distributed network operator, known as the distributed service provider (DSP). The DSP also operates a local balancing and ancillary market for their geographical area. The wholesale market is reconfigured to coordinate with these new local markets and to harmonise the actors across the distribution and transmission network.";"Incluido"
"W4402789222";"10.1088/1748-9326/ad7edd";"A bottom–up regional potential assessment of bioenergy with carbon capture and storage in Germany";"Environmental Research Letters";2024;"Mohammad Sadr; Danial Esmaeili Aliabadi; Matthias Jordan; Daniela Thrän";"DE";"Carbon capture and storage (timeline); Bioenergy; Environmental science; Carbon fibers; Bio-energy with carbon capture and storage; Carbon sequestration";"article";11;"Abstract Bioenergy with Carbon Capture and Storage (BECCS) is a bio-based Carbon Dioxide Removal Technology (CDR) undergoing detailed and comprehensive screening in many countries. The latest scientific reports emphasized that net-zero targets can not be achieved globally or nationally without deploying such technologies. Germany aims to achieve carbon neutrality by 2045, and negative emissions thereafter, which means a higher demand for CDRs. Despite BECCS being the building block of net-zero policies, its implementation on a national and regional scale presents serious challenges. Therefore, in this study, we analyze the role of BECCS in the German bioenergy system with a spatially detailed bottom–up optimization model that accounts for techno-economics and political aspects of BECCS (e.g. availability of biomass and investment costs). Our analysis demonstrates that BECCS can remove almost 61 Mt CO 2 in 2050; however, the outcomes demonstrate sensitivity toward CO 2 credit and CO 2 prices, which can raise the removal as high as 69 Mt CO 2 . Additionally, results suggest that removing enough CO 2 to achieve carbon neutrality in Germany by 2045 solely through BECCS seems extremely challenging; thus, a portfolio of negative emission technologies will be necessary to contribute. Our findings provide a better understanding of BECCS feasibility and its potential to assist us in achieving climate targets in Germany. Although we apply our model to Germany, the developed tool and insights are generic and can be applied to other countries.";"Incluido"
"W3004630673";"10.15495/epub_ubt_00004544";"Potentials of energy informatics to incentivize flexibility in the energy system in a short- and long-term perspective";"ERef Bayreuth (University of Bayreuth)";2020;"Michael Schöpf";"DE";"Perspective (graphical); Term (time); Flexibility (engineering); Energy (signal processing); Computer science; Economics";"dissertation";0;"To mitigate climate change, international agreements aim on decarbonization of energy supply. With electricity as pioneering energy sector, a promising option for the future decarbonized electricity system are renewable energy sources (RES), especially wind power and photovoltaics. Due to the weather-dependent, volatile feed-in of these energy sources, flexibility options are necessary to guarantee a stable electricity supply in the future, which includes flexible electricity supply, energy storage, flexible loads and electricity grid expansion. Insufficient and uncertain incentives for investments in liberalized electricity systems nevertheless impede the necessary expansion of these flexibility options. Thus, the aim of this doctoral thesis is to analyze different influencing factors on economic incentives for flexibility options and how information and communication technology, as well as information systems can improve these incentives. In six research articles, which provide deeper insights, an analysis is made which incentives are given by the regulatory framework and where information systems (IS) and information and communication technology (ICT) can act as a catalyst to improve market-based incentives for flexibility investments. The thesis illustrates various cases for IS and ICT enabled advantages by on different abstraction levels and highlights the importance of interdisciplinary cooperation in the domain of flexibility investment incentives.";"Incluido"
"W2337527832";"10.5547/01956574.38.2.mlyn";"Investment vs. Refurbishment: Examining Capacity Payment Mechanisms Using Stochastic Mixed Complementarity Problems";"The Energy Journal";2016;"Muireann Á. Lynch; Mel T. Devine";"IE";"Complementarity (molecular biology); Remuneration; Payment; Mixed complementarity problem; Investment (military); Electricity";"article";20;"Capacity remuneration mechanisms exist in many electricity markets. Capacity mechanism designs do not explicitly consider the effects of refurbishment of existing generation units in order to increase their reliability. This paper presents a stochastic mixed complementarity problem to examine the impact of refurbishment on electricity prices and generation investment. Capacity payments are found to increase reliability when refurbishment is not possible, while capacity payments and reliability options yield similar results when refurbishment is possible. Final costs to consumers are similar under the two mechanisms with the exception of the initial case of overcapacity.";"Incluido"
"W4311258325";"10.5109/5909055";"Demand Elasticity Estimation from the Japanese National Electricity Grid Considering Wholesale Market Price";"Proceedings of International Exchange and Innovation Conference on Engineering & Sciences (IEICES)";2022;"Mohamed Saad Suliman; Hooman Farzaneh";"JP";"Price elasticity of demand; Elasticity (physics); Electricity market; Estimation; Wholesale market; Electricity";"conference-paper";1;"Estimating the electricity demand elasticity is the fundamental step in designing an efficient demand response program, which includes sophisticated mathematical optimization from the perspectives of consumer satisfaction, dynamic elasticities, supplier strategies, and energy authority policies. This study aims to estimate the static elasticity of electricity demand considering the Japanese wholesale market price and the amount of energy demand in the national grid. The study acquired the data of the Japanese regional grids in the form of supply and demand electricity quantities in GWh from the regional transmission and distribution utilities. The supply quantities are quantified based on the energy production technology, while the demand quantities are obtained in hourly intervals for the period of April 2016 to March 2022. The developed econometric employed the two-stage least square estimation method. From the results, the static electricity demand elasticity is found to be 0.14%, which is justified as the impact of raising the wholesale market price by one /kWh that will affect the national demand quantity a by 0.14% drop, and vice versa.";"Incluido"
"W4402765004";"10.3390/en17184752";"Review and Assessment of Decarbonized Future Electricity Markets";"Energies";2024;"Ali Darudi; Hannes Weigt";"CH";"Electricity; Natural resource economics; Economics; Business; Engineering; Electrical engineering";"article";4;"The electricity sector plays a key role in achieving zero emissions targets. The required transition will lead to substantial changes in the supply, demand, and distribution of electricity, as well as in stakeholder roles. Future market designs may change substantially to accommodate these changes, address challenges, and take advantage of new opportunities. This paper reviews the characteristics of future carbon-neutral electricity systems and electricity market design options. To provide a guiding framework for the literature review, we transfer the complexity of electricity systems into a three-layer structure: Firstly, we analyze papers that rely on techno-economic modeling of the physical electricity system. As a case study, we analyze various studies focusing on a decarbonized European electricity system in 2050. Secondly, we review papers that investigate the economic behavior and effects of self-interest-seeking stakeholders such as producers, network operators, and consumers. Finally, we review papers focusing on policy and market design questions that guide policymakers in achieving a target physical asset combination while considering the behavior of stakeholders. We highlight common trends and disagreements in the literature, review the main drivers of future markets, and finally provide a mapping between those drivers, challenges, and opportunities. The review concludes that the most promising next step toward a fully comprehensive assessment approach is to combine existing approaches across topical and disciplinary boundaries.";"Incluido"
"W4387529788";"10.21314/jem.2023.024";"Incremental wind energy development in the Midcontinent Independent System Operator electricity markets of the United States";"The Journal of Energy Markets";2023;"Han Qi; Kang Cao; C.K. Woo; Raymond Li";"HK; AU";"Incentive; Wind power; Investment (military); Natural gas prices; Economics; Offset (computer science)";"article";0;"In this paper we project how much incremental wind energy development may occur without causing inadequate investment incentives (also known as missing money) for wind generation and natural-gas-fired generation in the day-ahead market and real-time market of the Midcontinent Independent System Operator (MISO) in the United States. Using a large sample of hourly data for the 82-month period of January 1, 2014 to October 31, 2020, we document that the day-ahead marketâ€™s hourly investment incentives move with the day-ahead forecast of daily natural gas prices; MISOâ€™s day-ahead hourly requirements of ancillary services; MISOâ€™s zonal day-ahead hourly schedules of nuclear generation, wind generation and must-run generation; and MISOâ€™s zonal day-ahead forecasts of hourly loads. Findings based on the real-time marketâ€™s hourly data tell a similar story. Further, the negative effect of incremental wind energy development on investment incentives over the forward-looking period of 2023â€“42 is offset by the positive effect of a rising natural gas price, nuclear plant retirement, declining must-run generation and growing demand. In the extreme case of nuclear plant retirement and zero must-run generation, incremental wind energy development of up to around 441% of the existing level of wind generation may occur as a market-based outcome without missing money in MISOâ€™s day-ahead market.";"Incluido"
"W7160731559";NA;"Isolated by Design: An Analysis of the Texas Energy Grid";"Fordham Research Commons (Fordham University)";2026;"Samantha Prado";"US";"Climate change; Renewable energy; Electricity; Energy security; Natural resource economics; Energy policy";"article";0;"This paper examines how climate change impacts Texas’s energy grid and identifies strategies for building grid resilience by focusing on renewable energy solutions and the inclusion of marginalized groups in decision-making processes. Understanding the conditions that led to the 2021 energy crisis and how they continue to impact Texas residents is critical in advocating for policy reform and climate adaptation. Therefore, the paper begins with the grid’s failure during Winter Storm Uri in February 2021 to demonstrate how the crisis resulted from extreme weather, market design, policy choices, and inadequate infrastructure. Chapter One analyzes the environmental impact of generating electricity using fossil fuels to meet energy demand, especially demand produced in dense urban areas across Texas. The chapter also highlights how nonrenewable energy contributes to the cycle of climate change and degrades ecosystem services. Chapter Two explores how the grid’s failures disproportionately impact low-income and marginalized populations, exacerbating existing social inequalities. Chapter Three investigates the Electric Reliability Council of Texas’s (ERCOT) energy-only market model that prioritizes low costs over long-term reliability and resiliency. Furthermore, the chapter compares the market structure to the interconnected systems of the Pennsylvania-New Jersey-Maryland (PJM) Interconnection, which provides greater stability. Chapter Four considers existing energy policies in Texas and how natural gas companies shape them. Finally, Chapter Five advocates for investments in distributed energy resources and urban planning strategies through policy reform that prioritizes energy security for all Texans.";"Incluido"
"W2613359066";NA;"Electricity market integration of stochastic renewable resources : efficiency and risk tradeoffs";"DSpace@MIT (Massachusetts Institute of Technology)";2017;"Ian Schneider";NA;"Renewable energy; Electricity market; Environmental economics; Electricity; Business; Natural resource economics";"dissertation";2;"Thesis: S.M. in Technology and Policy, Massachusetts Institute of Technology, School of Engineering, Institute for Data, Systems, and Society, Technology and Policy Program, 2017.";"Incluido"
"W4407771372";"10.5772/intechopen.1009105";"The Economics of Integrating Distributed Energy Resources into the Electricity System";"IntechOpen eBooks";2025;"Matthew E. Oliver";"US";"Distributed generation; Electricity; Electricity system; Environmental economics; Electricity retailing; Energy (signal processing)";"book-chapter";0;"This chapter provides a broad overview of current economic issues related to integrating distributed energy resources (DERs)—primarily solar photovoltaics (PV) and battery electric storage (BES)—into the electricity system, and the implications this has for electricity markets. Topics covered include (but are not limited to) generation intermittency, merit-order effects, the ‘duck curve’ problem, resource adequacy and the ‘missing-money’ problem, efficient investment in flexible generation and storage, implications for the electricity transmission and retail distribution systems, incentivizing adoption of DERs, and the solar rebound effect. The chapter’s general aim is to provide a non-economics audience with a broad sense of the current state of economic research on these topics.";"Incluido"
"W2993834030";"10.5445/ir/1000095229";"Engineering Local Electricity Markets for Residential Communities";"Repository KITopen (Karlsruhe Institute of Technology)";2019;"Esther Mengelkamp";NA;"Electricity market; Electricity; Microgrid; Smart grid; Grid; Computer science";"dissertation";26;"In line with the progressing decentralization of electricity generation, local electricity markets (LEMs) support electricity end customers in becoming active market participants instead of passive price takers. They provide a market platform for trading locally generated (renewable) electricity between residential agents (consumers, prosumers, and producers) within their community. Based on a structured literature review, a market engineering framework for LEMs is developed. The work focuses on two of the framework's eight components, namely the agent behavior and the (micro) market structure. Residential agent behavior is evaluated in two steps. Firstly, two empirical studies, a structural equation model-based survey with 195 respondents and an adaptive choice-based conjoint study with 656 respondents, are developed, conducted and evaluated. Secondly, a discount price LEM is designed following the surveys' results. Theoretical solutions of the LEM bi-level optimization problem with complete information and heuristic reinforcement learning with incomplete information are investigated in a multi-agent simulation to find the profit-maximizing market allocations. The (micro) market structure is investigated with regards to LEM business models, information systems and real-world application projects. Potential business models and their characteristics are combined in a taxonomy based on the results of 14 expert interviews. Then, the Smart Grid Architecture Model is utilized to derive the organizational, informational, and technical requirements for centralized and distributed information systems in LEMs. After providing an overview on current LEM implementations projects in Germany, the Landau Microgrid Project is used as an example to test the derived requirements. In conclusion, the work recommends current LEM projects to focus on overall discount electricity trading. Premium priced local electricity should be offered to subgroups of households with individual higher valuations for local generation. Automated self-learning algorithms are needed to mitigate the trading effort for residential LEM agents in order to ensure participation. The utilization of regulatory niches is suggested until specific regulations for LEMs are established. Further, the development of specific business models for LEMs should become a prospective (research) focus.";"Incluido"
"W4302011062";"10.21919/remef.v17i4.795";"Market-value of Renewables in the Young Mexican Power Market";"Revista Mexicana de Economía y Finanzas";2022;"David Talavera-Zabre";NA;"Renewable energy; Electricity market; Investment (military); Economics; Electricity; Wind power";"article";0;"This research aims to find the effect that renewables have to reduce the electricity price (the merit-order effect, “MOE”) in the Mexican electricity market. Using data from January 1st of 2017 to December 31st of 2019, a linear regression model was used to test for empirical evidence of the “MOE”. Results show a “MOE” of MXN$0.10/MWh per MWh of renewable generation. Scaling to the average renewable generation, the average “MOE” is 13.5% of the average electricity price. There’s evidence that the “MOE” is non-linear and that is different across wind and solar energy. The market value of renewables was only 93% of the market value of the system. Stakeholders should differentiate the average electricity price from the price received by each power plant. As the “MOE” becomes an integral part of investment assessments, investment behaviour will change, impacting the future of the energy mix. To my knowledge, this is the first “MOE” research regarding a young and growing power market with warm weather (fundamental differences from previous research).";"Incluido"
"W4414140111";"10.1016/j.enpol.2025.114875";"A review of determining reliability standards for electricity supply via value of lost load and cost of new entry in the EU";"Energy Policy";2025;"Rudolf Kapeller; Jakob Kulawik; Katharina Rusch; Melanie Knöbl; Christina Kockel; Jan Priesmann; Johannes Reichl; Aaron Praktiknjo";"AT; DE";"Comparability; Reliability (semiconductor); Industrial organization; Business; Electricity; Environmental economics";"article";4;"Ensuring security of supply is a cornerstone of European energy policy, particularly in the light of the increasing share of volatile renewable technologies. The EU's adequacy metrics, Value of Lost Load, Cost of New Entry, and Reliability Standard, play a critical role in guiding capacity mechanisms and market design. This paper presents the first systematic and comparative assessment of the practices of EU member states in calculating those critical metrics, as mandated by Regulation (EU) 2019/943, essential for capacity mechanism approval. The study identifies substantial deviations from the required methodology in the investigated 13 EU member states. These findings reveal fundamental challenges in achieving comparability and standardisation and underline the need for clearer guidance, improved transparency, and more consistent application to support fair and efficient capacity mechanisms across the European Union.";"Incluido"
"W4412699161";"10.3390/en18154019";"Price Impacts of Energy Transition on the Interconnected Wholesale Electricity Markets in the Northeast United States";"Energies";2025;"Jay Zarnikau; C.K. Woo; Kang Cao; Han Qi";"US; HK; CN";"Hydroelectricity; Renewable energy; Electricity; Electricity market; Order (exchange); Economics";"article";0;"Our regression analysis documents that energy policies to promote renewable energy development, as well as hydroelectric imports from Canada, lead to short-run reductions in average electricity prices (also known as merit-order effects) throughout the Northeast United States. Changes in the reliance upon renewable energy in one of the Northeast’s three interconnected electricity markets will impact wholesale prices in the other two. The retirement of a 1000 MW nuclear plant can increase prices by about 9% in the Independent System Operator of New England market and 7% in the New York Independent System Operator market in the short run at reference hubs, while also raising prices in neighboring markets. Some proposed large-scale off-shore wind farms would not only lower prices in local markets at the reference hubs modeled but would also lower prices in neighboring markets.";"Incluido"
"W4408566271";"10.1016/j.jup.2025.101926";"The capacity market debate: What is the underlying market failure?";"Utilities Policy";2025;"Darryl R. Biggar; Mohammad Reza Hesamzadeh";"AU; SE";"Market failure; Economics; Business; Industrial organization; Microeconomics";"article";4;"Investment in liberalized wholesale electricity markets is typically not driven by spot and forward wholesale energy price signals alone. Instead, in most wholesale electricity markets there is a separate mechanism to procure, fund or subsidize investment in generation or demand response capacity. These mechanisms are known as capacity markets and are often highly controversial. There remains substantial debate over whether these mechanisms are necessary and, if so, how they should be designed. This paper provides a theoretical analysis of the capacity market debate. We observe that an intuitive understanding of the effects of capacity mechanisms may be misleading. While a capacity mechanism may offset the effects of a price cap, if the price cap is funded through a levy on consumption the combined effect of the tax and subsidy is to nullify the price cap. We explore possible reasons for under-investment concerns in wholesale electricity markets, focusing on the potential for a lack of liquidity in the hedge market arising from the presence of uninsurable risks. We identify three groups of uninsurable risks and propose policies to address them. • Investment in electricity markets is not solely driven by spot and forward prices. • Most markets have separate mechanisms to fund generation or demand response capacity. • There are ongoing debates on the necessity and optimal design of capacity markets. • Concerns about under-investment may stem from hedge market liquidity issues.";"Incluido"
"W2563697653";"10.22149/teee.v2i1.77";"Redefinition of the Scarcity Price: lessons and recommendations from the Colombian electricity market";"Transactions on Environment and Electrical Engineering";2016;"Emanuel J. Llanos-Perez; Laura M. Hinestroza-Olascuaga";"PT";"Scarcity; Electricity market; Diversification (marketing strategy); Market failure; Electricity; Economics";"article";2;"The Colombian government introduced a capacity market in order to promote the diversification in the energy matrix and protect users from high prices derived from dry seasonal events. Unfortunately, the flaws in the scarcity price definition- a mechanism that activates the capacity market obligation and sets a cap price for the spot market- have led into a market failure. Specifically, some generation plants have been forced to be unavailable because their variable costs are significantly higher than the scarcity price. This paper presents a qualitative and quantitative analysis of the Colombian Electricity system, with a particular emphasis on the definition of the scarcity price. Results present lessons and recommendations for policy makers based on the experience of the Colombian Electricity Market, highlighting the need of a new definition of the scarcity price and a different focus on the energy planning scheme.";"Incluido"
"W2598361515";NA;"Policy instruments for ancillary services and capacity adequacy";"Aaltodoc (Aalto University)";2011;"Maria Elina Elojärvi";NA;"Business; Process management; Computer science; Risk analysis (engineering)";"dissertation";0;"This thesis examines the needs of power systems, the different instruments used to meet those needs, and builds a framework for classifying both. The thesis starts with a look at the drawbacks of the vertically integrated power market that lead to the creation of the liberalized energy-only market, at what needs this energy-only market fulfils, and what its challenges are. The third chapter explains why the energy-only market alone is not enough for second-to-second power system operation. The needs it cannot meet are presented and determined to arise from three different levels: physical operation, network, and policy level. The fourth chapter examines the instruments used to meet these needs, often called ancillary services, and develops a framework for classifying them. This framework has four categories: frequency control, capacity, coordination and operation, as well as system backup and restoration. The fifth chapter presents a case study of the frequency control and capacity instruments in the Danish system, and the sixth chapter has case studies of the Polish and Pennsylvania-Jersey-Maryland (PJM) systems. The case studies demonstrate how the developed framework for ancillary services works in the context of real countries as well as in identifying the dimensions on which the instruments differ between the case areas, the dimensions that define the service in question and that players wishing to enter the market in question need to know. This chapter also includes some general points on what leads to the opening of ancillary and capacity markets, and examples of ways to organize the capacity market. Next, the findings chapter summarises the main facts found out during the research, including some points on what to take into consideration when designing market instruments to a system. The conclusions chapter draws it all together, and the discussion chapter evaluates what went well, what could have been done better, and points out directions for further research.";"Incluido"
"W4366089617";"10.1007/s43069-023-00203-w";"Learning by Doing: Insights from Power Market Modelling in Energy Economics Courses";"Operations Research Forum";2023;"Hannes Hobbie; Constantin Dierstein; Dominik Möst; Matthew Schmidt";"DE";"Profitability index; Portfolio; Market power; Curriculum; Competition (biology); Energy market";"article";1;"Abstract Much of energy economics curricula involves the study of techno-economic aspects of energy systems with an increasing focus devoted to fostering an understanding of the interactions between innovative technologies and adaptive markets. As the interplay of these dynamics and their impacts on market equilibria and outcomes is quite complex, optimization models are well-suited to facilitate their study. This paper presents two exemplary model approaches and associated case studies, which can be employed to study market developments driving long-term adaptations in the portfolio of power-generation assets as well as scheduling problems of individual plant owners with a focus on assessing the impact of changing market conditions on the profitability of investments. The combination of these two modelling approaches constitutes an innovative means of facilitating students’ understanding of how individual decisions of different market stakeholders lead to welfare-maximizing market equilibria under the assumption of perfect competition. The models are discussed along with the experiences acquired employing them in various forms as project assignments. In summary, the integration of modelling exercises and assignments into the curriculum of energy economics courses has proven to be a practical means of reinforcing and broadening lecture material that is both interesting and rewarding for students.";"Incluido"
"W76775478";NA;"Quatre essais d’économie sur l’intégration dans les réseaux électriques Européens des sources d’énergie renouvelable intermittentes";"HAL (Le Centre pour la Communication Scientifique Directe)";2014;"Arthur Henriot";NA;"Predictability; Flexibility (engineering); Renewable energy; Investment (military); Scale (ratio); Production (economics)";"dissertation";3;"Cette thèse porte sur une série de problèmes d’efficacité économique créés par le développement de masse en Europe des sources d’énergie renouvelable (SER) intermittentes. Les ressources flexibles requises pour compenser certaines de leurs propriétés (variabilité, faible prévisibilité, sites spécifiques) sont connues, mais des signaux sont nécessaires pour en assurer un développement et des opérations efficaces. Une première question qui se pose est de savoir dans quelle mesure les SER intermittentes peuvent rester en dehors des marchés de l’électricité, alors qu’elles y jouent un rôle-clé. Une seconde question est de déterminer dans quelle mesure le design de marché actuel est adapté à un système électrique contenant une part très importante de SER intermittentes. Ces deux questions sont traitées ici dans quatre contributions indépendantes.Le premier chapitre consiste en une revue critique de littérature. On y introduit et compare deux paradigmes (qui sont souvent implicites) pour l’intégration des SER. On identifie ensuite des évolutions requises afin d’adapter le design de marché au développement de SER intermittentes, telles qu’une redéfinition des produits échangés, ou une réorganisation de la séquence de marchés.On emploie dans le deuxième chapitre un modèle analytique, afin d’évaluer le potentiel des marchés infra-journaliers pour gérer la faible-prévisibilité des SER intermittentes. Cette étude démontre comment ce potentiel est en grande partie déterminé par l’évolution des erreurs de prévision.Le troisième chapitre s’intéresse aux bénéfices qui peuvent résulter d’une restriction de la production des SER intermittentes à un instant donné. Un autre modèle analytique est utilisé pour décortiquer l’influence de paramètres clés sur ces bénéfices. Une attention particulière est portée à la distribution de ces bénéfices entre les différents acteurs.Enfin on réalise dans le chapitre 4 une simulation numérique de l’évolution des bilans des gestionnaires du réseau de transport (GRTs) européens, afin de souligner les difficultés posées par la connexion des SER intermittentes au réseau de transport. Des stratégies de financement alternatives sont également évaluées. Cette étude révèle l’existence d’un déficit de financement important en cas d’évolution constante des tarifs.";"Incluido"
"W2469969233";"10.14279/depositonce-3850";"Analysis of investments in electricity markets";"DepositOnce";2013;"Andreas Schröder";NA;"Electricity; Business; Economics; Engineering; Electrical engineering";"dissertation";1;"Im Zuge der Energiewende ergibt sich in der Elektrizitätswirtschaft der Bedarf an einer grundlegenden Erneuerung verschiedener Infrastrukturkomponenten. Von Kraftwerken, Übertragungsnetzen, Laststeuerungstechnologien bis hin zu Speichersystemen wird eine große Bandbreite an technischen Lösungen vorgeschlagen um die Systemintegration von erneuerbaren Energien zu fördern. Vor dem Hintergrund der laufenden Umstrukturierung des Stromsektors besteht bei Unternehmen, Politik und Gesellschaft ein erhöhtes Interesse an Analysen zur Wirtschaftlichkeit verschiedener Lösungen. Motiviert durch dieses Interesse, beschäftigt sich die vorliegende Dissertation mit der ökonomischen Bewertung von Investitionen in verschiedene Infrastrukturkomponenten des Strommarktes. Nachdem Kapitel 1 der Arbeit Grundlagen zur Elektrizitätswirtschaft vermittelt, werden im zweiten Kapitel der Betrieb und die Dimensionierung von Speichern und Laststeuerungssystemen in einer Fallstudie optimiert und die Wirtschaftlichkeit der beiden Technologien verglichen. Das darauf folgende Kapitel geht auf die Rentabilität des Betriebes einer öffentlichen (Schnell-) Ladestation für Elektrofahrzeuge ein und untersucht dabei mögliche Geschäftsmodelle für einen profitablen Infrastrukturbetrieb. Zwei weitere Kapitel untersuchen im Folgenden Anreize für Investitionen in fossile Kraftwerke bei Beibehaltung des heutigen Marktsystems mit Grenzkostenpreisen auf Großhandelsmärkten. Die Analyse thematisiert somit die zukünftige Entwicklung des Kraftwerksparks in Deutschland und Europa auch unter dem Aspekt von Unsicherheiten bei Brennstoff- und CO2-Preisen. Da die Entwicklung des Kraftwerksparks nicht zuletzt auch im Zusammenhang mit den Plänen zum Stromnetzausbau zu sehen ist, sind die letzten zwei Kapitel der Arbeit der Interaktion zwischen Netz- und Erzeugungsausbau gewidmet. Dabei werden aktuelle Planungen zum deutschen und europäischen Netzausbau explizit in die Analyse eingebunden. Methodisch zeichnet sich die vorliegende Dissertation durch die Nutzung numerischer Optimierungsmodelle in allen Kapiteln aus. Techno-ökonomische Modelle werden verwendet um fundamentale Eigenschaften von Strommärkten nachzubilden und geeignete Investitionsentscheidungen herzuleiten. Eine Gemeinsamkeit aller Kapitel ist die operative Optimierung der Stromproduktion im zeitlichen Verlauf („Dispatch“) bei gegebener oder endogen determinierter Kapazität. Dabei greifen einige Modelle mathematisch auf ein Gleichgewichtsformat zurück und berücksichtigen teilweise stochastische Komponenten. Modellanwendungen behandeln Investitionsentscheidungen aus der Perspektive verschiedener Akteure, darunter private Investoren, Systembetreiber und die öffentliche Hand. Die geografische Dimension deckt in den Anwendungen von Verteilnetzen bis hin zu europaweiten Übertragungsnetzen mehrere Ebenen ab.";"Incluido"
"W3118785556";"10.17863/cam.62835";"The distortionary cost of marginal wind curtailment";"Apollo (University of Cambridge)";2020;"David Newbery";NA;"Marginal cost; Economics; Natural resource economics; Environmental science; Microeconomics";"report";1;"At high levels of wind penetration the requirements of dispatchable reserves and inertia limit the volume of wind that can be accepted; the surplus is then curtailed. Marginal curtailment is 3-4+ times the average curtailment, but even in an efficiently designed market, price signals for wind investment are given by average not marginal curtailment, requiring a corrective charge to restore efficiency. The paper sets out a model calibrated to Ireland in 2026, showing the sources of distortion, formulae for the subsidies and charges needed to deliver the efficient level of renewables penetration, and estimates of their magnitude.";"Incluido"
"W4210246744";"10.2172/1842976";"Task 25 Webinar: Design and Operation of Energy Systems with Large Amounts of Variable Generation [Slides]";NA;2022;"Hannele Holttinen; Bethany Frew; Damian Flynn; Nicolaos Antonio Cutululis; Magnus Korpås";"US; DK; NO";"Variable renewable energy; Renewable energy; Wind power; Flexibility (engineering); Variable (mathematics); Computer science";"report";2;"This slide deck is for a webinar to the IEA Task 25 participants and Executive Committee (ExCo). The slides summarize content from the Task 25 2020 summary report.";"Incluido"
"W2991186430";"10.1007/s10272-019-0849-5";"The EU Electricity Sector Will Need Reform, Again";"Intereconomics";2019;"Irina Kustova; Christian Egenhofer";"BE";"Electricity; Commission; European commission; Energy transition; Carbon neutrality; Business";"article";5;"The low-carbon transition, for example in line with the European Commission’s proposed Long-Term Strategy 1 net-zero 2 target by 2050 or the Commission President-elect ‘climate neutrality’ objective, will require a very large increase in electricity, especially for low-carbon solutions in mobility, heating and cooling and the decarbonisation of energy-intensive industries";"Incluido"
"W2799655728";NA;"Effects of intermittent generation on the economics and operation of prospective baseload power plants";"DSpace@MIT (Massachusetts Institute of Technology)";2017;"Jordan Taylor Kearns";NA;"Base load power plant; Power (physics); Economics; Electricity generation; Thermodynamics; Physics";"dissertation";3;"Thesis: S.M. in Technology and Policy, Massachusetts Institute of Technology, School of Engineering, Institute for Data, Systems, and Society, Technology and Policy Program, 2017.";"Incluido"
"W3132845932";NA;"Summary of the State-of-the-Art report";"Data Archiving and Networked Services (DANS)";2018;"Ghanim Putrus; Richard Kötter; Yue Wang; Ridoy Das; Geoff O'Brien; Xuewu Dai; Edward Bentley; Yue Cao; Reneé Heller; Ramesh Prateek; Becky Gough";NA;"State (computer science); Computer science; Programming language";"report";3;NA;"Incluido"
"W1624738654";"10.1109/pesgm.2015.7285890";"Standardized contracts with swing for the market-supported procurement of energy and reserve";NA;2015;"Leigh Tesfatsion; Deung-Yong Heo";"US; KR";"Procurement; Flexibility (engineering); Service (business); Order (exchange); Business; Payment";"conference-paper";2;"● permits full, separate, market-based compensation for service availability and service performance (FERC Order 755) ● facilitates a level playing field for market participation. ● facilitates co-optimization of energy and reserve markets ● supports forward-market trading of energy and reserve ● permits service providers to offer flexible service availability. ● provides system operators with real-time flexibility in service usage ● facilitates accurate load forecasting and following of dispatch signals ● permits resources to internally manage UC and capacity constraints ● permits the robust-control management of uncertain net load ● eliminates the need for out-of-market payment adjustments ● reduces the complexity of market rules";"Incluido"
"W3032446877";"10.2139/ssrn.2639133";"A Coordinated Strategic Reserve to Safeguard the European Energy Transition";"SSRN Electronic Journal";2015;"Karsten Neuhoff; Jochen Diekmann; Friedrich Kunz; Sophia Rüster; Wolf-Peter Schill; Sebastian Schwenen";"DE; IT";"Business; Safeguard; Procurement; Context (archaeology); Electricity; Electricity market";"preprint";2;NA;"Incluido"
"W4283065703";"10.3390/en15124387";"Asset Profitability in the Electricity Sector: An Iterative Approach in a Linear Optimization Model";"Energies";2022;"Annika Gillich; Kai Hufendiek";"DE";"Profitability index; Scarcity; Investment (military); Economics; Portfolio optimization; Marginal cost";"article";7;"In a competitive electricity market, generation capacities can exactly cover their full costs. However, the real market deviates from this ideal in some aspects. One is the concern of non-existent or insufficient scarcity prices. We present an iterative method in a linear optimization model to investigate the profitability of assets in the absence of scarcity prices and how the system changes when this risk is incorporated into investors’ expectations. Therefore, we use a two-step optimization of capacity planning and unit commitment. Iteratively, mark-ups at the height of uncovered costs are added to investment costs. This typically leads to a system with better investment profitability while keeping the system cost increase low. The methodology is applied to a simplified brownfield generation system, targeting CO2-free power generation within 25 years. In a model with annual foresight of actors, iterations result in a generation system with significantly lower (or even no) uncovered costs for new investments within ten or fewer iterations. Our example case with full foresight shows that early-added gas (combined cycle) and wind onshore capacities are able to recover their full costs over a lifetime, even without scarcity prices. However, the contribution margin gap remains high, especially for storage and biomass.";"Incluido"
"W2914034486";NA;"Implementing capacity subscription in the Dutch electricity market: An impact assessment using fundamental analysis";"Research Repository (Delft University of Technology)";2019;"Joris Zwijnenburg";NA;"Renewable energy; Electricity market; Remuneration; Electricity; Environmental economics; Business";"dissertation";0;"The production of renewable energy is steadily going up, and as a result of the (almost) zero-marginal cost renewables, the marginal cost based electricity prices go down. While the need for backup generation increases due to the fluctuating availability of renewable energy, the generation units that supply electricity during demand peaks see their income per year drop. This trend could continue to a point where they are mothballed or shut down. As a result, different forms of capacity mechanisms are implemented all over the world, to prevent an increasing amount of blackouts. A capacity subscription market is a capacity mechanism in which consumers make monthly payments, related to the peak demand they want to consume during hours of shortage. Compared to other capacity remuneration mechanisms, this market has the advantage that consumers can choose and pay for their own security of supply. However, a capacity subscription market has not been implemented, and there has been limited scientific research into it. This study aims to give insight into the impact of implementation of a capacity subscription market.&lt;br/&gt;By means of an hourly dispatch model, plant profitability of all electricity generation plants in the Netherlands was estimated. Eight scenarios were used to determine the impact of capacity subscription, variating on the amount of renewable energy production as a result of the weather and the availability of interconnection. The impact of capacity subscription on reliability is positive, meaning there are less hours in a year where the amount of electricity supply is insufficient, and the total amount of unserved energy is lower. The results show that the price for capacity subscription would be around 5-30 €/kW/year. The price per year is dependent on the under- or overinvestment at that time. Because consumers can determine their own security of supply, the risk of underinvestment, black-outs, and thus peak prices is dependent on the risk taking behavior of consumers. While the total long term effect on affordability is unclear, the market is expected to become more efficient, as more demand response decreases the need for back-up generation. The implementation would reward consumer flexibility of consumption and could improve local congestion management. Therefore, a capacity subscription market is considered suitable to accommodate reliability in a 100% renewable market. However, if capacity subscription would be applied just in the Netherlands, the effect could leak away to neighboring countries. If there are shortages in countries with a high interconnection with the Netherlands, this could result in peak prices regardless of a capacity subscription market. It is therefore advised that either this market should be implemented in all coupled European electricity markets or other measures are taken to prevent peak prices caused by neighboring countries. Further research should look into design measures that could prevent this leaking effect.";"Incluido"
"W2802332755";"10.55016/ojs/sppp.v11i1.43169";"Capacity Market Design: Motivation and Challenges in Alberta’s Electricity Market";"The School of Public Policy Publications";2018;"David P. Brown";"CA";"Electricity market; Business; Electricity; Industrial organization; Engineering; Electrical engineering";"article";0;"Alberta’s electricity market is currently undergoing a period of substantial transition. The province should proceed with caution as it switches from an energy-only electricity market to a capacity market by 2021. Many other jurisdictions have already made the changeover and Alberta can learn from their experiences in order to avoid common mistakes and pitfalls that can arise with the deployment of a capacity market.There were growing concerns that the existing electricity market structure would not attract sufficient investment from conventional generation (e.g., natural gas) due to the increased penetration of zero marginal cost renewable generation. As a result, the Alberta government has chosen to transition to a capacity market. For consumers, a capacity market aims to ensure there is sufficient investment in new generation capacity to “keep the lights on” and reduce price swings in the wholesale market. The capacity market will also help the province meet its goals for attracting investors and transitioning away from its dependence on coal-fired electricity generation.However, a switchover is not as simple as it sounds. In an energy-only market, firms are paid solely based on the provision of electricity in hourly wholesale markets. In capacity markets, electricity-generating firms are also paid for providing generation capacity, reflecting the potential to provide electricity at some point in the future. While capacity markets can help ensure there is a reliable supply of electricity, there are several challenges in the implementation of capacity markets. This paper discusses the motivation for the adoption of capacity markets, highlights challenges regulators face when implementing this market design in the context of Alberta, and summarizes the key trade-offs associated with energy-only versus capacity market designs.Relative to an energy-only market, a capacity market is more complex and requires that regulators specify numerous parameters that are essential to the functioning of the market. An essential, but often controversial component is the formulation of the capacity demand curve. A capacity demand curve for Alberta has to be carefully designed to deal with uncertainties in demand growth, given that Alberta’s electricity demand is closely interconnected with the ups and downs of global crude oil prices.Consideration must be given to the perspective of outside investors who – as in any area of economic interest – are wary about uncertainty. Political and regulatory uncertainty can undermine the success of a capacity market. This potential for investor hesitancy could result in incumbent firms, familiar with investing in Alberta, seizing a larger share of the market in an already historically concentrated environment. It is critical that policymakers establish a clear and well-defined trajectory for the future of Alberta’s electricity market design as a whole, not just its capacity market. The capacity market is not a panacea for the potential downfalls of an energy-only market. There are trade-offs associated with both energy-only and capacity market designs. Energy-only markets are arguably more economically efficient with cleaner price signals. However, with political constraints on electricity price-spikes and the expansion of renewables, there is more uncertainty in an energy-only market’s ability to promote investment. A capacity market provides more certainty in terms of generation resource adequacy, but at a potentially higher cost. Despite these tradeoffs, capacity markets are unambiguously more complex. This places a heavy burden on regulators to carefully and correctly set critical capacity market parameters that can have substantive impacts on prices and the associated economic signals.";"Incluido"
"W4402733552";"10.48550/arxiv.2407.21409";"Price formation without fuel costs: the interaction of demand elasticity with storage bidding";"arXiv (Cornell University)";2024;"Tom Brown; Fabian Neumann; Iegor Riepin";NA;"Bidding; Microeconomics; Economics; Price elasticity of demand; Industrial organization; Business";"preprint";0;"Studies looking at electricity market designs for very high shares of wind and solar often conclude that the energy-only market will break down. Without fuel costs, it is said that there is nothing to set prices. Symptoms of breakdown include long phases of zero prices, scarcity prices too high to be politically acceptable, prices that collapse under small perturbations of capacities from the long-term equilibrium, cost recovery that is impossible due to low market values, high variability of revenue between different weather years, and difficulty operating long-term storage with limited foresight. We argue that all these problems are an artefact of modelling with perfectly inelastic demand. If short-term elasticity to reflect today's flexible demand (-5%) is implemented, these problems are reduced. The interaction of demand willingness to pay and storage opportunity costs is enough to produce stable pricing. This behavior is illustrated by a model with wind, solar, batteries, and hydrogen-based storage, where the price duration curve is smoothed with a piecewise linear demand curve. This removes high price peaks, reduces the fraction of zero-price hours from 90% to around 30%, and guarantees more price stability for perturbations of capacity and different weather years. Furthermore, we show that with demand elasticity, the long-term optimisation model exactly reproduces the prices of the short-term model with the same capacities. We then use insights from the long-term model to derive simple bidding strategies for storage so that we can also run the short-term model with limited operational foresight. We demonstrate this short-term operation in a model optimised using 35 years of weather data and then tested on another 35 years of unseen data. We conclude that the energy-only market can still play a key role in coordinating dispatch and investment in the future.";"Incluido"
"W3128314784";"10.3390/w13091170";"Economic Sustainability of Small-Scale Hydroelectric Plants on a National Scale—The Italian Case Study";"Water";2021;"A. Raimondi; Filippo Bettoni; Alberto Bianchi; Gianfranco Becciu";"IT";"Hydroelectricity; Sustainability; Incentive; Environmental economics; Context (archaeology); Economics";"article";1;"The feasibility of hydroelectric plants depends on a variety of factors: water resource regime, geographical, geological and environmental context, available technology, construction cost, and economic value of the energy produced. Choices for the building or renewal of hydroelectric plants should be based on a forecast of the future trend of these factors at least during the projected lifespan of the system. In focusing on the economic value of the energy produced, this paper examines its influence on the feasibility of hydroelectric plants. This analysis, referred to as the Italian case, is based on three different phases: (i) the economic sustainability of small-scale hydroelectric plants under a minimum price guaranteed to the hydroelectric operator; (ii) an estimate of the incentives for reaching the thresholds of “acceptability” and “bankability” of the investment; (iii) an analysis of the results obtained in the previous phases using a model of the evolution of the electricity price over the 2014–2100 period. With reference to the Italian case, the analysis suggests that, to maintain the attractiveness of the sector, it is necessary to safeguard the access to a minimum guaranteed price. With the current tariff plan, complete sustainability is only achieved for plants with p ≤ 100 kW. For the remaining sizes, investments under current conditions would not be profitable. The extension of minimum guaranteed prices could make new medium-large plants (500–1000 kW) more attractive. The current incentive policy is not effective for the development of plants larger than 250 kW, as systems with lower capital expenditures are preferred. Uncertainty about the evolution of the price of energy over time is a concern for the sector; the use of evolutionary models of technical economic analysis tried to reduce these criticalities, and it was shown that they can be transformed into opportunities. It was also found that profitability due to the growing trend expected for the price of energy cannot be highlighted by a traditional analysis.";"Incluido"
"W3107194120";"10.4337/9781789905472.00020";"How to ensure adequate investment in power plants?";"Edward Elgar Publishing eBooks";2020;"Leonardo Meeus; Athir Nouicer";NA;"Investment (military); Resource (disambiguation); Plan (archaeology); Mechanism (biology); Politics; Capacity building";"book-chapter";0;"In the seventh chapter of this book, we cover European practices to ensure adequate investment in power plants, i.e. adequacy. We discuss this topic by answering three questions. First, why did some countries introduce a capacity mechanism? We explain the concepts of missing money and missing markets, and the politics of capacity mechanisms. Second, what is the best capacity mechanism? We discuss the main lessons learned from the experiences with capacity mechanisms of Spain, Sweden, Great Britain and Ireland. Third, how to limit the (ab)use of capacity mechanisms? The Clean Energy Package introduced an EU-wide resource adequacy assessment and a market reform implementation plan that need to be considered before implementing capacity mechanisms. The chapter ends with a conclusion, in which we summarize our main points.";"Incluido"
"W7134022237";NA;"Ο ρόλος των Ανανεώσιμων Πηγών Ενέργειας (ΑΠΕ) στην αγορά ηλεκτρικής ενέργειας";"Dione (University of Piraeus)";2026;"Αλεξάνδρα Χαμπηλομάτη";NA;"Identification (biology); Point (geometry); Work (physics); Computer science; Product (mathematics); Relation (database)";"dissertation";0;"Η παρούσα διπλωματική εργασία εξετάζει τον ρόλο των Ανανεώσιμων Πηγών Ενέργειας (ΑΠΕ) στη διαμόρφωση των τιμών ηλεκτρικής ενέργειας στις ευρωπαϊκές αγορές. Στόχος της ανάλυσης είναι η διερεύνηση της σχέσης μεταξύ της διείσδυσης των ΑΠΕ και των λιανικών τιμών ηλεκτρικής ενέργειας, λαμβάνοντας υπόψη τις διαφοροποιήσεις μεταξύ οικιακών και μη οικιακών καταναλωτών. Η εμπειρική προσέγγιση βασίζεται στη χρήση δεδομένων panel για ένα σύνολο ευρωπαϊκών χωρών κατά την περίοδο 2017-2023. Εφαρμόζεται οικονομετρικό υπόδειγμα σταθερών επιδράσεων (fixed effects), το οποίο επιτρέπει τον έλεγχο για μη παρατηρούμενα, χρονικά σταθερά χαρακτηριστικά των χωρών, καθώς και για κοινές χρονικές διακυμάνσεις. Στο υπόδειγμα περιλαμβάνονται μεταβλητές που αποτυπώνουν την ενεργειακή διάρθρωση, την οικονομική δραστηριότητα και τα δημογραφικά χαρακτηριστικά των χωρών, με ιδιαίτερη έμφαση στο μερίδιο των ΑΠΕ στην ηλεκτροπαραγωγή. Τα αποτελέσματα δείχνουν ότι η επίδραση των ΑΠΕ στις τιμές ηλεκτρικής ενέργειας διαφοροποιείται ανάλογα με την κατηγορία καταναλωτών. Για τους μη οικιακούς καταναλωτές, η αύξηση της διείσδυσης των ΑΠΕ συνδέεται με μείωση των τιμών, εύρημα που συνάδει με τη θεωρία του merit-order effect. Αντίθετα, για τους οικιακούς καταναλωτές, η επίδραση των ΑΠΕ δεν εμφανίζεται στατιστικά ισχυρή, γεγονός που υποδηλώνει ότι οι μηχανισμοί διαμόρφωσης των λιανικών τιμών και ο βαθμός ρύθμισης περιορίζουν τη μετακύλιση των χονδρεμπορικών επιδράσεων στα τελικά τιμολόγια.";"Incluido"
"W3216599763";"10.3386/w29510";"Electricity Price Distributions in Future Renewables-Dominant Power Grids and Policy Implications";"National Bureau of Economic Research";2021;"Dharik S. Mallapragada; Cristian Junge; Cathy Xun Wang; Johannes P. Pfeifenberger; Paul Joskow; Richard Schmalensee";NA;"Renewable energy; Electricity; Electricity price; Economics; Electricity market; Environmental economics";"report";4;"Future electricity systems with tight constraints on carbon emissions will rely much more on wind and solar generation, with zero marginal cost, than today. We use capacity expansion modelling of Texas in 2050 to illustrate wholesale price distributions in future energy-only, carbon-constrained grids without price caps under a range of technology/system assumptions. Tightening carbon emissions constraints dramatically increases the frequency of very low prices. The frequency of high prices also increases, and all resources earn the bulk of their energy market revenues in relatively few hours. The presence of demand response, long-duration energy storage, dispatchable low-carbon generation, or a robust market for hydrogen for non-electricity use (and for energy storage) weakens but does not undo these results. Financial instruments to hedge price volatility will consequently be more costly and it is likely that we will need to redesign capacity remuneration mechanisms to provide adequate incentives for optimal investment in VRE generation and, particularly, storage. In order to encourage economy-wide electrification, the marginal retail price of electricity should be low whenever the wholesale price is low. With automated control of demand via demand response contracts, the risks of price volatility faced by retail customers can be mitigated without sacrificing efficiency. To encourage economy-wide electrification, the marginal retail price of electricity should be low when the wholesale spot price is low. We discuss ways of reducing consumers' risk in this world while providing adequate investment incentives.";"Incluido"
"W2512321446";"10.5075/epfl-irgc-228194";"Demand-Side Flexibility for Energy Transitions: Policy Recommendations for Developing Demand Response";"Infoscience (Ecole Polytechnique Fédérale de Lausanne)";2017;"Anjali Nursimulu; Marie‐Valentine Florin; François Vuille";"CH";"Flexibility (engineering); Demand response; Demand side; Software deployment; Renewable energy; Industrial organization";"report";2;"As a follow-up to IRGC's report on demand-side flexibility for energy transitions, this Policy Brief highlights that increasing flexibility in power systems is needed to accommodate higher shares of non-controllable and intermittent renewable generation, and that this requires changes to the market design and regulatory framework, to facilitate the development and deployment of appropriate technologies and market-based instruments (e.g. taxes and subsidies). The Policy Brief focuses on demand response (DR), since it is emerging as a powerful demand-side energy management option to deliver flexibility. Specifically, DR can contribute to reducing overall electricity consumption or shifting demand in such a way that consumption better follows generation, particularly intermittent wind and solar.";"Incluido"
"W2486056848";"10.2172/1255431";"Clean Restructuring: Design Elements for Low-Carbon Wholesale Markets and Beyond. A 21st Century Power Partnership Thought Leadership Report";NA;2016;"Monisha Shah; José María Valenzuela; Hector Alejandro Beltran Mora; Kim Moller Porst; Anders Hasselager; Sandra Friis-Jensen; Mette Vingaard; Fabian Wigand; Silvana Tiedemann; Lori Bird; Owen Zinaman; Jeffrey Logan";"US; CO; DK; DE";"Restructuring; General partnership; Clean technology; Electricity; Industrial organization; Business";"report";1;"Countries around the world are in various stages of reforming and restructuring their power systems to better meet development needs and decarbonization commitments. Changes in technology, business models, societal needs, and environmental goals are increasing pressure on countries to consider improvements to their power systems. This report addresses key issues associated with clean restructuring--the transition from traditional, vertically integrated utilities to competitive wholesale markets that rely increasingly on variable renewable electricity sources, demand response, and other clean energy options. The report also includes case studies from Mexico, Denmark, and Germany to provide real-world examples of clean restructuring from different perspectives.";"Incluido"
"W7135269131";NA;"Designing electricity markets for high penetration of zero or low marginal cost intermittent energy sources";"ANU Open Research (Australian National University)";2020;"L. Gordon; D. Stern; A. Shanker; M. Hogan";"AU";"Scarcity; Economics; Electricity; Electricity market; Renewable energy; Incentive";"report";0;"This article explores key market design issues to be addressed in future electricity markets dominated by intermittent renewable generation with near zero private marginal costs for generating electricity. Changing technology mixes will change market outcomes, but they do not change the fundamental economic principles behind market design. Market-clearing prices in such a market are not necessarily mostly zero even in an energy-only market, especially with grid scale storage, an active demand side of the market, and scarcity pricing. However, increasing intermittent generator penetration increases the importance for adequately pricing scarcity and all network constraints and services. Such pricing is required to deliver investment incentives for the right technologies to locate at the right locations to efficiently maintain a stable and reliable electrical network.";"Incluido"
"W2758804939";"10.20472/iac.2017.032.006";"MANAGERIAL DECISION MAKING AND COST REDUCTION FOR WIND DEPLOYMENT AS AN ALTERNATIVE ENERGY";NA;2017;"Nemanja Backović; Bojan Ilić; Vesna Milićević";"RS";"Wind power; Context (archaeology); Environmental economics; Software deployment; Efficient energy use; Incentive";"conference-paper";1;"This paper analyses the modern aspect and framework of business decision making related to investments and cost reduction in wind energy companies. It describes different strategies of measuring the efficiency level of installed wind capacities. The research is presented with consideration to the methodology approach specific for wind energy. Special attention is given to the cost-effective business operations of contemporary systems of energy accumulation and the process of optimal decision making in the course of energy distribution. The focus is on the framework for sustainable business in compliance with complex external environment. The impact of unpredictable market and climate circumstances show the importance of the strategy mix and its role in creating value for the end-users of electrical energy. The dynamics of exploitation of the preferential conditions for wind energy companies is also important in the context of return on investment. The perspective of investing in wind energy projects is also given, along with the specificities of their implementation according to the principle of creating positive energy balance. The paper also points out the significance of government incentives and their variations. It also provides useful guidelines for successful business decision making for managers in wind energy.";"Incluido"
"W2794859395";"10.1080/15325008.2018.1432724";"The Economic Benefits of Generation Revenue and Demand Payment Assessment in Pool-based Market Model: The Case of Malaysia";"Electric Power Components and Systems";2018;"Zuraidah Ngadiron; Nur Hanis Mohammad Radzi; Mohammad Yusri Hassan; Ramesh C. Bansal";"MY; ZA";"Revenue; Context (archaeology); Payment; Electricity market; Electricity generation; Environmental economics";"article";6;"In Malaysia, as the Power Purchased Agreement is coming toward the end, pool market model is recognized as a conceivable model to overcome the shortcomings of the single buyer market. However, there are issues on the welfare of the generators involved. In context of Malaysian Electricity Supply Industry, this paper proposes a model, a pool hybrid introducing the minimum capacity payment involving the efficiency of the generators and base load sharing approaches. Under single auction power pool, a case study is conducted for the generators in Peninsular Malaysia for an economic analysis to highlight the merits of the proposed model compared with other pool-based market models in terms of generation revenue and demand payment. The load demand curves, the details of the MW-installed capacity, energy prices, capacity prices, and efficiency of the generators are the parameters taken into account in carry out analysis on each generator revenue. Results have shown that pool hybrid market ensures the intermediate value of generation revenue with all Independent Power Producers participation even at the lowest demand and decreased the demand payment.";"Incluido"
"W4387623344";"10.2139/ssrn.4601591";"Green Ammonia Production in Stochastic Power Markets";"SSRN Electronic Journal";2023;"Ezio Lauro; Amélie Têtu; Hélyette Geman";"US";"Production (economics); Ammonia; Power (physics); Ammonia production; Economics; Environmental science";"preprint";1;NA;"Incluido"
"W2948625851";"10.11591/eei.v8i4.1591";"The generation revenue and demand payment assessment for pool based market model in Malaysia electricity supply industry";"Bulletin of Electrical Engineering and Informatics";2019;"Zuraidah Ngadiron; Nur Hanis Mohammad Radzi; M. Y. Hassan";"MY";"Revenue; Payment; Supply and demand; Revenue model; Business; Electricity market";"article";2;"The objective of this paper is to address the economic benefits in term of generation revenue and demand payment for the pool based market model in Malaysia electricity supply industry (MESI). In pool market model, there are issues on the benefit of the generators such as too high system marginal price (SMP) during peak demand and no revenue during low demand. Therefore, conceptual study for two bus test system in MESI involving four generators around Peninsular Malaysia is conducted to perform the economic analysis in term of generation revenue and demand assessment considering existing single buyer model and pool based market model, i.e., pool model, spot market model and the proposed model, in order to identify which market model is superior. As a result, the proposed model managed to decrease the demand payment as it is proportional to generation revenue, even though the generation revenue is at intermediate value and succeed to increase the low and medium generator’s revenue.";"Incluido"
"W2746780247";"10.17863/cam.12942";"Market Power in the Capacity Market? The Case of Ireland";"RePEc: Research Papers in Economics";2017;"Juha Teirilä";NA;"Electricity market; Factor market; Market power; Market share analysis; Market saturation; Market microstructure";"preprint";6;"An electricity market coupled with a capacity market is modelled as a two-stage game that allows for strategic behaviour both in the electricity market and in the capacity market. The model is applied to the Irish electricity market, where a capacity market based on reliability options is established by the end of 2017. As Ireland has one dominant firm in the electricity market, there have been concerns that the new market design provides it an opportunity to abuse market power in these two markets. Using Ireland as an example this article examines the kinds of strategic behaviours that can be expected if a capacity market is implemented in an imperfectly competitive market. It is found that the potential for the abuse of market power in the capacity market is significant for the dominant firm in Ireland and that there is no simple way to mitigate it. The relative amount of procured capacity, the amount and characteristics of potential entrants, and the competitiveness of the electricity market are the main determinants of the possibilities and incentives for abusing market power in the capacity market.";"Incluido"
"W52622847";NA;"Incentive or impediment? : the impact of capacity mechanisms on storage plants";"Cadmus - EUI Research Repository (European University Institute)";2013;"Katrin Schmitz; Bjarne Steffen; Christoph Weber";NA;"Stylized fact; Remuneration; Incentive; Electricity; Investment (military); Environmental economics";"report";1;"Capacity remuneration mechanisms are a widespread instrument to foster investment. The growing interest in electricity storage raises the question how these mechanisms interact with storage plants. Using a stylized capacity planning model, we demonstrate that an exclusion of storage plants from capacity mechanisms leads to welfare losses. Even if storages are not explicitly excluded, the setup of capacity mechanisms can discriminate storage implicitly we therefore discuss typical mechanism design parameters and their impact on storage plants. Three case studies describe the actual situation of storage plants in the PJM system, Ireland and Spain. Finally the findings are summarized to general principles for storage-compatible capacity mechanisms.";"Incluido"
"W2302416064";NA;"Kapazitätsmechanismen als Rettungsschirm der Energiewende?Zur Versorgungssicherheit bei hohen Anteilen fluktuierender erneuerbarer Energien im Stromsystem";"Social Science Open Access Repository (GESIS – Leibniz Institute for the Social Sciences)";2015;"Matthias Reeg; Robert Brandt; Erik Gawel; Sven Heim; Klaas Korte; Paul Lehmann; Philipp Massier; Dominik Schober; Sandra Wassermann";NA;"Political science; Humanities; Philosophy";"report";4;"Die Frage, ob Liberalisierung und Energiewende die Schaffung eines Kapazitätsmarkts zur Gewährleistung der Versorgungssicherheit notwendig machen, ist seit einigen Jahren Gegenstand kontroverser wissenschaftlicher und öffentlicher Debatten. Hintergrund hierbei ist zum einen, dass der Anteil der staatlich geförderten fluktuierenden erneuerbaren Energieträger Wind und Sonne an der Gesamtstromerzeugung kontinuierlich ansteigt, was sich negativ auf die Einsatzzeiten und Fahrweise einiger konventioneller Kraftwerke auswirkt und die Anforderungen an die Zusammensetzung und den Betrieb des konventionellen Kraftwerksparks grundlegend ändert. Zum anderen sind die Großhandelspreise an den Strombörsen in den letzten Jahren aus verschiedenen Gründen gesunken. Infolgedessen sehen sich die Betreiber fossiler Kraftwerke mit Wirtschaftlichkeitsproblemen konfrontiert, und es steht die Befürchtung von Kraftwerksstilllegungen und mangelnden Neuinvestitionen im Raum, wodurch die Versorgungssicherheit in Gefahr geraten könnte. Als Reaktion auf diese Befürchtung hat sich sehr schnell eine Diskussion um Kapazitätsmechanismen als Absicherungsinstrument entsponnen. Diese sehen zusätzliche Zahlungen an Kraftwerksbetreiber für die Vorhaltung von gesicherten Stromerzeugungskapazitäten vor. Bislang erhalten Kraftwerksbetreiber explizite Vergütungen vorrangig für die eingespeiste elektrische Arbeit. Die Forderung nach solchen Zahlungen erscheint jedoch aus mehrerlei Gründen vorschnell. Einerseits ist bislang nur unzureichend untersucht, ob angesichts von Überkapazitäten und des weiteren Fortschreitens der Energiewende tatsächlich eine Knappheit an gesicherter Erzeugungskapazität in Deutschland zu erwarten ist. Andererseits blendet die Diskussion durch die Fokussierung auf Kapazitätsmechanismen die Frage aus, ob es nicht bessere Alternativen zur Gewährleistung der Versorgungssicherheit gibt. An diesen beiden Punkten knüpft das vorliegende Papier an. [...]";"Incluido"
"W3113223269";"10.3390/en13246676";"Evaluation of Synergies in the Context of European Multi-Business Utilities";"Energies";2020;"Jens Fuhrmann; Reinhard Madlener";"DE; NO";"Context (archaeology); Business model; Industrial organization; Business; German; Energy market";"article";10;"In this paper, we evaluate selected multi-business utilities in the European energy market with regard to synergy potentials. To this end, we survey the development of the energy market in Europe and the performance of integrated versus focused utilities regarding their capital market performance measured by their corporate surplus (or deficit). The analysis is restricted to true business integration, in contrast to horizontal or vertical cooperation among separate firms. The German utility company RWE is analyzed in more detail. We find that, over the last 10–15 years, most of the multi-business utilities investigated underperformed compared to more focused utilities, and that they were even below the STOXX Europe 600 utilities index. Furthermore, synergy potentials need to be evaluated continuously, especially when influencing factors, with the potential to act as “game changers”, are either emerging on the horizon or are already present. We conclude that operating an integrated business model is not necessarily outdated in today’s energy markets, and offers a number of advantages.";"Incluido"
"W139590541";NA;"Aspects of Irish Energy Policy";"RePEc: Research Papers in Economics";2005;"John FitzGerald; Mary Keeney; Niamh McCarthy; Eoin O’Malley; Sue Scott";NA;"Irish; Energy (signal processing); Economics; Energy policy; Engineering; Renewable energy";"book";10;NA;"Incluido"
"W2580051408";NA;"The Economics Of Demand Aggregators In Electricity Markets";"eCommons (Cornell University)";2015;"Hao Lu";NA;"Electricity; Electricity demand; Economics; Demand response; Electricity market; Industrial organization";"dissertation";1;"Distributed storage capacity at load centers (e.g. deferrable demand) can lower the total cost of generating electricity by smoothing out and flattening the daily dispatch profile of conventional generating units. The main savings come from shifting purchases from peak to off-peak periods and mitigating the variability of generation from renewable sources. Since it is unrealistic to assume that system operators can control large numbers of deferrable demand devices directly, aggregators will be responsible for managing these devices using instructions provided by a system operator. The objective of this thesis is to compare the performance of deferrable demand when 1) the aggregators treat deferrable demand as a grid-scale virtual battery and receive physical charge/discharge instructions for managing deferrable demand (i.e. centralized control), with 2) the aggregators follow their own interests and submit bids into the wholesale auction to minimize the expected cost of purchasing energy using projected prices provided by the system operator (i.e. hierarchical control). The analysis uses a stochastic form of multi-period Security Constrained Optimal Power Flow to simulate operations for representative days. This model treats potential wind generation and load as stochastic inputs and determines the optimum daily profiles of dispatch for different realizations of hourly wind generation and load. Ramping capacity is acquired to ensure that transitions from one hour to the next hour, as well as contingencies, can be supported. With stochastic price forecasts, the optimum strategy for submitting bids is to determine a quantity each hour and 1) a low threshold price for charging storage, and 2) a high threshold price for discharging storage. This strategy implicitly provides ramping services as well as shifting purchases to off-peak periods, and the results for centralized and hierarchical control are almost exactly the same. With hierarchical control, however, the physical limits of storage may be violated during the planning horizon. An effective solution to this problem is to operate the system using a rolling horizon and allow aggregators to modify their bids at each step.";"Incluido"
"W2525651841";"10.57938/198df8f7-6be0-4177-94f9-1cf87ccc001c";"Investment under Uncertainty in Electricity Generation";"RePEc: Research Papers in Economics";2016;"Klaus Gugler; Adhurim Haxhimusa; Mario Liebensteiner; Nora Schindler";NA;"Investment (military); Sunk costs; Incentive; Electricity; Economics; Industrial organization";"preprint";1;"The recent transformation of European electricity markets with increasing generation from intermittent renewables brings about many challenges. Among them, decaying wholesale prices, partly due to support schemes for renewables, may send insufficient investment signals for other technologies. We investigate the investment decision in a structural equation based on the Tobin's q-model, which we extend by both industry- and firm-technology-specific uncertainty. We utilize rich and novel data at the disaggregated firm generation technology level of European electricity generating firms for the period 2006-2014. Our results show that investment in any generation technology follows market incentives despite sunk and irreversible capital, confirming the implications of the q-model. Moreover, while firm-technology-specific uncertainty decreases firms' investment activity, especially in coal and gas, aggregate uncertainty triggers firms' investment. Our results raise concerns about system reliability in the long run since conventional technologies still serve as a flexible system back-up.";"Incluido"
"W3126453686";"10.2172/1762434";"Quantifying Rooftop Solar Benefits: A State-Level Value of Solar Analysis for India";NA;2021;"Thomas Bowen; Carishma Gokhale-Welch; Karlynn Cory; Naïm Darghouth";"US";"Context (archaeology); Environmental economics; Key (lock); Compensation (psychology); Cost–benefit analysis; Value (mathematics)";"report";1;"Analyses that quantify the costs and benefits associated with rooftop solar (RTS) adoption and operation can inform decision-makers in the development and evaluation of RTS policies. One such analysis is a Value of Solar (VOS) study, which quantifies select costs and benefits surrounding RTS based on the electricity system context. These studies can drive changes to existing policies towards fairer, more cost-reflective RTS compensation or alternatively can provide confidence for the decision-maker to stay the course and largely maintain existing policies. This report provides a VOS analysis for two states in India: Gujarat and Jharkhand and provides details related to the methodology and key findings.";"Incluido"
"W4403902914";"10.2172/2475078";"Electricity Markets Design Challenge [Slides]";NA;2024;"Nongchao Guo; Luke Lavin; Amanda Morton; Libby Arnold; Amber Frumkin; Pradyumna Rao; Andrew Alberg; Erfaneh Sharifi; Tyler Gipson; Anna Yee";"US";"Electricity; Business; Engineering; Electrical engineering";"report";0;"Electricity markets are at a crossroads - join the U.S. Department of Energy and the National Renewable Energy Laboratory for an exclusive one-hour workshop where you'll engage directly with the project team and help shape the rules for a potential prize. This competition could redefine how electricity markets support renewables and storage resources and create innovative solutions for the challenges ahead. NREL has also issued a Request for Information (RFI) to gather feedback and gauge interest in this potential prize. Whether or not you attend the workshop, we encourage you to review the brief presentation and share your thoughts through the RFI.";"Incluido"
"W2399836245";NA;"Auction design for a strategic reserve market for generation adequacy: On the incentives under different auction scoring rules";"RePEc: Research Papers in Economics";2013;"Gert Brunekreeft; Roland Meyer; Margarethe Rammerstorfer";NA;"Incentive; Scoring rule; Order (exchange); Selection (genetic algorithm); Microeconomics; Energy market";"preprint";2;"How should we select winning bids of generation units for strategic reserves that consist of capacity bids and energy bids? In this paper, we analyze two selecting mechanisms (scoring rules): ""simultaneous"" and ""sequential"". In case of a simultaneous scoring rule, capacity and energy bids are weighted and combined to a single score based on which the cheapest bids are selected. Under sequential scoring rule the selection depends solely on capacity bids. In both cases the energy bids are used to form the merit order for dispatch. We find that the main difference between the simultaneous and sequential scoring mechanism is that under sequential scoring the bids are biased towards lower capacity bids and higher energy bids, since it is only the capacity part that ""opens the door"" to the reserve market. We find that a simultaneous scoring is favorable from a welfare perspective, since it avoids the strategic incentives for excessive mark-ups on energy costs and limits the incentives for collusive behavior. This reduces the risk of inefficient selection and dispatch of reserve units compared to a sequential scoring mechanism.";"Incluido"
"W7137538310";NA;"Aggregoitu kysyntäjousto virtuaalivoimalaitoksessa: Suomalainen tapaustutkimus";"Aaltodoc (Aalto University)";2020;"Eero Paavilainen";NA;"Flexibility (engineering); Engineering; Reliability engineering; Context (archaeology); Electric power system; Renewable energy";"other";0;"The rising penetration of intermittent and inertia-free generation such as wind power and photovoltaics has increased the need for flexibility in power systems. The variable renewable energy-based generation has introduced new technical challenges to balance management as well as economical challenges to the functioning of the power markets, jeopardizing the security of the whole power system. Demand response (DR) has the possibility to respond to the short-term reliability issues as one of the cheapest tools available. The aim of this thesis is to study aggregated DR in a virtual power plant context and to examine whether a relay-activated HVAC loads can be connected to the linear FCR-N reserve market by combining different demand-side loads together. This thesis reviewed the basic concepts of DR and virtual power plants, identified the most important DR assets and their characteristics, and described the flexibility attributes of demand-side resources for the critical evaluation of their DR potential. In addition, it assessed the potential of DR in Finland. Finally, it developed a novel aggregation framework based on coordinated control of the resource pool, and modelled two different types of resources in a case study. The case study results showed that a) the most common HVAC loads, i.e., chillers and air handling units can participate together in fast DR program such as the Finnish FCR-N successfully with the minimum impact to end-users or wear-down of the resources, and b) aggregating various demand-side loads together can provide a level of frequency regulation that none of the resources could provide individually. Furthermore, the results indicated that the share of relay-connected loads in the resource pool should be less than 50 percent of the total upregulation-capacity to comply with the FCR-N market rules. There is a need to define a proper framework for building automation systems, including suitable standards and protocols to enable the easy participation of demandside loads in balance management. The lack of standards increases the initial costs of flexibility, reducing the full potential of DR. Moreover, most of demand-side loads utilized in DR services are not originally designed for flexible operation. Therefore, considering the costs of flexibility and the end-user acceptance for load interventions, the achievable potential of DR might be substantially lower than expected in the literature. The main new sources for flexibility in the near future consist of commercial HVAC loads and electric vehicles. In addition, energy storage systems display a high potential.";"Incluido"
"W2147970833";"10.3917/rpve.541.0007";"Scenario outlook and adequacy forecast in bipolar power systems : the impact of a climate target";"Reflets et perspectives de la vie économique";2015;"Danielle Devogelaer";NA;"Economics; Humanities; Political science; Philosophy";"article";3;"Cet article étudie l’adéquation de la production électrique en Belgique et examine non seulement son évolution à politique inchangée (scénario 1) mais aussi en supposant des réductions plus importantes des émissions de gaz à effet de serre (scénario 2). Cet article se concentre sur trois questions de recherche : les objectifs en termes d’adéquation de la production fixés par ENTSO-E seront-ils rencontrés dans les deux scénarios analysés ? Quel sera l’impact sur les investissements nécessaires ? Et peuvent-ils être financés par le seul marché de l’énergie ?";"Incluido"
"W4288143637";"10.1186/s42162-019-0098-7";"Abstracts from the 8th DACH+ Conference on Energy Informatics";"Energy Informatics";2019;NA;NA;"Informatics; Computer science; Political science; Law";"conference-abstract";6;"Local electricity markets (LEMs) provide an innovative market design alternative to the centralized, fossil-based energy system in line with the energy transition. We present a structured analysis of the economic, social, technological, and environmental LEM value propositions in literature and current LEM projects in the DACH+ region. Most LEMs see regulatory barriers as the most crucial challenge. We present the German regulatory niche of a Customer System as one opportunity to implement LEMs. However, it is only a temporary solution as network fees would be propagated towards non-LEM participants if Customer System LEMs became the norm.";"Incluido"
"W4281752158";"10.2339/politeknik.1115044";"A Market Based Electricity Capacity Mechanism Model for Turkey";"Journal of Polytechnic";2022;"Mehmet Ali KÖLMEK; Tayfun Menlik";"TR";"Medicine";"article";0;"Market players in a liberalized electricity sector are subject to trading energy through bilateral agreements or organized platforms. Energy-only trading through those venues might fall short in providing the required conditions for system reliability due to the well-known phenomenon of “missing money problem”. In order to avoid unintended loss of load, additional market mechanisms were developed in time. Several markets utilized capacity remuneration mechanisms to secure the system reliability through market-based or non-market-based models. Specifically, in Turkish electricity market, the regulator has implemented “direct payment” approach where generators fulfilling pre-determined conditions receive remunerations based on their installed capacities. This mechanism can be considered as a “quasi-market-based” model due to links to the market price formation. However, in principle, it should be categorized as a non-market-based model due to direct payments based on installed capacity levels. In this study, existing capacity remuneration mechanism in Turkey is analysed, an alternative market-based auctions model is developed and its results are simulated via Monte Carlo analysis. The study also elaborates on comparative advantages of the proposed market-based model over the existing approach and why it is a better option to preserve system reliability while being fully compliant with the electricity market reform goals.";"Incluido"
"W3198113263";NA;"Aggregated Demand Response in a Virtual Power Plant: A Finnish Case Study";"Aaltodoc (Aalto University)";2020;"Eero Paavilainen";NA;"Power (physics); Computer science; Physics; Quantum mechanics";"other";0;"The rising penetration of intermittent and inertia-free generation such as wind power and photovoltaics has increased the need for flexibility in power systems. The variable renewable energy-based generation has introduced new technical challenges to balance management as well as economical challenges to the functioning of the power markets, jeopardizing the security of the whole power system. Demand response (DR) has the possibility to respond to the short-term reliability issues as one of the cheapest tools available. The aim of this thesis is to study aggregated DR in a virtual power plant context and to examine whether a relay-activated HVAC loads can be connected to the linear FCR-N reserve market by combining different demand-side loads together.&#13;\n&#13;\n&#13;\nThis thesis reviewed the basic concepts of DR and virtual power plants, identified the most important DR assets and their characteristics, and described the flexibility attributes of demand-side resources for the critical evaluation of their DR potential. In addition, it assessed the potential of DR in Finland. Finally, it developed a novel aggregation framework based on coordinated control of the resource pool, and modelled two different types of resources in a case study. The case study results showed that a) the most common HVAC loads, i.e., chillers and air handling units can participate together in fast DR program such as the Finnish FCR-N successfully with the minimum impact to end-users or wear-down of the resources, and b) aggregating various demand-side loads together can provide a level of frequency regulation that none of the resources could provide individually. Furthermore, the results indicated that the share of relay-connected loads in the resource pool should be less than 50 percent of the total upregulation-capacity to comply with the FCR-N market rules.&#13;\n&#13;\n&#13;\nThere is a need to define a proper framework for building automation systems, including suitable standards and protocols to enable the easy participation of demandside loads in balance management. The lack of standards increases the initial costs of flexibility, reducing the full potential of DR. Moreover, most of demand-side loads utilized in DR services are not originally designed for flexible operation. Therefore, considering the costs of flexibility and the end-user acceptance for load interventions, the achievable potential of DR might be substantially lower than expected in the literature. The main new sources for flexibility in the near future consist of commercial HVAC loads and electric vehicles. In addition, energy storage systems display a high potential.";"Incluido"
"W3122006049";NA;"Capacity mechanisms on Central European electricity markets: Effects on consumers, producers and technologies until 2033";"RePEc: Research Papers in Economics";2014;"Thure Traber";NA;"Electricity; Business; Attractiveness; Price elasticity of demand; Economics; Industrial organization";"preprint";0;"The reduced attractiveness of investments in reliable power plants under conditions of liberalized markets and the transition towards renewable energies has brought a discussion on capacity policies to Europe. We use a partial equilibrium model to compare important effects of three basic policies. A strategic reserve policy and a capacity market policy with administratively set capacity targets, and the obligation of generators to hold certificates of reliable capacities in relation to their supply. We find important differences of policies for consumers and producers that are depending on existing power plant structure and the elasticity of demand particularly in the medium term perspective until the year 2023. In the longer term until 2033 the results differ less pronounced. However, for the German case we demonstrate the potential to effectively reduce the burden on the economy to achieve a prescribed target through the implementation of a capacity certificate system.";"Incluido"
"W2783673201";"10.17863/cam.17551";"Designing an electricity wholesale market to accommodate significant renewables penetration: Lessons from Britain";"RePEc: Research Papers in Economics";2017;"David Newbery";NA;"Renewable energy; Electricity market; Futures contract; Dispatchable generation; Common value auction; Market penetration";"preprint";4;"The wholesale market has to address two major market failures - inadequate carbon prices in the EU ETS, and the learning externalities and missing futures markets for energy and ancillary services needed to guide flexible dispatchable plant. The paper discusses the importance of locational price signals to guide investment, the need to reform transmission pricing and renewables support. The case for capacity auctions for renewables and quantifies the justifiable level of renewables support. These proposals are consistent with the EU Clean Energy Package, but the nature of the renewables target and its financing should change.";"Incluido"
"W2783990072";"10.17863/cam.17552";"Risk trading in capacity equilibrium models";"RePEc: Research Papers in Economics";2017;"Gauthier de Maere d’Aertrycke; Andreas Ehrenmann; Daniel Ralph; Yves Smeers";NA;"Cournot competition; Economics; Mathematical economics; Imperfect competition; Nash equilibrium; Mixed complementarity problem";"preprint";18;"We present a set of power investment models, the class of risky capacity equilibrium problems, reflecting different assumptions of perfect and imperfect markets. The models are structured in a unified stochastic Nash game framework. Each model is the concatenation of a model of the short-term market operations (perfect competition or Cournot), with a long-term model of investment behavior (risk neutral and risk averse behavior under different assumptions of risk trading). The models can all be formulated as complementarity problems, some of them having an optimization equivalent. We prove existence of solutions and report numerical results to illustrate the relevance of market imperfections on welfare and investment behavior. The models are constructed and discussed as two stage problems but we show that the extension to multistage is achieved by a change of notation and a standard assumption on multistage risk functions. We also treat a large multistage industrial model to illustrate the computational feasibility of the approach.";"Incluido"
"W3135778973";"10.1109/sges51519.2020.00046";"An Electricity Spot Market Mechanism for Hybrid Bidding of Fossil-fueled and Renewable Generators";"2020 International Conference on Smart Grids and Energy Systems (SGES)";2020;"Jiajia Yang; Fushuan Wen; Qixin Chen";"AU; CN";"Renewable energy; Electricity market; Bidding; Electricity; Wind power; Environmental economics";"conference-paper";0;"Due to the problems of climate change and global warming, severe air pollution and energy security, there has been a stable growth of renewable energy integration into power systems during the past decades. This brings significant challenges to both short-term (electricity spot markets) and long-term (long-term bilateral and capacity markets) electricity markets. Against this background, the joint energy and ancillary service electricity market is studied in this paper for power systems with a high penetration level of variable renewable generation. In the proposed spot market mechanism, energy and frequency regulation service (FRS) bids are jointly cleared, where renewable generators are motivated to proactively manage the intermittency and uncertainty of their power outputs. Meanwhile, the proposed market mechanism can also ensure the adequacy of FRS capacity for compensating variability of renewables. Finally, numerical experiments are conducted to validate the proposed market mechanism and algorithms.";"Incluido"
"W2626169833";NA;"Crossing Borders: A regional approach to generation adequacy concerns under increasing VRE output in North West Europe";"Research Repository (Delft University of Technology)";2016;"Kuipers, D.F.M. (author)";NA;"Electricity market; Incentive; Electricity; Renewable energy; Industrial organization; Electricity generation";"dissertation";0;"The North West European electricity market is undergoing significant changes. The market is in the process of increased integration while coping with increasing shares of Variable Renewable Energy output. To ensure generation adequacy is ensured on a national level a myriad of market designs have sprung up. These designs may interfere with the efficient and cost-effective functioning of the electricity market. The findings in this thesis aim to contribute to a more efficient policy design to deal with generation adequacy concerns in North West Europe. To understand how runtime, which is a key component in the incentive for a producer to keep firm capacity online, is affected by VRE output and transmission, an empirical analysis has been performed of the effects of renewable output and cross-border flows on runtime. A literature review has been performed to understand the current generation adequacy concerns in the region, approaches for solving these situations, and requirements for a future European design. Lastly, an exploratory model has been used, to explore the effect of VRE output, transmission capacity, and demand response on the capacity gap under different levels of risk acceptance by producers.";"Incluido"
"W4248043974";"10.4337/9781788979955.00012";"Strengths and weaknesses of the British market model";"Edward Elgar Publishing eBooks";2021;"David Newbery";NA;"Business; Incentive; Restructuring; Investment (military); Renewable energy; Common value auction";"book-chapter";1;"The state-owned CEGB was unbundled and privatised with a centrally dispatched pool and capacity payments in 1990, followed by massive gas entry under long-term contracts, undermined by retail competition from 1998. Although socially beneficial, flawed restructuring to a fossil duopoly raised concerns over market power, leading to reform in 2001 to a self-dispatched energy-only market.Confused policies caused impending capacity shortages, another market reform in 2011 that changed renewables support and introduced capacity auctions. Transmission pricing designed for central fossil generation proved unsuitable for decentralised generation, dramatically revealed in early capacity auctions. Fortunate conditions (spare capacity, cheap CCGTs) made the CEGB well-placed to benefit from private ownership and avoid many downside costs. Incentive regulation encouraged efficiency without damaging investment or quality, and, with lags, has responded to the challenges of decentralised renewables and capacity adequacy, but financing new nuclear has been costly and needs further reform.";"Incluido"
"W4392874420";NA;"Market based decarbonization and the interaction with reliability policies";"RePEc: Research Papers in Economics";2024;"Georg Thomaßen; Thomas Brückner";NA;"Reliability (semiconductor); Business; Environmental economics; Economics; Physics; Thermodynamics";"preprint";0;"This paper investigates market-based decarbonization, driven by carbon pricing, and under different regulatory settings. These consist of a conventional energy-only market (EOM), an EOM with operating reserve demand curve (ORDC) and a capacity market (CM). We find that contrary to previous research findings, all markets produce conclusive market outcomes in all stages of decarbonization, as flexible technologies create market signals that ensure the economic viability of renewables. This is relevant for systems that rely on carbon pricing, but also for those relying on out-of-the-market measures to deploy renewables, as it implies that markets can be deregulated again later if carbon prices are sufficiently high. All three regulatory scenarios further achieve close-to-optimal market outcomes, if they are calibrated well. The outcome in CMs, however, is especially prone to suboptimal configurations, relying on several design parameters, which are commonly deducted from weather data and system projections. Varying only one of these parameters induced large changes in the observed generation mix. ORDCs provided more stable results, even if the input parameters differed strongly from optimal values. We therefore recommend to rely on ORDCs to maintain resource adequacy, as they appear to produce lower costs and interfere less with the general market dynamics than CMs.";"Incluido"
"W3125417656";"10.22004/ag.econ.142947";"Redistribution Effects of Energy and Climate Policy: The Electricity Market";"RePEc: Research Papers in Economics";2012;"Lion Hirth; Falko Ueckerdt; Hirth, Lion; Ueckerdt, Falko";"DE";"Allocative efficiency; Redistribution (election); Subsidy; Economics; Externality; Electricity";"preprint";0;"Energy and climate policies are usually seen as measures to internalize externalities. However, as a side effect, these policies redistribute wealth between consumers and producers, and within these groups. While redistribution is seldom the focus of the academic literature in energy economics, it plays a central role in real world policy debates. This paper compares the redistribution effects of two major electricity policies: support schemes for renewable energy sources, and CO2 pricing. We find that the redistribution effects of both policies are large, and they work in opposed directions: while renewables support transfers wealth from producers to consumers, carbon pricing does the opposite. More specifically, we show that moderate amounts of wind subsidies leave consumers better off even if they bear the costs of subsidies. In the case of CO2 pricing, we find that while suppliers as a whole benefit even without free allocation of emission certificates, large amounts of producer surplus are redistributed between different types of producers. These findings are derived from an analytical model of electricity markets, and a calibrated numerical model of the Northwestern European integrated power system. Our findings imply that a society with a preference for avoiding large redistribution might prefer a mix of policies, even if CO2 pricing alone is the first best climate policy in terms of allocative efficiency.";"Incluido"
"W4399056021";"10.59490/imdc.2024.899";"Special ship design and ocean space multi-use synergies";"IMDC.";2024;"Sigurd Solheim Pettersen; Arnstein Eknes";"NO";"Space (punctuation); Marine engineering; Oceanography; Computer science; Aeronautics; Geology";"conference-paper";2;"This paper introduces the concept of synergistic multi-use between offshore wind and other sectors in the ocean space, to the ship design audience. We study the opportunities that arise when using special ships to service several ocean sectors, thereby realizing some of the synergies for multi-use. Multi-use of the ocean space becomes desirable due to the increasing demand for marine area by growth sectors like offshore wind and offshore aquaculture. We find that the primary opportunities to realizing multi-use synergies from vessels lie in the operational phase. Logistical support, crew transfer, emergency response, accommodation, and some inspection and repair tasks are sufficiently similar across offshore wind and fish farming that multi-use should be considered. The application of the synergistic multi-use concept also extends to other special ship types, such as offshore support vessels serving oil and gas production.";"Incluido"
"W2789570384";NA;"Analyse du développement optimal des technologies du stockage de l’électricité dans des marchés avec forte pénétration des énergies renouvelables à apport variable";"HAL (Le Centre pour la Communication Scientifique Directe)";2017;"Manuel Villavicencio";"FR";"Humanities; Political science; Forestry; Philosophy; Geography";"dissertation";2;"L’essor des technologies renouvelable à apport variable pose des nombreuses difficultés dans le fonctionnement du système électrique. Ce système doit garantir l’équilibre offre-demande à tout moment, ainsi que d’assurer des hauts niveaux de fiabilité du service. Donc, la variabilité accroît les besoins de flexibilité et des services système. Ils existent plusieurs options capables de fournir ceux services, dont : le renforcement des interconnections, le pilotage intelligent de la demande, le renforcement des capacités de réponse rapide des unités de production, mais aussi, le mis en œuvre des technologies de stockage de l’électricité. Cependant, les marchés électriques actuels sont basés sur la rémunération de l’énergie. Donc, la valorisation intégrale des services qui peut fournir le stockage semble difficile, ce qui restreint le « business case » des options de flexibilité.Cette thèse s’inscrit autour des propos suivants : (1) modéliser et évaluer les interrelations entre variabilité, besoins de flexibilité et objectifs de décarbonation du parc électrique, (2) analyser le rôle, ainsi que la valeur, des différents technologies du stockage à travers le cas Français aux horizons 2020, 2030 et 2050, et (3) discuter sur les aspects de régulation de la flexibilité, ainsi que proposer des politique énergétiques concrètes permettant la réussite des objectifs de transition énergétique et de décarbonation du mix électrique français.";"Incluido"
"W4317858196";"10.5281/zenodo.7519823";"Proceedings of GSM 2022 - 6th Grid Service Market Symposium";"Zenodo (CERN European Organization for Nuclear Research)";2023;"Christoph Imboden; Bošnjak, Davor; Moser, Michael; Hatziargyriou, Nikos; Kudela, Thomas; Nucci, Carlo Alberto; Kockar, Ivana; Schwark, Bastian; Svendstrup-Bjerre, Andreas; Ziegler, Sebastian; Hock, James; Moore, Fiona; Spirig, Michael";NA;"GSM; Computer science; Service (business); Telecommunications; Grid; Business";"conference-paper";0;"The regularly published statistics about the European energy mix and imports from Eurostat 1 shows, that the mix in 2020 consisted of 34.5% of oil and petroleum products, 23.7% of natural gas, 12.7% of nuclear energy, 10.5% of solid fossil fuels and only 17.4% of renewables. The EU's dependence on energy imports is declining, but is still very high at 57.5%. The Ukraine war demonstrates how critical such a great dependence from untrustworthy and unreliable suppliers is. It should be clear by now that the expansion of locally produced renewable energy serves not only to protect the environment and the global climate, but also to ensure security of supply and political sovereignty. It is no longer a prediction of the International Energy Agency that locally produced renewable energies have to grow significantly, but also a political and economic demand to realize this change now and on a large scale. Such considerable changes represent a significant reduction in CO2 emissions. At the same time, however, fossil fuels that are easy to store are being replaced by renewable energy sources that are at best rather inflexible and geographically as well as temporally unevenly available. This reorientation generates new and more complex requirements to keep the existing electric power system stable, and requires a new level of capacity and flexibility, both short-term and seasonal, at regional, national and international levels. From July 4-5, 2022, around 60 experts from industry, government and academia gathered for the sixth time the impact, perspectives and solutions of grid services for a changing power system. With 11 scientific papers and 13 invited presentations, the symposium addressed future market developments, international cooperation, operation and new enabling technologies and flexibility-creating solutions. The full program of invited and scientific contributions can be downloaded at www.GridServiceMarket.com. The scientific contributions were, among others: Different electricity market designs; Flexibility shares in low voltage grids; Market attractiveness of fuel cell CHPs; Grid services with electrolysers; Systemic market view, Support for grids with battery vehicles, smart grids and additional flexibility; Real-time pricing; … see all in the table of contents. Since Corona has influenced the way people met, the symposium was a hybrid event, with physical present attendees networking traditionally and virtual attendees with remote access. All the presentations are streamed and on-demand available on www.GridServiceMarket.com/MemberZone. Below you will find the proceedings of the scientific contributions of GSM 2022 , which we kindly invite you to read.";"Incluido"
"W2945081669";NA;"Financing investment in new electricity generation capacity in Northwest Europe";"TNO Repository";2013;"Paul Koutstaal";"NL";"Investment (military); Electricity; Business; Finance; Electricity generation; Natural resource economics";"other";1;"-";"Incluido"
"W2904386671";"10.1007/978-3-030-03152-7_10";"A Unilateral Climate and Supply Market Model";NA;2018;"Eike Blume-Werry; Martin Koller; Martin Everts";"AT; CH";"Remuneration; Allowance (engineering); Emissions trading; European union; Economics; Production (economics)";"book-chapter";1;"Abstract In the midst of its respective energy transitions, the European power sector faces several challenges. Low levels of both European Union Emissions Trading Scheme (EU ETS) allowance prices and wholesale power prices fuelled concerns over drivers for decarbonisation and long-term generation adequacy. Whilst some countries have introduced capacity remuneration mechanisms to ensure generation adequacy, reforming the EU ETS has proven to be difficult. This paper proposes a unilateral approach by a state introducing a CO 2 levy that internalises and prices CO 2 at a national level. The suggested climate and supply market model thereby incentivises and rewards production from CO 2 -neutral sources during times when it does not cover the targeted share of production. Prior to describing the model in detail, this paper discusses the theoretical policy steering background and the problems associated with current energy policies. For a broader picture, other CO 2 taxation models are briefly presented. This is followed by a discussion on the legal aspects of the model, its compatibility with international as well as EU law. The model is explored further by using Switzerland as an example, showing that a cross-sector carbon price can be implemented at acceptable costs for consumers. Last but not least, the paper examines varieties of the model and the adaption potential for European countries.";"Incluido"
"W4403661625";"10.48550/arxiv.2409.08343";"Beyond Price-Taker: Multiscale Optimization of Wind and Battery Integrated Energy Systems";"arXiv (Cornell University)";2024;"Xinhe Chen; Xianhua Gao; Darice Guittet; Radhakrishna Tumbalam Gooty; Bernard Knueven; John D. Siirola; David C. Miller; Alexander W. Dowling";NA;"Wind power; Battery (electricity); Energy (signal processing); Computer science; Environmental science; Engineering";"preprint";0;"Decarbonizing global energy systems requires extensive integration of renewable energy into the electric grid. However, the intermittency and variable nature of wind and other non-dispatchable renewable resources make integration a great challenge. Hybridizing renewables with energy storage to form integrated energy systems (IESs) helps mitigate these concerns by improving reliability and resiliency. This paper systematically studies the limitations of the prevailing price-taker assumption for techno-economic analysis (TEA) and optimization of hybrid energy systems. As an illustrative case study, we retrofit an existing wind farm in the RTS-GMLC test system (which loosely mimics the Southwest U.S.) with battery energy storage to form an IES. We show that the standard price-taker model overestimates the electricity revenue and the net present value (NPV) of the IES up to 178% and 50%, respectively, compared to our more rigorous multiscale optimization. These differences arise because introducing storage creates a more flexible resource that impacts the larger wholesale electricity market. Moreover, this work highlights the impact of the IES has on the market via various strategic bidding, and underscores the importance of moving beyond price-taker for optimal storage sizing and TEA of IESs. We conclude by discussing opportunities to generalize the proposed framework to other IESs, and highlight emerging research questions regarding the complex interactions between IESs and markets.";"Incluido"
"W4412787526";"10.54660/.jfmr.2025.6.2.140-161";"Integrated Grid Optimization for Deep Decarbonization: A Multi-ISO Simulation Study across MISO, CAISO, and ERCOT (2025–2030)";"Journal of Frontiers in Multidisciplinary Research";2025;"Kelvin Bassey";"GB";"Power grid; Grid; Environmental science; Computer science; Nuclear engineering; Power (physics)";"article";0;"As renewable energy penetration rapidly increases, Independent System Operators (ISOs) face unprecedented challenges in balancing cost, emissions, and reliability. This study introduces an Integrated Grid Optimization (IGO) framework, combining siting, transmission expansion, market dispatch, and inverter stability solutions. Using publicly available datasets and the open-source GridPath platform, we simulate coordinated scenarios (30%, 50%, and 80% VRE) from 2025 to 2030 across MISO, CAISO, and ERCOT. Results demonstrate that the IGO framework can reduce CO₂ emissions by up to 80%, maintain high reliability, and minimize total system cost through optimal placement of HVDC overlays, battery storage, and grid-forming inverters. This provides a replicable blueprint for cost-effective, stable renewable integration across large grid footprints.";"Incluido"
"W4213453521";"10.1016/j.egyr.2022.02.052";"Design of power generation capacity adequacy mechanism based on revenue call options";"Energy Reports";2022;"Cheng Huang; Zheyu Du; Tianyao Ji; Zhe Chen; Runze Liu; Zhaoxia Jing; Qian Zhou; Yongyong Jia";"CN";"Scarcity; Revenue; Forward contract; Electricity market; Business; Environmental economics";"article";1;"The design of the power generation capacity adequacy mechanism requires comprehensive consideration of political goals, power systems, power markets and other factors. Although various adequacy mechanisms have been developed and practiced, they all suffer from certain problems. After a comprehensive investigation of the mechanisms of scarcity pricing and capacity market, this paper proposes a novel power generation capacity adequacy mechanism based on revenue call options, which is divided into two processes: forward contract auction and short-term market settlement. The forward contract auction can guarantee participants a steady revenue, and the short-term market settlement process is combined with scarcity pricing to provide accurate price signals. Then, the effectiveness and feasibility of this mechanism are verified by simulation analysis using data collected from Jiangsu Province. The results show that this mechanism can effectively restore the price signal, fix the economic risk, and ensure the unit to recover all the capacity cost and energy cost.";"Incluido"
"W2918326408";"10.17863/cam.37458";"On the impact of government-initiated CfD’s in Australia’s National Electricity Market";"RePEc: Research Papers in Economics";2019;"Paul Simshauser";NA;"Market liquidity; Spot market; Business; Hedge; Spot contract; Forward market";"preprint";0;"An intriguing characteristic of Australian energy market policymaking is the almost exclusive focus on spot market dynamics. The policy development cycle displays a virtual disregard for, and of, power system financial markets. The irony is that forward contract prices form the defining wholesale price input to end-user consumer tariffs. In this article, the impacts of a wide-ranging program of government-initiated CfDs on power system financial markets are analysed. Government-initiated CfDs are highly effective in correcting market failures, but they need to be used judiciously because – while they add to demand-side liquidity, they simultaneously extract supply-side forward contract market liquidity. Consequently, when used en-masse in loosely interconnected energy-only markets, CfDs have pro-competitive effects in the spot market by introducing ‘quasi-market participants’ but damage power system financial markets via the loss of liquidity. Power system modelling in this article demonstrates that a wide-ranging policy of government-initiated CfDs can produce shortages of ‘primary issuance’ hedge contact supply. This is far more than theory. In the South Australian region of the NEM, shortages of primary-issuance hedge contract supply have arisen through renewable entry and coal plant exit. Hedge shortages have had the effect of raising forward contract price premiums above efficient levels, needlessly forced the most price-elastic (Industrial/Manufacturing) customers into accepting unwanted spot market exposures, and unintentionally foreclosed non-integrated (2nd tier) energy retailers, all of which ultimately harms consumer welfare. CfDs have a targeted role to play in energy markets by correcting market failure; but broad-based market mechanisms are preferred.";"Incluido"
"W4411152084";"10.2139/ssrn.5286368";"Grid Connection Sizing of Hybrid Pv-Battery Systems: Navigating Market Volatility and Infrastructure Constraints";"SSRN Electronic Journal";2025;"Samir Jeddi";NA;"Sizing; Grid connection; Grid; Volatility (finance); Connection (principal bundle); Battery (electricity)";"preprint";0;NA;"Incluido"
"W4385339387";"10.52202/069564-0124";"Multi-Criteria Scenario Development for Linear Optimization Models Utilizing Carbon-Containing Exhaust Gases";NA;2023;"Matthias Sadlowski; Chae Eon Lim";"DE";"Carbon footprint; Computer science; Boom; Linear programming; Greenhouse gas; Electricity";"conference-paper";1;"Using the exhaust gases from the steel mill generation to produce chemicals can be a promising carbon capture and utilization (CCU) concept. Applying the model-based mathematical approach with mixed-integer linear programming (MILP) makes it possible to determine the optimal production pathway. However, the MILP aims the uncertain future to evaluate the long-term feasibility. It requires a hypothetical construction to show possible future states. This study aims to develop scenarios as input data for MILP models, representing a comprehensible future description. The investigation domains are determined as the technical, economical, and ecological perspectives to fulfil the multi-criteria evaluation. The factors from domains are projected qualitatively and quantitatively through objective estimations. The mutual relationships between the factors from the different domains such as the electricity price, Carbon footprint, and technical efficiency are implemented properly. The result is represented as five different scenarios: (1) Business as usual (BAU), ( The scenarios depict the meaningfully different condition of the CCU concept with the most consistent and plausible combination of the key factors. Additional remarkable results from this study are the rough estimations of the initial capital and operating expenditures through the independently developed method. Consequently, the generated scenarios can be used for MILP models to promote the transparency and traceability of the further decision-making process.";"Incluido"
"W7137398959";NA;"China’s Carbon-Energy Policy and Asia’s Energy Transition";"Directory of Open access Books (OAPEN Foundation)";2022;NA;NA;"Computable general equilibrium; China; Economics; Energy policy; Coal; Sustainability";"other";0;"This book seeks to examine the impacts associated with China’s carbon-energy policy in Asia and how, coupled with the Belt and Road Initiative, these effects prompt foreign direct investments in coal power and exports of renewable energy technologies. China shows a co-evolution of carbon-energy policy and energy transitions from coal to renewables. Assessing how the policy intensifies pressures and motivations to Chinese companies, chapters in this edited volume analyse how the policy has changed energy and CO2 emissions in Asia through the lens of carbon leakage, relocation, and halos. Contributors present in-depth studies on China’s investments and exports, and also its impacts on Indonesia, India, Vietnam, and Japan. Using applied computable general equilibrium and scenario input-output analyses, chapters investigate if regional electricity connectivity reduces new coal power investments through efficiency gain. Arguing that China is shifting from the world’s factory to the leading innovator and Asia's demand centre, it is ultimately demonstrated that China is likely to achieve climate targets whereas Asia to increase CO2 emissions and economic reliance on China. China’s Carbon-Energy Policy and Asia’s Energy Transition will be of significant interest to students and scholars of energy, environment, and sustainability studies, as well as Chinese studies and economics.";"Incluido"
"W7154585742";"10.3390/en19081924";"Unlocking Seasonal Capacity Value: A Sub-Annual Capacity Market for Economic Robustness";"Energies";2026;"Qingmeng Meng; Shuailong Zhang; Xingquan Zhao; Peng Zou; Huiqiang Zhi";"CN; IN";"Robustness (evolution); Renewable energy; Payment; Clearing; Market clearing; Standard deviation";"article";0;"As variable renewable energy penetration increases, resource adequacy becomes strongly seasonal, while annual accreditation can mask temporal reliability differences. This paper proposes a Sub-Annual Capacity Market and compares it with an Annual Capacity Market and an uncapped Energy-Only benchmark. Capacity credits are calculated using a marginal ELCC formulation based on Expected Energy Not Served and embedded into phase-specific clearing constraints. Using a Shanxi case study, we examine both deterministic and stochastic settings with 151 jointly perturbed load and renewable scenarios. Results show that ACM and SubACM can both approximate EO outcomes when parameters are well calibrated, but SubACM yields more stable economic performance under uncertainty, with 29% lower cost-deviation standard deviation and 67% fewer tail-risk scenarios, as confirmed by formal dispersion tests. The main benefit of sub-annual design is improved temporal alignment between capacity payments and physical reliability contribution, rather than guaranteed large average cost reductions.";"Incluido"
"W2342456674";"10.3917/rfe.154.0141";"Aides publiques aux énergies éolienne et photovoltaïque";"Revue française d économie";2016;"Jacques Percebois";"FR";"Humanities; Political science; Art";"article";4;"Plusieurs mécanismes sont utilisés en Europe pour promouvoir le développement rapide des énergies renouvelables comme l’éolien et le solaire photovoltaïque : prix d’achat garantis, primes, appels d’offre. Ces aides sont coûteuses pour le consommateur et elles ont engendré des effets pervers sur le fonctionnement des marchés spot de l’électricité (prix négatifs). Des réformes sont nécessaires et l’une des solutions est d’encourager l’autoconsommation de l’énergie produite (pour le solaire notamment). Mais cela requiert une réforme des tarifs d’accès aux réseaux de distribution de l’électricité.";"Incluido"
"W2569333965";"10.22618/tp.ei.20151.192001";"Integration of Capacity Markets into the European Electricity Market";"Engineering and industry";2015;"Giorgos Stamtsis; Vassilis Lychnaras";NA;"Electricity market; Business; Electricity; Market integration; Industrial organization; Economics";"book-chapter";2;"The present paper analyses the evolution of the capacity markets within the context of the European electricity markets. Specifically, it analyses the history of European capacity markets and the new challenges that the emergence of these markets brings to the process of the European internal market.";"Incluido"
"W7170224677";NA;"Stochastic Capacity Accreditation: Incentivizing Resource Adequacy under Weather Uncertainty";"arXiv (Cornell University)";2026;"Hangrui Liu; Shen Wang; Audun Botterud; Miguel F. Anjos";NA;"Investment (military); Accreditation; Renewable energy; Resource (disambiguation); Reliability (semiconductor); Environmental economics";"preprint";0;"High penetrations of variable renewable energy introduce significant resource adequacy challenges, particularly when weather-driven uncertainty affects renewable availability, electricity demand, and the effective capacity of thermal generators. Existing capacity credit accreditation methods often neglect these correlated weather effects, which may overstate firm capacity, distort long-term investment decisions, and weaken reliability outcomes in electricity market with price caps. This paper proposes a two-stage stochastic optimization framework for capacity accreditation that explicitly captures uncertainty in wind, solar, and temperature-dependent thermal derating. Using five years of ERCOT demand and renewable availability data, we compare the proposed stochastic capacity credit method with deterministic and average accreditation approaches, and quantify the impact of alternative accreditation methods on reliability, investment incentives, and the value of weather information. The results show that incorporating weather uncertainty yields more informative capacity credits and more reliable investment signals. In contrast, deterministic and averaged approaches can distort resource expansion decisions and produce materially worse reliability outcomes. These findings demonstrate the importance of explicitly accounting for weather uncertainty in capacity accreditation and long-term resource adequacy planning.";"Incluido"
"W4402378803";"10.7494/manage.2023.24.2.187";"Literature review. Pricing rule alternatives for the European day-ahead market";"Managerial Economics";2024;"Felix Weißensteiner";"AT";"Economics; Financial economics; Business";"article";2;"This literature review delves into the intricate realm of pricing rules in the day-ahead electricity market, spurred by a notable surge in 2022 electricity prices. Employing a comparative analysis of uniform pricing (UP), discriminatory pricing (DP), and the Vickrey–Clarke–Groves (VCG) pricing rule, the study navigates the complexities of these mechanisms. The evaluation unveils contrasting perspectives: the political push for consumer-friendly low prices versus the efficiency aspiration for a self-regulating market. DP, minimizing average prices but increasing volatility, and VCG, excelling in productive efficiency, are pitted against UP, the prevailing yet imperfect norm. The findings underscore the nuances of each rule; DP leads to reduced average prices and heightened volatility, while VCG ensures superior productive efficiency. Despite UP’s simplicity, it prompts inefficiencies and political costs. These insights illuminate the pivotal choice faced by policymakers, balancing efficiency, fairness, and market sustainability.";"Incluido"
"W4417488538";"10.1016/j.egyai.2025.100665";"Assessing long-term electricity market design for ambitious decarbonization targets using multi-agent reinforcement learning";"Energy and AI";2025;"Javier Gonzalez-Ruiz; Carlos Rodríguez-Pardo; Iacopo Savelli; Alice Di Bella; Massimo Tavoni";"IT";"Stylized fact; Electricity market; Electricity; Reinforcement learning; Industrial organization; Investment (military)";"article";1;"Electricity systems are key to transforming today’s society into a carbon-free economy. Long-term electricity market mechanisms, including auctions, support schemes, and other policy instruments, are critical in shaping the electricity generation mix. In light of the need for more advanced tools to support policymakers and other stakeholders in designing, testing, and evaluating long-term markets, this work presents a multi-agent reinforcement learning model capable of capturing the key features of decarbonizing energy systems. Profit-maximizing generation companies make investment decisions in the wholesale electricity market, responding to system needs, competitive dynamics, and policy signals. The model employs independent proximal policy optimization, which was selected for suitability to the decentralized and competitive environment. Nevertheless, given the inherent challenges of independent learning in multi-agent settings, an extensive hyperparameter search ensures that decentralized training yields market outcomes consistent with competitive behavior. The model is applied to a stylized version of the Italian electricity system and tested under varying levels of competition, market designs, and policy scenarios. Results highlight the critical role of market design for decarbonizing the electricity sector and avoiding price volatility. The proposed framework allows assessing long-term electricity markets in which multiple policy and market mechanisms interact simultaneously, with market participants responding and adapting to decarbonization pathways. • This work develops a reinforcement learning model for long-term electricity markets. • Multi-agent Independent Proximal Policy Optimization is used. • The model enables assessment of simultaneous policy and market interactions. • An extensive hyperparameter search is applied to the competitive environment. • Tests in a stylized Italian system under deep decarbonization scenarios.";"Incluido"
"W7131394001";"10.5445/ir/1000190927";"Government backed credit guarantee schemes for offtaker counterparty risk under corporate power purchase agreements";"Repository KITopen (Karlsruhe Institute of Technology)";2026;"Johann Schütt; Fabian Kächele";NA;"Default; Business; Credit risk; Revenue; Payment; Finance";"article";0;NA;"Incluido"
"W3006217308";NA;"Analysing evolutionary pathways for the European power system resulting from climate mitigation policy";"Arrow@dit (Dublin Institute of Technology)";2019;"F. Gaffney";NA;"Climate policy; Climate change; Environmental resource management; Regional science; Geography; Political science";"dissertation";0;"The need for robust analysis of decarbonisation pathways has never been as high or as demanding. Globally, climate action is picking up pace. Yet, its momentum may hinge on informed policy decisions being made in a timely manner. Energy research must provide the analysis for these informed decisions. However, the scientific field lags others such as medicine or economics in moving to more open and reproducible science. The fact that this research is directly relevant to the urgent policy challenge of rapid energy system decarbonisation makes reproducibility of results particularly important. Aligning with this belief, all models and datasets used as part of this thesis are made openly available and accessible. The central focus of this thesis is to understand the effects of climate mitigation policy on Europe’s power sector. The approach applied in this thesis looks back in time as well as forward to capture the learnings from previous marketplace evolutions that may help avoid similar pitfalls in the future. Coupled with insights from a power system already having to endure complete market transformation while attempting to remain fit-for-purpose, this knowledge is the basis for analysing proposed decarbonisation pathways for Europe in terms of policy, regulation, economics and system operation perspectives. Today, policymakers and society are confronted by important decisions regarding the balance between cost equality, economic growth, energy security and climate action on a global scale. The key contributions of this thesis to that decision making process are new insights into the effects of policy decisions on cost inequalities stemmed from cross-border subsidisation of renewable energies, the risk exposures associated with over-reliance on technological development/readiness and finally a better, more well-rounded understanding of power system operational concerns in this brave, new decarbonised world.";"Incluido"
"W3031665702";"10.1007/978-3-030-40154-2_6";"Special Report 5: International Energy Cooperation and Governance";"Advances in oil and gas exploration & production";2020;"Jigang Wei; P Webb";"CN; NL";"Corporate governance; Investment (military); Business; Energy supply; Environmental economics; Quality (philosophy)";"book-chapter";1;"Currently, the global energy landscape is undergoing major shifts in terms of demand, supply, technology, structure, market and investment. Countries have general requirements for improved air quality and reduced emissions and pollution. International energy cooperation and governance must adapt to these new changes; promote the transition to clean, low-carbon, efficient and secure global energy; and drive high-quality development of global energy.";"Incluido"
"W239586033";NA;"Lønnsomhet i produksjon i et system med en stor andel fornybar energi";"BIBSYS Brage (BIBSYS (Norway))";2014;"Ingri Marie Hyldbakk";NA;"Political science; Humanities; Art";"dissertation";1;"Denne masteroppgaven omhandler det Nordeuropeiske kraftsystemet med en høy andel fornybar energi. Det ble undersøkt hvilke utfordringer, knyttet til økonomi og marked, som oppstår i kraftsystemet med en høy andel fornybar energiproduksjon. Det er undersøkt hvordan økt produksjon fra fornybare energikilder påvirker prisene og inntjeningen til ulike termiske produksjonsenheter. Det ble tatt utgangspunkt i kraftsystemsituasjonen fra 2010 som ble sammenlignet med en detaljert modell for et scenario av 2030 med høy andel fornybar energi. De definerte scenariene ble simulert med Samkjøringsmodellen, over 75 klimascenarier. Det ble utført en detaljert analyse av resultatene for to delområder i Tyskland og et delområde i Storbritannia, samt alle områder i Norge. I tillegg til simuleringene av 2010- og 2030-scenario og sammenligningen av disse, ble det utført ytterligere fire simuleringer med modifiserte modeller av 2030-scenario. Simuleringsresultatene for de modifiserte modellene av 2030-scenario ble så sammenlignet med den opprinnelige modellen for 2030-scenario. I den første modifiseringen ble det benyttet en ny vinddata-serie, den detaljerte serien COSMO som kun er tilgjengelig for ett år. Denne ble sammenlignet med det opprinnelige scenariet for 2030, hvor det er benyttet Reanalysis-vinddataserier. Disse seriene er lite detaljerte, men dekker 75 klimascenarier. Videre ble det utført en simulering med redusert overføringskapasitet, hvor Tysklands- og Englandskabelen samt Nordsjønettet ble fjernet. I de to siste simuleringene ble CO2-avgiftene fra 2030-scenario henholdsvis økt og redusert med en tredjedel.Resultatene fra simuleringen av den opprinnelige modellen for 2030-scenario viste at økt vindkraftproduksjon gir en mer varierende residualetterspørsel og dermed mer varierende kraftpriser. Utover dette førte også den økte vindkraftproduksjonen til en økt forekomst av tilfeller med ekstrempriser. Årlige driftstimer for de termiske produksjonsenhetene fikk en kraftig nedgang, noe som utfordrer lønnsomheten til kraftverkene. Resultatene viste en tydelig korrelasjon mellom vindkraftproduksjon og inntektene til de termiske grunnlastenhetene, med en korrelasjonsfaktor på -0.7. Dette indikerer at inntekten vil reduseres med økt vindkraftproduksjon, noe som igjen medfører økte svingninger i lønnsomheten for de ulike termiske kraftverkene. Dette vil også utfordre lønnsomheten til de termiske kraftverkene. I tillegg viste beregningen at de årlige inntektene til termiske produksjonsenhetene ikke var høye nok til å dekke investeringskostnadene. Kombinasjonen av dette fører til at det er lite attraktivt å investere i ny produksjon og å opprettholde eksisterende produksjonskapasiteter. De ulike termiske kraftverkene er altså ikke lønnsomme, men de er likevel nødvendige for å dekke etterspørselen i perioder med lave vindhastigheter.For å kunne undersøke betydningen av ulikt modellerte vinddataserier, ble scenariet for 2030 sammenlignet med to ulike vinddataserier. Simuleringsresultatene med den detaljerte vinddataserien COSMO viste en situasjon med mindre rasjonering og prisfall, sammenlignet med simuleringsresultatene med Reanalysis-serien COSMO- serien fanger altså ikke opp alle sårbarheter. Resultatene viste fordelen og nødvendigheten med å inkludere variasjoner fra år til år med Reanalysis-vinddataserier, for å ta hensyn til de såkalte ekstremårene som har en vesentlig påvirkning på kraftsystemet. Simuleringsresultatene med redusert overføringskapasitet viste at selve overføringskapasiteten har stor påvirkning på inntekten til de termiske produksjonsenhetene. Uten tilstrekkelig overføringskapasitet vil kraftsystemet oppleve mer varierende kraftpriser. Dette fører til økte svingninger i inntektsnivået, som igjen påvirker den økonomiske levedyktigheten til de ulike termiske produksjonsenhetene. I tillegg til dette vil den reduserte overføringskapasiteten føre til at man minster den positive effekten av geografisk utjevning. Ettersom kullkraft er mer karbonintensiv enn gasskraft, vil økte CO2-avgifter i det Nordeuropeiske kraftsystemet føre til et skifte i den termiske produksjonsfordelingen, fra kullkraftproduksjon til gasskraftproduksjon, ettersom kullkraft er mer karbonintensiv enn gasskraft. Okte CO2-avgifter vil også føre til en gradvis foflytning av produksjonen fra CO2-intensive kraftproduserende land, til mindre CO2-intensive kraftproduserende land. Med økt produksjon av gasskraft vil gasskraften bli mer lønnsom. Kullenhetene reduserer sin produksjon, og blir dermed mindre lønnsomme. På den andre siden vil reduserte CO2-avgifter gi et skifte i produksjonsfordelingen av termiske enheter, fra gasskraftproduksjon til kullkraftproduksjon, ettersom kullfyrte kraftverk i utgangspunktet har lavere driftskostnader enn gasskraftverk. Simuleringsresultatene viste at kullkraftverkene dermed vil øke sin produksjon og erstatte noe av gasskraftproduksjonen. Dette medfører økt lønnsomhet for kullkraften, mens gasskraften blir mindre lønnsom.";"Incluido"
"W2906659417";"10.5445/ir/1000035593";"Flexible Demand in Smart Grids - Modeling and Coordination";"Repository KITopen (Karlsruhe Institute of Technology)";2013;"Christoph M. Flath";NA;"Multitude; Flexibility (engineering); Computer science; Grid; Smart grid; Distributed computing";"dissertation";4;"The economic analysis of smart grid capabilities needs to incorporate physical boundaries as hard constraints which need to be facilitated by means of flexibility potentials and intelligent dispatching. Due to the distributed nature of demand, economic coordination also needs to be able to facilitate a multitude of individual agents. Questions concerning the modeling and coordination of an active demand side are addressed using tools and techniques from information systems and economics.";"Incluido"
"W7132831023";"10.3390/app16052342";"Research on Capacity Cost Compensation Mechanism for Coal-Fired Power in the Electricity Market Environment";"Applied Sciences";2026;"Xueting Cheng; Shuyan Zeng; Xiao Chang; Huiping Zheng; Jianbin Fan; Jian Le; Zheng Fang";"CN";"Market clearing; Electricity market; Bidding; Clearing; Marginal cost; Electricity";"article";0;"With the rapid expansion of renewable energy and the acceleration of electricity market reforms, coal-fired units are facing increasing difficulty in recovering fixed costs due to marginal cost-based bidding competition and depressed clearing prices caused by low-cost renewable integration, circumstances in which reasonable returns and investment incentives for coal-fired power plants are not guaranteed. To address this issue, this paper proposes a capacity cost compensation mechanism for coal-fired power in the electricity market environment. First, a joint clearing model for the electricity spot market considering both energy and reserve services is established, and annual market operation simulations are conducted to obtain unit output schedules, clearing prices, and annual revenues. Second, based on the long-term simulation results, the marginal clearing probability and fixed cost recovery deficit of each coal-fired unit are calculated, and a capacity compensation pricing method based on marginal clearing probability weighting is proposed to determine the system unit capacity compensation price. Subsequently, the compensated capacity is determined using the availability factor method, comprehensively reflecting each unit’s actual contribution to system capacity adequacy. Finally, case studies conducted on a modified IEEE 30-bus system validate the effectiveness of the proposed mechanism. The results demonstrate that following the implementation of the proposed mechanism, the investment payback periods of all coal-fired units are reduced to within the planned 20-year horizon, thereby ensuring the sustainable operation of coal-fired units and maintaining adequate reliability margins in the power system.";"Incluido"
"W4299802339";"10.5281/zenodo.7134874";"Priority areas of implementation of the Efficiency First principle in buildings and related energy systems";"Zenodo (CERN European Organization for Nuclear Research)";2021;"Zsuzsanna Pató; Tim Mandel; Senta Schmatzberger; Jean-Sébastien Broc; Janne Rieke-Boll; Ivana Rogulj; Eftim Popovski; Sheikh Zuhaib";"DE; BE; NL";"Architectural engineering; Energy (signal processing); Efficient energy use; Computer science; Engineering; Mathematics";"report";1;"However simple the concept is, implementing the Energy Efficiency First (EE1st) principle has proved to be a difficult task for European Union (EU) Member States. The National Energy and Climate Plans (NECPs) provide extremely limited information on how the various Member States understand and intend to implement this principle: “they set out limited details on the application of this principle [EE1st principle]”, highlighting that “co-benefits and possible trade-offs between energy efficiency measures and climate adaptation remain unrecognised and untapped” (European Commission, 2020). The European Commission is preparing guidance to aid Member States in devising their EE1st implementation strategy across various policy areas. This report provides input to this discussion.<br> This report identifies promising policy approaches in several EU policy areas: buildings, power markets/networks, gas markets/networks, district heating, energy efficiency, climate, and EU funds. The aims are to facilitate the implementation process in Member States and guide the next steps of the project to enable more detailed analyses about barriers and success factors in implementing EE1st, and then the development of policy guidelines.<br> We screen the policy areas and approaches by reviewing the EU policy context for each policy area; conducting interviews and using the examples of existing implementation of the EE1st principle we found earlier for each policy area. The reviews for each policy area screen the most important strategic and legislative documents where EE1st is relevant, regardless whether the principle is integrated already or not. For each policy area, we discuss a selection of policy approaches where EE1st is or could be implemented. These policy approaches have the potential to be fully implemented across the EU, bringing considerable benefits to consumers. Full and effective implementation most often requires the concerted action of various public and private actors. In each case we can identify the key actors needed for the successful Europe-wide implementation of the policy approach. In some cases, these approaches already have a legislative and regulatory basis, in others it is still to be established.";"Incluido"
"W2481957861";NA;"Public policies for the development of solar photovoltaic energy and the impacts on dynamics of technology systems and markets";"HAL (Le Centre pour la Communication Scientifique Directe)";2016;"Hyun Jin Julie Yu";NA;"Photovoltaic system; Context (archaeology); Consumption (sociology); Public policy; Industrial organization; Environmental economics";"dissertation";1;"Le marché des systèmes photovoltaïques a connu une forte croissance cette dernière décennie soutenue par des actions politiques favorables dans un contexte de transition énergétique. Pourtant, malgré ces conditions bénéfiques, le marché mondial du PV a paradoxalement traversé une période chaotique rencontrant des problèmes de surproduction, une crise industrielle et des différends commerciaux durable entre pays. Cette thèse part de ces problématiques et tente de comprendre les politiques publiques PV et les impacts sur la dynamique des technologies et des marchés. Afin de préciser ces questions, une approche systémique est utilisée pour fournir une compréhension correcte des mécanismes généraux des politiques publiques PV. Une vue d’ensemble systémique concrète de ces mécanismes est construite sur la base d’analyses théoriques et historiques en définissant les variables clés et le contexte. Une analyse rétrospective utilisant des mappings construits pour l’occasion est conduite afin de cerner les limites et défis critiques du secteur PV ainsi que les facteurs de risque. Cette thèse montre également la façon dont la nature du contexte politique change en liaison avec la dynamique du secteur PV. La thèse met en évidence que la dynamique nationale a été brisée par l’entrée de la Chine sur le secteur PV. La thèse propose au final des orientations stratégiques pour le développement du PV selon deux dimensions, nationale et internationale. Au niveau national, la thèse s’intéresse à l’autoconsommation PV en tant que manière naturelle d’utiliser l’énergie PV dans le système électrique. Cette analyse implique un changement de nature des politiques PV dans le futur. Pour terminer, afin de résoudre la crise industrielle actuelle, la thèse présente des possibilités d’actions internationales en collaboration pour créer une nouvelle demande PV dans le contexte international en recherchant des bénéfices économiques et environnementaux au niveau mondial";"Incluido"
"W7197173038";NA;"Market potential of V2G for grid stability";"Osuva (University of Vaasa)";2025;"Mansoor Mahmud";NA;"Electrification; Renewable energy; Environmental economics; Software deployment; Prosumer; Electric power system";"dissertation";0;"Electrification of transport sector is essential to achieve net-zero targets. Globally, transport contributes 12% of carbon emissions and is the number one contributor of emissions in Nordic countries. Adoption of electric vehicles (EVs) reduces the carbon footprint however poses challenges to electricity grid due to high charging load and lack of sufficient infrastructure. Moreover, with high penetration of renewable energy sources with variable production profile and growing demand with high deployment of EVs the power system stability is at risk and if not managed properly can have dire consequences in the form of nationwide blackouts. This report provides a comprehensive insight in the market potential of V2G deeming high deployment of EVs with high penetration of RES in a SMART power system that is imperative for the security of supply of Europe in the aftermath of energy crisis that started as a result of Russia-Ukraine conflict. Nordic countries have the highest deployment of EVs and if these distributed storage batteries are managed smartly it can be valuable assets to enable more renewable energy in the energy mix and can provide flexibility to cater renewable intermittency. Vehicle-to-Grid (V2G) is an emerging technology that can improve system stability and reliability whilst reducing energy cost and supporting new energy market business models that enables prosumer participation. The main concern of EV owners in participating in V2G is its negative effect on battery life. This report has discussed in detail different types of battery degradation mainly calendar ageing and cyclic ageing. Various battery degradation models are comprehensively studied and integrated in the objective function of the SMART charging. Moreover, this report also provides modelling methods to estimate EV demand for home and public charging using Monte Carlo and gaussian mixture model respectively to include real world charging behaviour of EV owners. The objective function of the modelling equations is formed as a convex problem and to keep the model simple and responsive battery degradation model is run in parallel to calculate cost factor which is fed in the optimization problem and is simulated with SMART charging controller to minimize the electricity cost, recover ownership cost of an EV without compromising user comfort and network thermal limits of the grid with minimal impact on the battery life. Finally, battery degradation is calculated based on the number of cycles used. The model is further developed to include provision of ancillary services and the model is verified using data of two hundred EVs with different plug-in and plug-out times to study economic benefit for user in participating V2G with SMART charging, its impact on grid stability and effect on battery life. From results it is concluded that provision of ancillary services yields more revenue by committing power to grid and has minimal effect of battery. Furthermore, using valley filling EV load can be shifted to off-peak hours when prices are low it reduces electricity cost for users and reduces grid load during peak hours for operators. This report is a part of Best4Grid funded by Nordic Energy Research for the widespread implementation of V2G in Nordic countries.";"Incluido"
"W7133533105";"10.2172/3016085";"Gravity Well Commercial Economics Assessment: Potential Revenue and Cost: Cooperative Research and Development (Final Report)";NA;2026;"Energy Efficiency Office. Advanced Manufacturing and Materials Technologies Office (AMMTO) USDOE Office of Energy Efficiency and Renewable Energy (EERE); Dayo Akindipe; USDOE Office of Critical Minerals and Energy Innovation (CMEI); Renewell Energy, Bakersfield, CA (United States); Merve Turan; Sertaç Akar; Wesley Cole; Dora Shlosberg; Nicole Taverna; Stefan Streckfus; Sarah Douglass";"US";"Economics; Revenue; Business; Development (topology); Microeconomics; Industrial organization";"report";0;"In the Gravity Well Revenue Study, we evaluate the potential revenue from energy storage using historical energy-only electricity prices, forward-looking projections of hourly electricity prices, and actual reported revenue. This analysis examines the impact of storage duration and round-trip efficiency, as well as the location of the storage, on storage revenue within the current and projected U.S. power system. We also investigated the impact of round-trip efficiency on storage revenue. We found that the relationship between storage revenue and round-trip efficiency is nonlinear. The value of improved round-trip efficiency declines as round-trip efficiency increases. In the Gravity Well Future Cost Study, we applied learning curves to predict the future cost trajectory of Gravity Wells (GrWs). Two types of analysis were implemented. The first was a bottom-up analysis that used historical learning rates for cost components, such as motors and gearboxes, and cost categories (e.g., engineering and design, etc.) to determine the learning-by-doing based single-factor learning curve. The single factor learning curve expresses the relationship between the cost of GrW and the number of units deployed (or the cumulative capacity). In the second analysis, we predicted future GrW costs via a top-down approach. This approach accounts for historical cost trends in other renewable energy and storage technologies, which have similarities with GrWs. Using a multifactor learning curve that accounts for both intrinsic (cumulative capacity) and extrinsic (the elasticity in the price of steel) factors, we estimated the future cost of GrWs.";"Incluido"
"W4392226623";NA;"The techno-economic stakes associated to the integration of renewables into electric systems";"theses.fr (ABES)";2021;"Pierre Cayet";NA;"Renewable energy; Economic system; Engineering; Economics; Electrical engineering";"other";0;"France has set itself the ambitious triple objective of increasing the share of renewable energies in electricity production while reducing the share of nuclear power to 50% by 2035 and reducing its carbon emissions. The precise assessment of the flexibility and back-up requirements of the future electricity system is crucial to guarantee its security. Using the framework of robust optimization, two original and complementary methodologies are presented to estimate the worst-case possible trajectories of the future residual demand. The first one relies on principal component analysis and the polynomial approximation method to determine the extreme order statistics of the residual demand variations, conditional to its level. The second uses Bayesian inference and graph theory to determine the worst-case trajectory which is guaranteed to be a global extremum, among all possible paths. These two methods are applied to a mixed integer linear programming model of the power system in Auvergne-Rhône-Alpes. By modelling the decision to extend the life duration of nuclear power plants as an endogenous variable and by performing a set of sensitivity analyses, we show that the closure of nuclear power plants in the short term is never optimal, both economically and technically, making the security of the power system rely on investments in polluting gas-fired plants. Finally, we analyze the impact of renewables on the remuneration of electricity producers. We study a set of original spot market reforms (average cost bidding for renewables, scarcity pricing) and off-market support mechanisms (Contract for Difference, insurance system) as well as their limits.";"Incluido"
"W1927983407";NA;"Impacts of environmental regulation and wind penetration level on the ERCOT market";"Texas ScholarWorks (Texas Digital Library)";2012;"Joo Hyun Jin";NA;"Market penetration; Wind power; Electricity market; Renewable energy; Environmental economics; Electricity";"other";0;"As more renewable resources are added into the grid and environmental regulations are imposed to reduce emissions, there will be dramatic changes in the generation portfolio. Assessing the impact of these changes is important for policy makers, market participants, and general public to understand trends in the electricity market. This paper addresses this issue by analyzing how the ERCOT market is affected by CO2 penalty and wind penetration. In order to assess the future power system, the study model should represent the long term dynamics of various factors to find out how investment decisions are made economically in a competitive market with appropriate assumptions. Another important aspect is the short term market dynamics from real operation of power system. For this study, AURORAxmp, a commercially available market simulator, is utilized to capture both long term and short term dynamics. This study runs 5 different scenarios: two base cases with and without CO2 price, 20%, 27%, and 33% wind penetration level. The result shows that, increasing wind penetration reduces production and capacity of both coal and gas units, electricity market prices, and amount of emissions. However, increasing wind penetration has greater impacts on a decrease in generation from thermal units than reduction in thermal capacity, resulting in 11.4% capacity value of wind power. The study also confirms that CO2 price impacts capacity and generation of coal (negatively) and gas (positively) units in opposite ways, and reduces emission, but increases power prices and generation cost. Especially, the impact on retirement of coal units is noticeable. Almost half of the current coal capacity (19 GW), 9,390 MW, is retired by 2040 in this study.";"Incluido"
"W2337876770";"10.4233/uuid:763acac3-1281-4fb5-a0ba-5ee10448017e";"Regulatory Design of Capacity Remuneration Mechanisms in Regional and Low-Carbon Electric Power Markets";"Research Repository (Delft University of Technology)";2016;"Paolo Mastropietro";NA;"Remuneration; Electric power; Business; Power (physics); Finance; Physics";"dissertation";4;"Capacity remuneration mechanisms (CRMs) are “climbing” regulatory agendas in all liberalised power sectors, especially in the European Union. CRMs are introduced to improve system reliability and to minimise power shortages to an economically efficient extent. These schemes will have a central role in future power systems. This PhD thesis provides an in-depth review of CRM design elements and recommendations to increase their efficiency and effectiveness, particularly in view of the challenges that these mechanisms have to confront in the current power sector environment, characterised by the pursuit of decarbonisation. The attention is focused here on the interaction with regional market integration, the need for properly-designed performance incentives, and the interaction with renewable technologies.&lt;br/&gt;The research is based on empirical evidence collected from international experiences, which is complemented, where applicable, by a model-based analysis to examine specific design elements. The outcomes of this PhD thesis can be summarised as follows.&lt;br/&gt;• The participation of cross-border resources in national CRMs must be guaranteed in order to fully seize the benefits of regional market integration. However, this participation requires a strong commitment from power systems (and governments) in the regional market and the implementation of network codes and market rules that deter system operators from blocking exports when the latter are the outcome of an efficient market clearing. Where short-term markets are coordinated through market coupling, the algorithm must include a conditional nomination rule that ensures that, during regional scarcity conditions, available resources are assigned to those consumers that paid for them in the CRM market.&lt;br/&gt;• CRMs must rely on robust performance incentives that foster the actual delivery of the committed capacity. High penalty rates may increase the cost of the capacity market, but the overall cost of electricity supply may decrease.&lt;br/&gt;• Renewable technologies should be allowed to participate in CRMs and should be exposed to the market signals provided by these mechanisms. If renewable and conventional technologies must compete in the same markets, they should do it subject to the same rules. Obviously this participation must be coordinated with renewable support schemes, discounting CRM revenues.";"Incluido"
"W4392318905";NA;"Optimizing distributed flexibility provision in competitive wholesale markets considering local constraints in the distribution grid";"HAL (Le Centre pour la Communication Scientifique Directe)";2023;"Marion Pichoud";"FR";"Flexibility (engineering); Grid; Distribution grid; Industrial organization; Business; Distribution (mathematics)";"dissertation";1;"Ce travail étudie la pertinence de mécanismes de coordination des actifs de gestion de la demande par le système électrique. La flexibilité de la demande peut faciliter l'équilibre entre l'offre et la demande, qui devient plus complexe avec l'augmentation de la part des EnRs dans le mix électrique européen. Elle peut aussi être un levier permettant d'atténuer les contraintes du réseau de distribution qui augmentent en raison de nouveaux usages. Ce travail montre que la flexibilité de la demande a une valeur significative pour le système électrique, que cette valeur provient d'une valorisation de la flexibilité sur les marchés, mais qu'une coordination entre le GRD et le marché de gros serait plus efficace du point de vue du système électrique. Cette thèse fournit des indications sur la valeur d'un mécanisme coordonnant l'utilisation de la flexibilité de la demande distribuée pour faciliter l'équilibre offre-demande et optimiser la gestion des contraintes sur le réseau de distribution.";"Incluido"
"W7132198063";NA;"Demand and supply of dispatchable generation in the power system of the Netherlands, 2030-2050";"TNO Repository";2026;"J.P.M. Sijm; N. Martin Gregorio; N. Y. Wang";NA;"Dispatchable generation; Context (archaeology); Renewable energy; Electricity; Flexibility (engineering); Electricity generation";"report";0;"The Netherlands – being part of the EU – aims at a climate-neutral society in 2050. For the Netherlands, this implies a strong further electrification of the energy system by means of power-to-X (P2X) technologies, such as power-to-hydrogen (P2H2) and power-to-heat (P2H), resulting in an expected increase of total electricity demand by a factor 3 to 4 over the period 2020-2050. On the supply side, this rapidly growing demand is, on balance, largely met by domestic power generation from variable renewable energy (VRE), in particular sun PV and (offshore) wind. The variability, however, of sun and wind – including in particular hours and even extended periods in which sun and wind are hardly or not available (‘Dunkelflautes’) –raises the need to optimise additional, dispatchable power generation and other flexibility options – such as storage, trade or demand response – in order to meet electricity demand over all hours of the years in a reliable and affordable way. Against this background, the key objectives or research questions of the current study include: • What is the expected future need (‘demand’) for dispatchable generation in the Netherlands over the years 2030-2050? • What is the expected cost-optimal supply mix of dispatchable (CO2-free) generation technologies in the Netherlands over the period 2030-2050 within an European-wide context (i.e., allowing cross-border electricity trade and compensating any positive CO2 emissions somewhere in the European P2X system by negative CO2 emissions elsewhere.in the system) to achieve a climate-neutral European P2X system in 2040 and beyond?";"Incluido"
"W4391962743";"10.26668/businessreview/2024.v9i2.3553";"COMPETITIVENESS ASSESSMENT WITH THE IMPLEMENTATION OF AN ENERGY CAPACITY MARKET IN BRAZIL";"International Journal of Professional Business Review";2024;"Thaís Mélega Prandini; Moacir de Miranda Oliveira; Aline Mariane de Faria";NA;"Blueprint; Context (archaeology); Nonmarket forces; Market analysis; Industrial organization; Originality";"article";1;"Purpose: This article investigates issues related to the need to implement a capacity market in the Brazilian electricity sector to add security to the system and increase market competitiveness to benefit its energy consumers, as well as attract investments to the supply segments of this industry. Theoretical Framework: This research focuses on the Market Design Theory and the transition to the capacity market, detailing its principles and relevance in the current context. Through it, we seek to understand the mechanisms that shape the contemporary market. Design/Methodology/Approach: This research adopts an applied research approach. It is structured as a case study, where Brazil is analyzed in the context of implementing a capacity market. Techniques such as interviews, and documentary research were used to collect data. Findings: The study delves into the intricacies of establishing a capacity market in a competitive environment. The central findings encompass distinctions between the separation of backing and energy versus the capacity market; the blueprint of the auction and regulation of contracting; shaping the long-term market perspective; and the methodology for deducing the capacity market demand. Research, Practical &amp; Social Implications: This article contributes to the literature by surveying cases on capacity market development in developed countries. Furthermore, as a practical contribution, it details the benefit of implementing a capacity market in the Brazilian case. Originality/Value: This research provides innovative solutions for Brazil, drawing from global benchmarks and tailoring them to Brazil's unique challenges and recent legal changes.";"Incluido"
"W7126781127";NA;"Winds Worth Winning? Evaluating Cost-Efficiency and Procurement Viability in the 2025 Danish 2.8 GW Offshore Tenders";"Research at the University of Copenhagen (University of Copenhagen)";2025;"Jacob Hannemann Friis-Hasché; Malthe Dyrby Thomassen";NA;"Call for bids; Submarine pipeline; Procurement; Danish; Business; Work (physics)";"dissertation";0;"Offshore wind is a cornerstone technology for reaching European renewable energy targets, but recent developments have revealed tensions between ambitious capacity targets and the viability of project procurement.These pressures have led to failed and delayed tenders.After a failed procurement in 2024 in Denmark, the state relaunched a 2025 procurement of 2.8 GW across three tenders under a two-sided Contractfor-Difference (CfD), with a combined subsidy cap of EUR 7.4 billion.This thesis develops a theoretical framework to evaluate the selected CfD design and the full 2.8 GW procurement.The framework combines a dispatch model for power price forecasting with a Discounted Cash Flow (DCF) model to estimate the required strike for bidders and assess: (i) whether the chosen CfD design minimises cost intensity, and (ii) whether the tender structure can deliver the full 2.8 GW within the specified subsidy constraints.The first research question is addressed using a cost intensity metric that measures the present value of total payouts per unit of electricity, allowing comparisons of fiscal efficiency across design alternatives.The analysis examines the sensitivity of strike prices, cost intensities, and the allocation of risk between the state and bidders.Four CfD design alternatives are considered: reference volume, reference price, duration, and strike indexation.The findings indicate that, for three of the four, the current design is the least cost-intensive among the alternatives considered.However, extending the CfD duration may further reduce cost intensity, though this alternative could increase risk for the state in a scenario with unexpectedly low spot prices.The second research question is addressed by applying the framework to each of the three tenders within the combined procurement.The analysis shows that achieving the full procurement of 2.8 GW is unlikely under current market conditions.While the subsidy cap appears sufficient for the first two tenders, the final tender is not economically viable within the allocated cap.i";"Incluido"
"W4416109929";"10.32782/3041-2080/2025-5-4";"ЕКОНОМІЧНА ДОЦІЛЬНІСТЬ СИСТЕМ ЗБЕРІГАННЯ ЕНЕРГІЇ НА ФОТОЕЛЕКТРИЧНИХ СТАНЦІЯХ З УРАХУВАННЯМ КОЛИВАНЬ ЦІНИ НА РИНКУ ЕЛЕКТРОЕНЕРГІЇ";"Naukovij žurnal Metìnvest polìtehnìki. Serìâ: Tehnìčnì nauki.";2025;"Денис Володимирович Кононюк; Артем Володимирович Рухлов";NA;"Cost of electricity by source; Energy (signal processing); Renewable energy; Mathematics; Energy source; Work (physics)";"article";0;"Коливання оптових цін на електроенергію, зокрема зростання частоти появи нульових і негативних цін у країнах Європи, змінюють економіку відновлюваної генерації та підсилюють інвестиційний інтерес до систем зберігання енергії (СЗЕ) у складі фотоелектричних станцій (ФЕС). У роботі автори оцінили економічну доцільність впровадження СЗЕ на базі акумуляторних батарей (Battery Energy Storage System, BESS) у конфігураціях «окремо» (standalone) та «спільно з ФЕС» (co-located) з урахуванням цінової волатильності. Запропоновано методологію моделювання режиму, для чого побудовано синтетичний погодинний ринковий сценарій на 1 рік та профіль фотовольтаічної (PV) генерації (потужність 100 МВт постійного струму (DC), коефіцієнт використання встановленої потужності (сapacity factor) СF ≈ 20 %). Також авторами прийняті правила диспетчеризації BESS (100 МВт/400 МВт∙год; ефективність RTE = 88 %) для арбітражу «заряджання за низьких / негативних цін – розряджання за високих». Параметри витрат узгоджено з діапазонами щорічного звіту Національної лабораторії з відновлюваної енергетики США (National Renewable Energy Laboratory) NREL ATB-2024 та відомим щорічним аналітичним звітом Lazard Levelized Cost of Energy (LCOE+), який публікує американський інвестиційний банк Lazard для перевірки реалістичності припущень. Змодельовані результати свідчать, що система «standalone BESS» отримує суттєву частку доходу саме за рахунок волатильності, а не середнього рівня цін, тоді як гібридна фотоелектрична система (Hybrid PV) + BESS збільшує виторг сонячної енергії завдяки часовому зсуву видавання у години високої ціни. Проведений авторами аналіз чутливості множником волатильності 0,5–2х показав, що за типових умов для ринків із частими негативними цінами у 2024–2025 роках чиста приведена вартість (Net Present Value) NPV та внутрішня норма рентабельності (Internal Rate of Return) IRR для «standalone BESS», а особливо для гібридних систем, покращуються на десятки відсотків.";"Incluido"
"W7133548504";"10.48336/207";"Battery energy storage systems for energy arbitrage: market selection and price forecasting optimization";"Open MIND";2026;"Inam Ullah Khan";NA;"Electricity market; Arbitrage; Electricity; Volatility (finance); Economics; Electricity price forecasting";"dissertation";0;"The rapid integration of variable renewable energy (VRE) sources into electricity grids has disrupted traditional power market dynamics and created new opportunities for grid-scale battery energy storage system (BESS) ventures. This thesis presents an integrated, data-driven framework for optimizing the investment and operational decision-making processes of battery energy storage system-enabled energy arbitrage (BESS-EA) systems. The first component develops a novel energy arbitrage feasibility (EAF) scoring methodology to evaluate the locational suitability of 29 European electricity markets. Using eight years of hourly wholesale electricity price data (2015–2023) along with regulatory, volatility, and macroeconomic indicators—including electricity supply-origin risk (ESOR), GDP per capita (purchasing power parity), and index of economic freedom (IEF)—the EAF score facilitates standardized, cross-country investment assessment across five investor preference scenarios. Results identify Estonia and Luxembourg as optimal BESS-EA markets across five scenarios. The second component addresses the critical challenge of electricity price forecasting for bid optimization by introducing a hybrid long short-term memory (LSTM) and exponentially weighted moving average (EWMA) architecture. Trained on Austria's market data, the model achieves a root mean square error (RMSE) of €1.2207/MWhe and incorporates 95% bootstrap confidence intervals for risk quantification. By simultaneously capturing long-term temporal trends and short-term volatility patterns, the model supports robust intraday BESS bid decisions in wholesale and ancillary service markets.";"Incluido"
"W7124516327";NA;"Lämmön varastoinnin teknistaloudellinen arviointi kaupunkien kaukolämpösovelluksissa";"Aaltodoc (Aalto University)";2023;"Carlo Porru";NA;"Context (archaeology); Renewable energy; Production (economics); Key (lock); Investment (military); Environmental economics";"dissertation";0;"District heating (DH) is shifting from carbon-intensive energy sources towards intermittent renewable energy sources. The industry-wide shift drives the strategic priority of Helen, the largest DH producer in Finland, to decarbonize its DH operations. Nevertheless, the successful realization of this objective mandates significant investments in novel production technologies and solutions within the foreseeable future. Thermal energy storage (TES) has emerged as a crucial solution for effective decarbonization. This thesis focuses on evaluating the urban suitability of TES in the context of Helsinki district heating network (DHN). Latest techno-economic aspects, key urban and DH criteria of TES were assessed with a literature review. Using the findings from the literature, mixed-integer linear programming (MILP) simulation scenarios were created for the Helsinki DHN in the year 2030, incorporating cavern thermal energy storage (CTES), water-based tank thermal storage (TTES), and sand-based TTES. The simulations aimed to evaluate the performance of these technologies when integrated into the system as only system integration discloses the accurate techno-economic performance of TES. Based on the modelling results and evaluation of key financial parameters, the optimal TES power size segment of 200 MWth was identified. Even in a highly decarbonized DH scheme, the results demonstrate yearly emissions reductions of 8–27 kt CO2-eq with TES integration. Furthermore, a return on investment (ROI) between 8.9–14.4% can be achieved. The most promising solutions provide a production corresponding 3.4–7.0% of the annual DH demand of Helsinki, or respectively 233–486 GWh. To assess the impact of variations in key input parameters, a sensitivity analysis was conducted. Commodity pricing has the most pronounced impact on the investment profitability and is the sole sensitized parameter that makes most TES investments clearly unfeasible. Ultimately, non-pressurized TTES and pressurized CTES emerge as the most techno-economically feasible solutions in a Nordic urban DH setting. The thesis identified barriers that hinder TES adoption and proposed recommendations to overcome them. In addition, several challenges and details are identified that need further consideration before any TES investment decision.";"Incluido"
"W2909740741";NA;"The present profitability of grid-scale lithium-ion batteries in Finland and future prospects";"Aaltodoc (Aalto University)";2018;"Juhani Riikonen";NA;"Scale (ratio); Profitability index; Lithium (medication); Environmental science; Grid; Computer science";"dissertation";0;"This thesis studies the present profitability of grid-scale lithium-ion batteries in Finland combined with their future prospects in the market. The future outlook is limited to 2030. &#13;\n&#13;\nThe thesis is based on a lithium-ion electrical energy storage technology literature review which estimates the installed system costs, cycle life, calendar life, round-trip efficiency as well as operation, maintenance and administrative costs. The details of the review are combined with the data on the Finnish electricity market, provided by Fingrid and Nord Pool AS. &#13;\n&#13;\nThe profitability is estimated in the day-ahead market, the intraday market and the reserve markets. The frequency containment reserve for normal operation is found to be the most attractive marketplace due to the highest revenue potential and the technical suitability. Hence, the levelized cost of storage method is used to estimate the profitability in the day-ahead and intraday market and the net present value to estimate the profitability in the frequency containment reserve. &#13;\n&#13;\nThe profitability is calculated after reviewing information about the distribution costs, taxation and cost of capital. The investment is found to be highly unprofitable. Sensitivity analyses reveal, however, that the investment is significantly sensitive to the installed system cost and to the cycle life.&#13;\n&#13;\nThe prices of the lithium-ion batteries are expected to decrease in the near future. Also, the technical performance characteristics, for example cycle life, are expected to improve. In addition to these, the electricity market conditions are going through favorable changes, including the increasing amount of inflexible and intermittent power sources, such as wind power, and the decreasing grid inertia. The rules will also become more demanding in the frequency containment reserve for normal operation. On the contrary, the demand response is expected to worsen the already-poor energy arbitrage capability of the lithium-ion batteries. However, the demand response was found not to be a competitor of the lithium-ion batteries in the frequency containment. Thus, it is predicted that the lithium electricity storage will not be widely used in the energy arbitrage applications but might become an important part of the frequency containment in Finland by 2030.";"Incluido"
"W2996706503";NA;"Giving the Green Light to the Green : Facilitating the integration of variable renewable electricity into the power system";"Data Archiving and Networked Services (DANS)";2019;"Jing Hu";NA;"Variable renewable energy; Renewable energy; Environmental economics; Business; Electricity market; Electric power system";"dissertation";0;"Variable renewable energy (VRE) technologies convert stochastic weather flows (e.g. wind and solar) into electricity. They play an essential role in the low-carbon transition of the power sector to achieve the Paris agreement. However, the large-scale integration of VRE technologies into the power system faces challenges. Firstly, the variable outputs of VRE require additional balancing and backup capacity and increased flexible operation of thermal power plants. This results in integration costs, i.e. the costs of adapting the power system to accommodate for increased shares of VRE. Secondly, various support schemes are used to shield VRE investments from market revenue risks. To avoid market distortions and subsidy-dependent pathways, the investment and operation of VRE needs to respond and be increasingly exposed to price signals in the electricity market. However, the current electricity market design does not allow for a substantial share of VRE, because it does not support market participation of VRE and the reduction of its integration costs. This dissertation investigates different options facilitating the integration of VRE into the power system from the aspects of spatial planning, market design and policies. This is done through literature review, scenario analysis, GIS, modelling of VRE outputs and portfolio optimization. Its main findings include: • The variability of VRE outputs can be effectively reduced through geographically diversified portfolios of VRE capacity in a large area, such as China. A higher share of wind in VRE portfolios, than that is envisioned in most climate mitigation scenarios, is better for smoothing variability. Such portfolios are also beneficial to reduce the magnitude of sudden extreme reductions in VRE outputs. • Big market reforms are needed to accommodate the increased share of VRE in the power system. These reforms should focus on changing the pricing settlement rules, increasing the time resolution of trading products, and delaying the gate closure time. A level playing field should be established to safeguard the participation of VRE into the electricity market. • When designing policy instruments to support VRE investments, negative interactions with other policy instruments or the electricity market should be minimized. A comprehensive policy framework to support VRE investments should not be limited to the narrow context of climate and energy policy and the electricity market. For instance, microeconomic policies can have negative impacts on VRE investments through increasing the lending rate.";"Incluido"
"W3122249793";"10.15781/t2x921k67";"The Regulatory Contract in the Marketplace";"Texas ScholarWorks (Texas Digital Library)";2016;"David B. Spence; Emily Hammond";"US";"Natural monopoly; Monopoly; Economics; Industrial organization; Competition (biology); Electricity market";"article";1;"For decades, energy policy has struggled to reconcile two distinct visions for the future: the first seeks ever-more-competitive, efficient, and dynamic electricity markets, while the second seeks an ever-greener mix of electricity generation sources. Caught within this push-and-pull dynamic is the regulatory contract—a nineteenth-century concept that stands more for ordered regulation than competitive markets. This Article examines how piecemeal pursuit of two energy visions has produced mismatches between rapidly evolving markets and governance institutions that cannot change as quickly. To better evaluate these mismatches, the Article develops a framework that accounts not just for market operation and environmental externalities, but also the technical constraints of grid operation and electricity fuels. Relying on the experience of nuclear power, the Article creates an account of how a fuel source can be priced out of the market despite its apparent advantages in reliability and air emissions. With this understanding, the Article evaluates the political economy and governance challenges associated with diverse policy options aimed at better capturing valuable attributes of electricity. Ultimately, this analysis furthers our understanding of the regulatory contract in the marketplace, suggesting an updated vision for its role in mediating the competing goals for electricity markets.";"Incluido"
"W7133544717";"10.3390/en19051276";"A Bilevel Multi-Market Coupling Optimization Framework for Nuclear Power Integration: Joint Modeling of Energy, Reserve, and Capacity Markets";"Energies";2026;"Peng Ji; Yi Liu; Nan Li; Zhongfu Tan";"CN";"Stylized fact; Bilevel optimization; Profit maximization; Economics; Mathematical optimization; Nuclear power";"article";0;"This paper develops a bilevel multi-market coupling optimization framework to analyze the strategic participation of nuclear power plants in modern electricity systems where energy, reserve, and capacity markets are simultaneously cleared. The upper-level problem represents the Independent System Operator’s objective of maximizing system-wide social welfare under network, reserve, and carbon-cap constraints, while the lower-level problem captures the nuclear operator’s profit maximization subject to ramping limits, minimum uptime requirements, fuel-cycle depletion, and deliverability restrictions. By embedding these technical constraints into a bilevel structure reformulated through tractable complementarity conditions, the model captures the interdependence of nuclear scheduling, reserve deployment, capacity commitments, and carbon compliance in a single optimization environment. The proposed framework is applied to a stylized but realistic case study with 96-h time resolution, 12-bus network topology, and detailed representations of wind variability, demand elasticity, and emission caps. The model quantifies how nuclear participation displaces 40,000 tCO2 over the horizon, raises producer surplus by 12 percent, and increases total social welfare by nearly 18 percent when all three markets are coupled, relative to an energy-only benchmark. Nuclear profitability is shown to be highly sensitive to renewable volatility, with ±20 percent swings in wind uncertainty altering profits by 0.24 million USD. Reserve deliverability emerges as the second most influential driver, while policy variables such as carbon price shifts play a smaller role. Reliability analysis based on the complementary cumulative distribution of unserved energy demonstrates that joint market clearing reduces the probability of load shedding at the 0.5 percent threshold from 8 percent in energy-only markets to 2 percent under full coupling. Overall, the study provides the first integrated modeling treatment of nuclear bidding across energy, reserve, and capacity markets within a bilevel optimization framework. By jointly considering operational constraints and policy targets, the framework reveals how nuclear power can simultaneously improve economic efficiency, enhance system reliability, and support carbon mitigation. The results highlight that nuclear’s value extends well beyond baseload energy provision, with multi-market strategies offering measurable gains for both individual operators and social welfare under conditions of uncertainty and constraint.";"Incluido"
"W3121756239";"10.5445/ir/1000104471";"On the Role of Electricity Storage in Capacity Remuneration Mechanisms";"Repository KITopen (Karlsruhe Institute of Technology)";2019;"Christoph Fraunholz; Dogan Keles; Wolf Fïchtner";"DE; DK";"Remuneration; Electricity; Environmental economics; Electricity market; Electricity generation; Renewable energy";"book";1;NA;"Incluido"
"W3176583507";NA;"Taking stock of wholesale power markets in developing countries : a literature review";"RePEc: Research Papers in Economics";2018;"Hugh Rudnick; Constantin Velásquez";"CL";"Business; Industrial organization; Restructuring; Market power; Incentive; Supply and demand";"preprint";0;"Although many developing countries have&#13;\n yet to meet the considerable prerequisites for establishing&#13;\n wholesale power markets, a significant minority of larger&#13;\n middle-income countries have introduced diverse markets in&#13;\n the past 25 years. Cost-based pools proved particularly&#13;\n popular in Latin America and look to be a more&#13;\n straightforward starting point than the bid-based pools&#13;\n adopted in some other jurisdictions. Successful design of&#13;\n power markets involves paying careful attention to four&#13;\n guiding principles. First, trading arrangements must ensure&#13;\n efficient and reliable operation of the market, efficiently&#13;\n employing available resources not only to balance aggregate&#13;\n supply and demand, but also to allow congestion management&#13;\n and supply ancillary services. Second, market design should&#13;\n ensure strong participation of the demand side of the&#13;\n market, by allowing large customers to participate directly&#13;\n in the market, and medium ones to see spot market prices&#13;\n through time-of-use tariffs. Third, open access to the power&#13;\n grid should be guaranteed through industry restructuring,&#13;\n removal of barriers to entry of different players, and&#13;\n establishment of a neutral system operator. Fourth, a&#13;\n workable framework for supply adequacy is required to ensure&#13;\n capacity meets demand without imposing supply constraints.&#13;\n This may entail complementing efficient energy price signals&#13;\n with other mechanisms (such as auctions and capacity&#13;\n obligations) to provide adequate incentives for investment&#13;\n in new generation capacity. Experience demonstrates that the&#13;\n early stages of establishing power markets can be&#13;\n challenging and necessitate the creation of regulatory&#13;\n mechanisms for market monitoring that can identify and&#13;\n address emerging design flaws, particularly for abuses of&#13;\n market power. Countries not yet ready to introduce wholesale&#13;\n power markets may still benefit from several emerging&#13;\n regional power markets. Looking ahead, the design of power&#13;\n markets is becoming increasingly complex due to the&#13;\n challenges posed by disruptive technologies such as variable&#13;\n renewable energy, large-scale storage, and increasingly&#13;\n sophisticated demand-side participation.";"Incluido"
"W4388684571";"10.48550/arxiv.2311.06426";"Incentivizing Investment and Reliability: A Study on Electricity Capacity Markets";"arXiv (Cornell University)";2023;"Guo Cheng; Christian Kroer; Yury Dvorkin; Daniel Bienstock";NA;"Electricity market; Revenue; Investment (military); Industrial organization; Factor market; Market power";"preprint";1;"The capacity market, a marketplace to exchange available generation capacity for electricity production, provides a major revenue stream for generators and is adopted in several U.S. regions. A subject of ongoing debate, the capacity market is viewed by its proponents as a crucial mechanism to ensure system reliability, while critics highlight its drawbacks such as market distortion. Under a novel analytical framework, we rigorously evaluate the impact of the capacity market on generators' revenue and system reliability. More specifically, based on market designs at New York Independent System Operator (NYISO), we propose market equilibrium-based models to capture salient aspects of the capacity market and its interaction with the energy market. We also develop a leader-follower model to study market power. We show that the capacity market incentivizes the investment of generators with lower net cost of new entry. It also facilitates reliability by preventing significant physical withholding when the demand is relatively high. Nevertheless, the capacity market may not provide enough revenue for peaking plants. Moreover, it is susceptible to market power, which necessitates tailored market power mitigation measures depending on market dynamics. We provide further insights via large-scale experiments on data from NYISO markets.";"Incluido"
"W2527684428";NA;"Sensitivitätsanalyse für Stromspeicher als Flexibilitätsoption in Energiesystemen mit hohem Anteil fluktuierender Erzeugung";"elib (German Aerospace Center)";2015;"M. Pohl";NA;"Gynecology; Political science; Physics; Humanities; Art; Medicine";"dissertation";0;"Das Elektrizitätsversorgungssystem in Europa, insbesondere in Deutschland, befindet sich in einem Umbruch. Aufgrund der Abschaltung der Atomkraftwerke und weiterer fossiler Kraftwerke, die das Ende ihrer Lebensdauer erreicht haben, fällt gesicherte Leistung und Regelleistung aus dem Stromerzeugungssystem. Im Gegenzug steigt der Anteil von Strom aus fluktuierender erneuerbarer Quellen. Die Erzeugung bei fluktuierenden erneuerbaren Energien erfolgt dargebotsabhängig und folgt nicht dem Lastgang. Dadurch wird eine größere Flexibilität bei Last und den anderen Erzeugern zur Deckung der Residuallast notwendig. Dazu steht ein breites Band an Technologien zur Verfügung. Der Schwerpunkt dieser Arbeit liegt auf Speichertechnologien. Ziel dieser Arbeit ist eine Untersuchung der Robustheit des Ergebnisses bei der Ermittlung von Speicherbedarf im deutschen Übertragungsnetz. Die Robustheit bezieht sich auf Änderungen ausgewählter Annahmen, wie Kosten, Netzausbau oder Abregelung. Dies soll zum Verständnis beitragen, unter welchen Umständen und in welchem Umfang der Einsatz von Speichern für eine Elektrizitätsversorgung auf Basis erneuerbarer Energien volkswirtschaftlich sinnvoll ist. Es werden die Technologien Pumpspeicherkraftwerk, Druckluftspeicherkraftwerk, Batteriespeicher und Wasserstoffspeicher berücksichtigt. Die Grundlagen dieser Technologien und die Anwendungsmöglichkeiten von Speichern werden erläutert. Auch werden alternative Flexibilitätsoptionen aufgezeigt und der Stand der Forschung diskutiert. Die Untersuchung des Speicherbedarfs erfolgt anhand von linearer Optimierung. Dazu wird das Optimierungsmodell Renewable Energy Mix for sustainable energy supply (REMix) des Deutschen Zentrums für Luft- und Raumfahrt (DLR) verwendet. Die Ergebnisse zeigen, dass sich sowohl die Kosten von Brennstoffen als auch die Kosten für Emissionszertifikate auf den Speicherbedarf auswirken. Die Sensitivität bezüglich dieser Kosten ist jedoch deutlich geringer als die Sensitivität bezüglich Änderungen im Gesamtanteil der erneuerbaren Energien an der Bruttostromerzeugung, dem Netzausbau sowie der Beschränkung von Abregelung fluktuierender erneuerbarer Erzeuger.";"Incluido"
"W4299803454";"10.5281/zenodo.7133434";"Defining and contextualizing the E1st principle";"Zenodo (CERN European Organization for Nuclear Research)";2020;"Zsuzsanna Pató; Jean-Sébastien Broc; Tim Mandel; Benigna Boza‐Kiss; Senta Schmatzberger";"NL; DE; AT; BE";"Epistemology; Geography; Philosophy";"report";1;"Efficiency First (E1st) is now an established principle of EU energy policy. It has been embedded in various legislative pieces of the Clean Energy for All package in 2018-2019.<br> This report reviews the background of this concept and existing definitions in order to draw a definition that can serve as a basis for the ENEFIRST project and its specific objectives, that is, making E1st operational for the building sector and related energy systems.<br> Similar concepts such as ‘Integrated Resource Planning’ (IRP) and ‘Energy Efficiency as a Resource’ have been developed in the U.S. and sometimes tried in some European countries. The well-documented U.S. experience shows how this type of approach can be implemented in the electricity sector. The European approach of E1st aims at a broader scope encompassing the entire energy system.<br> Another difference is that the time horizon considered in the implementation of IRP, or similar concepts, in the U.S. is often in line with the cycles of utilities’ energy planning, that is, five to ten years, whilst E1st in Europe is thought to be applied in multiple timeframes, from short-term investment planning to medium-term targets (for 2030) and long-term goals (for 2050).<br> The background analysis also highlights the importance of the scope of costs and benefits considered when comparing supply-side and demand-side resources. The general trend is to expand this scope to take into account multiple impacts, along with the experience gained in assessing them.<br> Based on these analyses, the definition of E1st adopted for ENEFIRST is as follows: ""Efficiency First gives priority to demand-side resources whenever they are more cost effective from a societal perspective than investments in energy infrastructure in meeting policy objectives. It is a decision principle that is applied systematically at any level to energy-related investment planning and enabled by an ‘equal opportunity’ policy design."" This report then discusses the application of the principle in six policy areas (renewable policy, energy efficiency policy, climate policy, power market rules, building policy and energy security) with reference to the main EU legislations in these areas. The analysis does not claim to be comprehensive, but highlights the major decision points where E1st should be applied. It is the new power market design where the E1st principle is made operational most consistently from network planning to network company regulation. It is yet to be seen, however, to what extent it will be reflected in the European and national implementation.<br> The report also analyses the process and the methodological issues when comparing demand-side resources with supply investments and identifies those typical investments — both at the system and at the household level — where its application should be considered. These decision points are illustrated by comparing business-as-usual decision paths with ones that would integrate the E1st principle.";"Incluido"
"W2793218756";NA;"The economic potential of Demand Response in liberalised electricity markets – A quantitative assessment for the French power system";"HAL (Le Centre pour la Communication Scientifique Directe)";2018;"Antoine Verrier";NA;"Humanities; Political science; Art";"dissertation";1;"Dans l’industrie électrique, le progrès technologique apporté par les réseaux intelligents vient défier l’idée selon laquelle les consommateurs ne pourraient pas réagir aux prix des marchés de gros. L’intégration des Effacements de Demande (ED) dans le système électrique se heurte néanmoins à la question de leur efficacité économique. Cette thèse évalue la valeur économique des ED en s’appuyant sur un modèle de marché de l’énergie sous incertitude permettant de calculer les profits d’un agrégateur, par classe de consommateur et d’usage final. Le modèle appartient à la classe des problèmes linéaires stochastiques à plusieurs périodes. Sa résolution s’appuie sur Stochastic Dual Dynamic Programming.\tIl apparaît qu’en France, les secteurs rentables sont le load-shedding industriel et le load-shifting du ciment et du papier. Le load-shifting du chauffage électrique n’est pas profitable pour le tertiaire et le résidentiel. De plus, la valeur capacitaire des ED est déterminante. Dans l’ensemble, les ED deviennent viables mais le développement de leur potentiel semble conditionné à une baisse des coûts fixes dans les technologies de réseau intelligent.";"Incluido"
"W3132074812";"10.1186/s42162-019-0098-7";"enCOMPASS, demonstrating the impact of gamification and persuasive visualizations for energy saving";"Virtual Community of Pathological Anatomy (University of Castilla La Mancha)";2019;"Piero Fraternali; Sergio Luis Herrera González";NA;"Computer science; Energy (signal processing); Human–computer interaction; Psychology; Aesthetics; Art";"article";1;"In this demo we present the enCOMPASS energy awareness app. The app is designed to turn the raw data of smart meter and sensors, installed at the premises of the consumers, into tools for behavioral change and customer relationship management. Sensed data are presented to the user in multiple visualizations, exploited to disaggregate consumption into end-uses, estimate user activity and comfort levels, and ultimately deliver contextual and personalized energy saving recommendations.";"Incluido"
"W2462366433";NA;"The impact of outages on the profitability of HVDC-cables between the Nordic area and the continent using the EMPS model";"Duo Research Archive (University of Oslo)";2015;"Christian Sørum Melaaen";NA;"Profitability index; Environmental science; Engineering; Forensic engineering; Business; Finance";"dissertation";0;"This master thesis investigates sudden HVDC-cable exchange limitations between thermal-based and hydro dominated areas from a market perspective. Thermal-based areas are based on fossil-fired units in combination with large amounts of wind and solar energy. This power production structure resembles Germany. \n\nThe power market simulator used is EMPS (EFIs Multi-area Power-market Simulator), which is a well-known simulation tool throughout the Nordic area. The simulation uses historical water inflow and weather measurements for 75 climatic years, giving a wide range of different outcomes. The outage analyses are mainly done in a data set developed by SINTEF resembling the North-European power system configuration in year 2030. \n\nThe EU has agreed upon extensive objectives regarding reduction in greenhouse gas emissions. The energy sector is changing towards more Renewable Energy Sources (RES). The challenge is that RES is not able to accomplish the same flexibility as conventional power plants provide. Flexible hydropower production from Norway intends to support intermittence of RES and contribute to security of supply. Exchange capacity from Norway to continental Europe is provided through HVDC-cables. This report shows the impact of HVDC-cable outages on North-European power prices. \n\nStatistical data shows that HVDC-cable disturbance outages occur. Disturbance outages are forced outages limiting the cross-border power exchange. The average cable unavailability due to such outages is 2.4 weeks per year. The cable investigated is the planned cable connecting Norway to Germany, Nord.Link, with a capacity of 1.4 GW. Outages are modelled annually from the beginning of the first week in each simulated climatic year. There is a higher probability of stressed operation in winter time, due to high load combined with lower solar production, and this season is assumed to be a critical period for outages. \n\nThe results show that a three-week outage of Nord.Link has close to no impact on the average price in Germany for all 75 simulated years. However, during power capacity shortage, the price increases significantly. Power capacity shortage comes with low wind and solar production combined with high consumption, and demand is met by use of expensive flexible load. It is seen that the highest price in Germany reaches 900 EUR/MWh at worst. This is 200 EUR/MWh higher than if Nord.Link had been available. \n\nGerman consumers are most affected during outage on Nord.Link. In this study, a three-week outage reduces the consumer surplus in Germany by 60 MEUR in the worst year due to the significant increase in prices. However, the mean loss in consumer surplus for all climatic years is less, being close to 8 MEUR. The results also discover that there is not the outage length that is critical regarding consequences, but the initial power situation in the affected period. A fifteen-week outage of Nord.Link on average costs German consumers 30 MEUR, while a two-week outage during power capacity shortage exceeds 50 MEUR. \n\nThe results show that transmission cable outage gives the same consequences in consumer surplus in Germany as power production outage for the same capacity. Additionally, the fault-statistics are in favour of cables. Cross-border capacity should therefore be included in foreign Capacity Remuneration Mechanism (CRM). CRM pays for installed capacity to support intermittence of renewables, making power supply capacity more profitable. \n\nFurthermore, Norway becomes a more secure source of supply in the future due to more interconnections, making it possible to import energy in dry years to store water in reservoirs. \n\nHVDC-cable exchange between the Nordic area and the European continent improves security of supply, and is in line with EUs target of a clean and strongly interconnected power system. The value of providing back-up capacity to the continent is high because the power exchange will reduce continental prices significantly during power capacity shortage, reducing the electricity bill for consumers.";"Incluido"
"W2255917775";NA;"Investment vs. refurbishment: Examining capacity payment mechanisms using mixed complementarity problems with endogenous probability";"RePEc: Research Papers in Economics";2015;"Muireann Á. Lynch; Mel T. Devine";"IE";"Remuneration; Complementarity (molecular biology); Payment; Mixed complementarity problem; Investment (military); Procurement";"preprint";1;"Capacity remuneration mechanisms exist in many electricity markets. Capacity mechanism designs do not explicitly consider the effects of refurbishment of existing generation units in order to increase their reliability. This paper presents a mixed complementarity problem with endogenous probabilities to examine the impact of refurbishment on electricity prices and generation investment. Capacity payments are found to increase reliability when refurbishment is not possible, while capacity payments and reliability options yield similar results when refurbishment is possible. Final costs to consumers are similar under the two mechanisms with the exception of the initial case of overcapacity.";"Incluido"
"W2777057475";"10.5445/ir/1000076941";"Intermediation in Future Energy Markets: Innovative Product Design and Pricing";"Repository KITopen (Karlsruhe Institute of Technology)";2017;"Florian Salah El Din";NA;"Business; Intermediation; Product (mathematics); Commerce; Industrial organization; Finance";"dissertation";0;"In order to mitigate the impacts of climate change, the international community envisages significant investments in electricity generation from renewable energy sources (RES). The integration of this decentralized and fluctuating type electricity generation poses several challenges to planning, operation, and economics of power systems. The established energy systems were originally designed for a centralized electricity generation that follows the uncontrolled but well predictable demand. However, for large shares of RES, relying only on the flexibility of the generation side would be economically inefficient. Furthermore, the environmental benefits of using RES would be depleted by additional carbon emissions from ramping highly flexible fossil-fueled power plants. An appealing alternative to facilitate the efficient integration of large shares of RES is to exploit the so far mainly passive demand side as an additional source of flexibility. The established centralized approaches can hardly handle the fine-grained and decentralized nature of demand side flexibility. Therefore, the intermediation between centralized control and decentralized demand will play a major role in future energy markets, which constitutes the overarching topic of this dissertation. Typically electricity generation from RES is capital-intensive but has near zero marginal costs. On this account, novel services need to be offered in order to transmit the right economic signals. To this end, the concept of the differentiable good electricity is refined in this dissertation. Embedded into the so-called energy service, characteristics such as temporal and spatial price differentiation or the risk of interruption can be specified to differentiate the so far homogeneous good. Based on the morphological design theory a framework for the notion of energy services is established and subsequently implemented as a decision support system. This supports a systematic and structured product development process to design innovative energy services. Such an innovative energy service is, e.g., the charging of electric vehicles in car parks, where prices are differentiated by job completion deadline. This allows the car park operator to control the aggregated load of all charging jobs to follow local RES generation. Based on this energy service the downstream activity of an intermediary is formally modeled as an optimization problem and evaluated by means of an empirical simulation experiment. The results provide insights on pricing policy and the value of demand side flexibility with regard to both the integration of local RES generation and operative profit optimization. In order to illustrate another innovative energy service the presented model is extended by the upstream activity of the intermediary. Household consumers are offered monetary incentives if they allow the intermediary to control their appliances. The results indicate the cost saving potential from demand side flexibility for the intermediary's procurement of electricity. Beyond that, this model formulation constitutes the foundation for further examinations, e.g., to study the strategic behavior of intermediaries on real-time electricity markets that are prone to market power abuse due to low market liquidity.";"Incluido"
"W7167943187";"10.11575/prism/51613";"Electricity Price Forecasting in Alberta’s Reserve Market: A Comprehensive Multi-Scale Temporal Analysi";"Open MIND";2026;"Daniel Walton";NA;"Volatility (finance); Econometrics; Electricity market; Energy market; Random forest; Economics";"dissertation";0;"This thesis presents a comprehensive multi-scale temporal analysis of price forecasting in Alberta’s Active Supple-mental Reserve Market, leveraging 11.5 years of historical data (December 2011 to June 2023) spanning 4,194 daily observations. The research addresses the critical challenge of forecasting reserve market equilibrium prices—indexed values representing discounts relative to the pool price, which are frequently deeply negative—in a liberalised electricity market undergoing rapid transition from coal-fired generation to renewable energy sources. Although equilibrium prices can reach extreme negative values (below -$900/MWh during volatile periods), the actual clearing price paid to reserve providers is floored at $0/MWh under AESO’s market rules. The study employs a two-phase analytical framework. The first phase conducts exploratory statistical analysis across multiple temporal scales, progressing from full-period analysis through yearly, seasonal, and regime-based decompositions to high-resolution sliding window analysis. This multi-scale approach reveals significant temporal evolution in market characteristics, with volatility decreasing from historical highs during the 2021 energy crisis to relative stability in 2022–2023. The second phase develops and validates predictive models using five machine learning architectures (OLS, Ridge, Lasso, Random Forest, XGBoost) across five feature configurations and five training window sizes, generating 4,042,000 successful model instances across 20,210 temporal positions spanning 2012–2023. Synthesis chapters integrate findings across analytical scales, identifying temporal stability patterns and contextualising results within Alberta’s evolving market structure. Key findings demonstrate that ensemble methods significantly outperform linear models, with Random Forest and XGBoost systematically achieving the highest predictive accuracy. Model performance exhibits strong temporal improvement as market volatility stabilised post-2021, reflecting increasing market predictability. Window size optimality proves context-dependent: short windows (30–60 days) favour Random Forest and enable rapid adaptation during volatile periods, while longer windows (180–360 days) benefit XGBoost in stable market regimes. Statistical validation via Friedman tests (𝑝 &lt; 0.001) confirms significant performance differences between architectures. The research contributes novel insights into temporal stability patterns in electricity price forecasting, demon-strating that optimal model configurations must adapt to evolving market conditions. Findings challenge conven-tional assumptions of universal window size optimality, instead providing context-dependent recommendations balancing predictive performance, computational efficiency, and market regime characteristics. The comprehen-sive experimental scope enables robust statistical validation and practical guidance for operational forecasting systems in transitioning electricity markets.";"Incluido"
"W2970099111";"10.2139/ssrn.3644253";"Capacity Mechanisms and the Technology Mix in Competitive Electricity Markets";"SSRN Electronic Journal";2019;"Pär Holmberg; Robert A. Ritz";"SE; GB";"Electricity market; Electricity; Investment (military); Microeconomics; Industrial organization; Externality";"preprint";1;NA;"Incluido"
"W3162599351";"10.2139/ssrn.4340183";"Economic Regulation and Efficiency of Electricity Systems";"SSRN Electronic Journal";2023;"Daniel Daví-Arderius";"DK; ES";"Electricity; Business; Electricity generation; Environmental economics; Renewable energy; Consumption (sociology)";"preprint";0;NA;"Incluido"
"W4385349769";"10.31224/3138";"Performance of Wholesale Electricity Markets with High Wind Penetration";NA;2023;"Daniel Marshman";NA;"Penetration (warfare); Electricity; Business; Wind power; Electricity retailing; Industrial organization";"preprint";0;"This paper examines the impact of progressively deeper levels of wind generation and/or abatement on the performance of a wholesale market and its incumbent thermal generators with non-convex unit commitment constraints.Comparison is made to the result that marginal cost pricing should induce investors to build the least-cost capacity mix, since it is not clear that this will hold in renewable-rich systems.It is first found that unit commitment and forecast uncertainty do not cause significant departure from this result when the generator fleet is optimal.'Optimality"" in this sense is determined in a capacity expansion problem that does not feature unit commitment, and which allows thermal generators to be built or retired as greater renewable generation or abatement is mandated.In contrast, the wholesale market with no retirement of thermal generation experiences progressively greater disparity between total system prices and costs, and lower returns to generators, simply due to over-capacity rather than any form of variability-related market failure.A carbon price is observed to be far superior to a renewable portfolio standard when the existing set of thermal generators do not retire, but this difference is less stark when the generation mix is optimal.The implications of these results for market design and system planning are then discussed.";"Incluido"
"W7124440414";"10.1371/journal.pone.0339305";"Offshore wind and hybrids - A counterfactual case study for impacts in the coupled day-ahead market of Europe";"PLoS ONE";2026;"Felix Jakob Fliegner; Helge Stefan Esch; Thure Traber; Marius Schrade";"DE";"Offshore wind power; Counterfactual thinking; Wind power; Electricity; Submarine pipeline; Electricity market";"article";0;"Europe's ambitious offshore wind targets hinge on the development of a single interconnected electricity market, with offshore hybrid interconnectors playing a pivotal role. These interconnectors facilitate both wind energy transmission to shore and cross-border trade, while enhancing market and grid efficiency. This study attempts to quantify these effects through a study of an additional hybrid interconnector in Europe's present day-ahead electricity market at the example of the Baltic Sea. Using the Euphemia algorithm for single day-ahead market coupling with historical order books from 2023 and 2024, the analysis evaluates power prices, cross-border flows, and economic surplus. It applies a counterfactual ""what-if"" analysis to real-world market conditions which differs from commonly employed fundamental market modeling. Results reveal that a hybrid interconnector between the Baltic States and Germany would have delivered greater European welfare benefits compared to a radial wind farm connection with an independent parallel interconnector. Notably, price effects and power exchanges extend beyond the hosting countries, underscoring the need for a sea basin-wide planning and cost-sharing approach. Additionally, the distribution of surpluses between offshore producers, transmission system operators and consumers differs between radial and hybrid setups. It highlights the economic complexity and involved risk profiles introduced by offshore (hybrid) assets. This case study confirms theoretical insights from fundamental models with real-life data and identifies key considerations for decision-makers to address distributional challenges and maximize the benefits of offshore hybrid interconnectors in future planning.";"Incluido"
"W4406121332";"10.55016/ojs/sppp.v2i1.42325";"Transmission Policy in Alberta and Bill 50";"The School of Public Policy Publications";2009;"Jeffrey Church; William Rosehart; John MacCormack";"CA";"Transmission (telecommunications); Political science; Telecommunications; Computer science";"article";1;"We would like to express our appreciation to participants at the “Electricity Transmission Policies: Issues and Alternatives” workshop sponsored by the School of Public Policy for comments and suggestions and, in particular, Marcy Cochlan, Randy Stubbings, Joseph Doucet, Larry Ruff, Richard Tabors, Steven Stoft, Dan Levson, Bob Baer, Aidan Hollis, Carl Fuchshuber, Tom Cottrell, Cory Temple and Evan Bahry. The graciousness and spirit with which they provided comments does not of course imply endorsement of our approach or conclusions. In addition, we benefited from the comments of an anonymous referee. The views expressed in these publications are those of the authors' alone and should not be interpreted as the views of the School of Public Policy or of its supporters, staff or boards.";"Incluido"
"W7111868749";NA;"EDP - Energias de Portugal: accelerating green growth delivery";"New University of Lisbon's Repository (New University of Lisbon)";2024;"Pinto, Francisco Maria Malfeito Ferreira de Serpa";NA;"Investment (military); Renewable energy; Business; Equity (law); Engineering; Risk analysis (engineering)";"dissertation";0;"This Master Thesis takes the form of an Equity Research Report on EDP – Energias de Portugal, aiming to develop a comprehensive investment recommendation regarding the company’s stock. This report is part of a two-part report. This part includes a financial analysis of EDP and overview of the industry in which it operates. Additionally, it presents financial forecasts for EDP’s renewable division and provides its valuation.";"Incluido"
"W7128878183";NA;"L’economia delle fonti rinnovabili variabili: effetti di penetrazione, variabilita dei prezzi di mercato e contratti per differenza";"Archivio istituzionale della ricerca (Alma Mater Studiorum Università di Bologna)";2026;"Matteo Alvisi";NA;"Humanities; Economics; Political science; Economy; Welfare economics; Cointegration";"book-chapter";0;"Il saggio analizza gli effetti economici della crescente integrazione delle fonti rinnovabili variabili nei mercati elettrici, con particolare riferimento all’effetto di penetrazione. Tale fenomeno si manifesta quando l’aumento dell’offerta rinnovabile in determinate fasce orarie determina una contrazione dei prezzi proprio nei medesimi intervalli, comprimendo i ricavi e compromettendo la sostenibilità degli investimenti. Esso si affianca all’effetto di ordine di merito, che riduce i prezzi all’ingrosso tramite l’immissione di energia a basso costo, e a una possibile maggiore variabilità dei prezzi, rispetto alla quale l’evidenza empirica resta non univoca. Esamina il ruolo dei Contratti per Differenza, introdotti dalla riforma del mercato elettrico europeo, quali strumenti di stabilizzazione dei ricavi e di attenuazione della volatilità per i consumatori. Tali meccanismi di copertura favoriscono la prevedibilità dei flussi finanziari e risultano centrali per la diffusione su larga scala delle fonti rinnovabili variabili. Ulteriori sviluppi di ricerca dovranno concentrarsi sulla definizione di un assetto contrattuale ottimale, integrato in un quadro organico di politiche volte a garantire efficienza, decarbonizzazione ed equità del mercato energetico.";"Incluido"
"W7172274358";"10.37798/2026752747";"Potential Assessment and Techno-Economic Analysis of Offshore Wind Farm in Croatia";"Journal of Energy - Energija";2026;"Juraj Havelka; Andrija Mustapić";"HR; KR";"Offshore wind power; Submarine pipeline; Wind power; Environmental science; Marine engineering; Renewable energy";"article";0;"The aim of the paper is to assess the technical and energy potential of offshore wind farms in the Adriatic Sea and to conduct a techno-economic analysis of their feasibility. The paper is based on the hypothesis that the Adriatic Sea possesses significant, but spatially and technically constrained, potential for offshore wind development, the realization of which depends on technological progress, the regulatory framework, and integration into the national power system. The structure of the paper includes an overview of the theoretical and technical foundations of offshore technology, an analysis of the natural and spatial characteristics of the Adriatic, a methodology for assessing energy potential, the development of a techno-economic model, and the interpretation of results, along with consideration of limitations and recommendations for further research.";"Incluido"
"W3202817698";"10.26481/dis.20210831if";"Transition towards a renewable European electricity system";NA;2021;"Iulia Falcan";NA;"Electricity system; Renewable energy; Electricity; Transition (genetics); Business; Environmental economics";"dissertation";0;"CHAPTER 5. CONCLUSIONS system are less than half of those associated with a system where power trade is not possible.";"Incluido"
"W7168251711";"10.1016/j.adapen.2026.100294";"Market impacts of nuclear energy in hydro-dominated power systems";"Advances in Applied Energy";2026;"Martin Hjelmeland; Jonas Kristiansen Nøland";"NO";"Nuclear power; Energy (signal processing); Electric power system; Business; Energy market; Economics";"article";0;"Hydro-dominated power systems benefit from large operational flexibility, but remain vulnerable to inflow variability. While the market integration of offshore wind has been widely studied in such systems, this study is the first to examine the role of nuclear energy as an alternative low-carbon technology in a hydro-dominated system, using Norway and the Nordic region as a case study. A stochastic fundamental market model with detailed hydropower representation is employed to compare nuclear power, offshore wind, and combined deployment strategies under alternative load growth assumptions. Both nuclear energy and offshore wind provide complementary energy contributions that alleviate seasonal hydro scarcity. Compared to the baseline case, the lowest expected reservoir level increases by 1.1 % with offshore wind, while it decreases by 0.1 % with nuclear energy. Nuclear deployment additionally reduces average power prices by 10.3 % (6.24 EUR/MWh) and price volatility, measured as the standard deviation, by 23.0 % (23.58 EUR/MWh), but lowers hydropower producer surplus by 8 % to 10 % relative to the baseline, equivalent to 373 to 473 million EUR per year. When hydropower uprating is considered, the offshore wind case utilizes 20.5 % (433.6 MW) more of the additional capacity at the 99th-percentile of hydro generation, reflecting its greater dependency on flexible hydropower. Nuclear deployment in southern Norway lowers prices across Norway and ensures more unified power prices, while a distributed deployment yields a higher societal surplus. In general, cases that add new demand as baseload, rather than scaling the historical load profile, alleviate system stress and reduce electricity price volatility.";"Incluido"
"W4411026894";"10.36644/mlr.123.6.build";"Build Public Renewables, Again";"Michigan Law Review";2025;"Sandeep Vaheesan";NA;"Law and economics; Business; Economics; Public economics; Natural resource economics";"article";0;"A review of The Price Is Wrong: Why Capitalism Won’t Save the Planet. By Brett Christophers.";"Incluido"
"W4411027066";"10.36646/mlr.123.6.build";"Build Public Renewables, Again";"University of Michigan Journal of Law Reform";2025;"Sandeep Vaheesan";NA;"Law reform; Renewable energy; Business; Law and economics; Public economics; Political science";"article";0;"A review of The Price Is Wrong: Why Capitalism Won’t Save the Planet. By Brett Christophers.";"Incluido"
"W2944857769";NA;"Discussion Paper: Generation Capacity Investments and High Levels of Renewables. The Impact of a German Capacity Market on Northwest Europe";"TNO Repository";2013;"Paul Koutstaal; M. va. Hout";NA;"German; Renewable energy; Capacity development; Nameplate capacity; Business; Natural resource economics";"report";0;"-";"Incluido"
"W7161947515";"10.5445/ir/1000193499";"Design limits and investment risks of mid-term storage under uncertain market conditions";"Repository KITopen (Karlsruhe Institute of Technology)";2026;"J. Stelzer; Katharina Esser; Thorsten Weiskopf; Armin Ardone; Valentin Bertsch; Wolf Fichtner";NA;"Flexibility (engineering); Investment (military); Renewable energy; Capital expenditure; Economics; Duration (music)";"article";0;NA;"Incluido"
"W4415312632";"10.48550/arxiv.2506.14664";"An advanced reliability reserve incentivizes flexibility investments while safeguarding the electricity market";"PubMed";2025;"Franziska Klaucke; Karsten Neuhoff; Alexander Röth; Wolf-Peter Schill; Leon Stolle";NA;"Flexibility (engineering); Electricity market; Business; Environmental economics; Incentive; Electricity";"article";0;"To ensure security of supply in the power sector, many countries are considering capacity mechanisms. Simultaneously, the expansion of variable renewables increases the need for power sector flexibility, with promising options on the demand side. We analyze how a centralized capacity market and an advanced reliability reserve with a moderately high activation price affect demand-side flexibility investments in a German 2030 case study. Using a capacity expansion model with detailed demand-side flexibility potentials, we show that a centralized capacity market caps wholesale market prices, thereby reducing incentives for flexibility investments. The reliability reserve induces seven times higher flexibility investments in energy-intensive industries and twice as high investments in district heating storage, while achieving security of supply at similar electricity supply costs. The reliability reserve could create a learning environment for flexibility technologies to support the transition to climate neutrality, and policymakers should consider it in forthcoming capacity mechanism decisions.";"Incluido"
"W2263482891";NA;"The Impact of Renewable Power Generation on the Profitability of Solar District Heating - An Economic Point of View";"elib (German Aerospace Center)";2014;"Evelyn Sperber";"DE";"Photovoltaic system; Renewable energy; Cogeneration; Electricity generation; TRNSYS; Renewable heat";"conference-paper";0;"The intermittency of power generation by wind and photovoltaic results in volatile spot prices at the power exchanges. As a consequence amendments in the operational strategies of power plants are required. For combined heat and power (CHP) units in district heating (DH) networks this means that production is particularly profitable in periods with high spot prices. In situations with low spot prices, in turn, it can be more cost-efficient to operate available peak load boilers instead of the CHP to supply the required heat. These circumstances can make solar district heating economically attractive. Additional flexibility in DH systems based on CHP is achieved by integrating electric boilers and heat pumps into the operational strategy. In this paper concepts for technically and economically optimized “smart” DH systems including solar are presented. The interaction of heat producers in different configurations of DH systems is simulated with a dynamic simulation tool (TRNSYS 17). To investigate the profitability of solar district heating, heat costs of different configurations of DH systems with and without solar are computed. The simulations reveal that in smart DH systems solar heat can displace expensive heat from peak load boilers. It is further shown that solar collectors do not only reduce operating costs of DH systems but are even profitable from a full cost perspective. Sensitivity tests point out that increasing prices of fossil fuels as well as higher shares of PV in power generation prove advantageous to solar district heating.";"Incluido"
"W2156803704";NA;"Feed-in tariffs for promoting solar PV: progressing from dynamic to allocative efficiency";"Munich Personal RePEc Archive (Ludwig Maximilian University of Munich)";2012;"William Paul Bell; John Foster";"AU";"Allocative efficiency; Economics; Microeconomics; Distribution (mathematics); Investment (military); Electricity";"report";0;"The International Energy Agency has observed that nearly all countries now offer, or are planning, feed-in tariffs (FiTs) for solar PV but the debate has shifted from ‘if or how to implement a FiT’ to ‘how to move to a self-sustaining market post FiT’. The aim of this paper is to explain how a sustainable FiT can be designed for residential solar PV installations, focusing on the case of ‘solar rich’ Australia. Solar PV is approaching price parity at the retail level where the electricity price charged includes both transmission and distribution costs, in addition to the wholesale price. So the economic rationale for paying a FiT premium above market rates to achieve dynamic efficiency is no longer warranted. Socially, FiTs can be a problem because they tend to exacerbate social inequality by providing a transfer of wealth from poorer to richer households. Environmentally, FiTs can also fall short of their full potential to cut emissions if they lack ‘time of day’ price signals that reflect movements in the wholesale price.\nWe provide a framework in which a sustainable FiT can be designed that positively addresses all three areas of concern: social, environmental and economic. This framework identifies the market failures that exist in the residential solar PV electricity market, which include exacerbating inequity, poorly targeting myopic investment behaviour, inadequate transmission and distribution investment deferment price signals and inappropriate infant industry assistance. We argue that these market failures require addressing before the market can operate in an allocatively efficient manner.\nThe sustainable FiT that we propose would lead to improvements in environmental, social and economic factors. The resultant transmission and distribution investment deferment would meet both environmental and economic objectives. Directly providing finance for solar PV installations would address both social equity and investment myopia. We argue that introducing appropriate pricing signals for solar PV installations via would be in the ongoing interest of all stakeholders. It is time to progress from FiTs focused on dynamics efficiency to a sustainable FiT that emphasises allocative efficiency as an explicit goal.";"Incluido"
"W3028115521";NA;"On the emergence of the energy transition";"Leiden Repository (Leiden University)";2019;"Oscar Kraan";NA;"Pace; Electricity; Energy transition; Population; Collective action; Energy system";"dissertation";0;"&lt;p&gt;The energy system is at the heart of two of the greatest challenges of the 21st century: decreasing CO2 emissions to meet the ambitions of the Paris agreement while fulfilling the growing energy demand associated with the economic aspirations of a growing world population. The required energy transition has to emerge from the interaction between social actors, the economy, technology and the eco-system of our planet. That is the subject of this dissertation which explores the question how individual drivers and the interactions between actors influence the path and pace of the developing energy transition.&lt;/p&gt;&lt;p&gt;To analyse the dynamics of interactions between actors, a relatively new modeling method, agent-based modeling, has been applied, with which actors, agents, as computer entities can be simulated. By simulating realistic actor behavior, the dynamics between individual motives and emergent collective action could be analysed.&lt;/p&gt;&lt;p&gt;This has led to new insights; simulating investors in the electricity market for example has shown that a fully liberalized electricity market, even with strong CO2, will not ensure complete decarbonisation of the electricity system.&lt;/p&gt;&lt;p&gt;All this has led to recommendations for public and private actors and more general conclusions about the use of models in general.&lt;/p&gt;";"Incluido"
"W2893111288";NA;"Перспективы итальянского сектора электроэнергетики: оценка возможных стратегических моделей";"CyberLeninK (CyberLeninka)";2018;"Винченцо Бьянко";NA;"Business";"article";0;"Статья посвящена возможным сценариям развития энергетики в Италии. В частности, рассмотрена эволюция сектора электрогенерации в свете последних нормативов Европейского Союза, нацеленных на стимулирование масштабного использования возобновляемых источников энергии. Радикальные перемены, которые привели к реструктуризации всей системы, требуют осмысления вероятных перспектив ее дальнейшего развития в зависимости от конкретных рыночных и экономических условий. Предпринятый с этой целью сценарный анализ позволил оценить стратегические последствия различных сценариев для производителей энергии. Сформулированы и сопоставлены четыре стратегические модели: «Традиционная генерация», «Инновационная генерация», «Зеленая генерация» и «Энергетические услуги».";"Incluido"
"W3202889249";"10.18154/rwth-2020-09987";"Economic Feasibility of Semi-Underground Pumped Storage Hydropower Plants in Open-Pit Mines";"Repository KITopen (Karlsruhe Institute of Technology)";2020;"Michael Wessel; Reinhard Madlener; Christoph Hilgers";"DE";"Net present value; Present value; Cash flow; Revenue; Profit (economics); Production (economics)";"article";0;"This work aims at the economic evaluation of a semi-underground pumped hydro storage power plant erected in an abandoned open-pit mine. For the exploratory model-based analysis, we develop and apply both a simple deterministic and a stochastic net present value (NPV) approach, the latter of which uses a Monte Carlo simulation to account for revenue uncertainty from electricity price fluctuations. The analytical framework developed is applied to two promising sites in the Rheinland region in Germany, Hambach and Inden, making reasonable parameter value assumptions and considering and ignoring the lengthy duration of lower reservoir flooding. The investor’s value-at-risk is computed for alternative performance indicators (NPV, net cash recovery, profit-to-investment ratio, and specific production costs) to compare the different outcomes in terms of the project’s financial risk distribution. Calculations show that a semi-underground pumped hydro storage power plant in an abandoned open-pit mine can be constructed at reasonably low investment costs and operated at low specific production costs. However, because the investment has to be made long before the pit lake is (naturally) flooded—a process that for realistic flow rates may take up to 20 years—the project is highly uneconomical and would require substantial subsidies, as compared to a situation where flooding happens immediately.";"Incluido"
"W7167186649";NA;"Operational performance optimization strategies per storage option, 1st report OESTER Results 1.1";"TNO Repository";2026;"V. Bonnin; A. Bechlenberg; S. Stark";NA;"Computer science; Reliability engineering; Production (economics); Work (physics); Engineering; Process (computing)";"report";0;"V1.6";"Incluido"
"W7151881266";"10.70675/637f4af0zf1cbz4286zac80z2c14a4f3cd00";"Economic analysis of the impacts of market design and investor behavior on the long-term dynamics in a power sector under decarbonization";NA;2024;"Alexis Lebeau";"FR";"Humanities; Economics; Economic analysis; Political science; Welfare economics; Economy";"dissertation";0;"Analyse économique des impacts de l'architecture de marché et du comportement des investisseurs sur les dynamiques de long-terme dans un secteur électrique en décarbonation L'objectif général de cette thèse est d'étudier les impacts à long terme des modèles de marché hybrides pour répondre aux défis contemporains des systèmes électriques. Nous nous appuyons sur des simulations de systèmes stylisés inscrit dans cadre théorique. Nous explicitons en particulier les différents mécanismes de marché et les hypothèses comportementales et informationnelles qui sous-tendent les processus de prise de décision d'un investisseur représentatif. Nous commençons par revisiter le débat sur l'efficacité à long terme du modèle complètement dérégulé, l'Energy-Only Market (EOM). Nous illustrons comment les résultats qu'il produit sont conditionnés par de fortes hypothèses théoriques. Nous examinons ensuite les Contrats à Long Terme (CLT), au cœur de la plupart des propositions d'hybridation. Nous conduisons d'abord une étude conceptuelle de ces contrats, puis nous réalisons des simulations pour illustrer l'impact de leurs paramètres dans différentes configurations. Le dernier chapitre se penche sur la question de la sécurité d'approvisionnement. Il détaille les complexités introduites par le stockage et analyse leurs implications dans une architecture comprenant un mécanisme de rémunération de la capacité et éventuellement des enchères pour CLT.";"Incluido"
"W7159734682";NA;"An analysis of demand response incentives and regulatory capital for Finnish energy balancing";"Aaltodoc (Aalto University)";2026;"Alexander Krohn";NA;"Incentive; Flexibility (engineering); Demand response; Economics; Industrial organization; Public economics";"dissertation";0;"This thesis examines how regulatory capital frameworks and demand response incentives influence long-term balancing and resilience in the Finnish power system. The study focuses on three questions: what economic reforms are needed to support anticipatory grid investment, how demand response incentives should be designed to secure flexible participation from large consumers, and what strategies appear most promising to combine capital incentives and flexibility to improve long-term resilience. The study uses a qualitative approach combining secondary material, including academic literature, regulation, policy documents, and reports, with expert interviews and written correspondence. The findings show that the core challenge is a coordination challenge between long-term investment and short-term flexibility incentives as opposed to technical ability. Regulatory predictability and credible long-term revenue are essential for anticipatory investment, while contemporary frameworks exhibit a bias towards capital expenditure over flexibility. Demand response from large consumers appears promising, though only if supported by clear contractual arrangements. Flexible connection agreements appear especially relevant, though their application is dependent on reliability and clarity. Overall, the thesis argues that the most effective strategy for Finland is a hybrid model where proactive network reinforcements form the foundation while flexibility aims to tackle challenges pertaining to uncertainty, deferring investments, and balancing.";"Incluido"
"W2346689108";"10.58079/obvs";"Energie : papiers de recherche moissonnés du 29 juin au 3 juillet 2015";"OpenEdition (OpenEdition)";2015;"Danièle Revel";NA;"Humanities; Art; Political science";"other";0;"Pétrole : du carbone pour la croissance / Céline Antonin, Bruno Ducoudré, Hervé Péléraux, Christine Rifflart, Aurélien Saussa, Revue de l'OFCE, n° 138, 2015, pp. 169-204 https://www.cairn.info/resume.php?ID_ARTICLE=REOF_138_0169 La chute du prix du Brent de 50 % en six mois ouvre des perspectives favorables aux économies importatrices de pétrole, à la condition toutefois qu’elle soit durable. À l’horizon 2016, la situation d’excès d’offre sur le marché, alimentée par le développement de...";"Incluido"
"W4376108041";"10.5194/egusphere-2022-885-ac1";"Reply on RC1";NA;2023;"Chris Chen Gong";"DE";"Econometrics; Computer science; Contrast (vision); Scope (computer science); Electricity; Process (computing)";"peer-review";0;"<strong class=""journal-contentHeaderColor"">Abstract.</strong> Integrated assessment models (IAMs) are a central tool for the quantitative analysis of climate change mitigation strategies. However, due to their global, cross-sectoral and centennial scope, IAMs cannot explicitly represent the temporal and spatial details required to properly analyze the key role of variable renewable electricity (VRE) for decarbonizing the power sector and enabling emission reductions through end-use electrification. In contrast, power sector models (PSMs) can incorporate high spatio-temporal resolutions, but tend to have narrower sectoral and geographic scopes and shorter time horizons. To overcome these limitations, here we present a novel methodology: an iterative and fully automated soft-coupling framework that combines the strengths of a long-term IAM and a detailed PSM. The key innovation is that the framework uses the market values of power generations as well as the capture prices of demand flexibilities in the PSM as price signals that change the capacity and power mix of the IAM. Hence, both models make endogenous investment decisions, leading to a joint solution. We apply the method to Germany in a proof-of-concept study using the IAM REMIND v3.0.0 and the PSM DIETER v1.0.2, and confirm the theoretical prediction of almost-full convergence both in terms of decision variables and (shadow) prices. At the end of the iterative process, the absolute model difference between the generation shares of any generator type for any year is &lt;5 % for a simple configuration (no storage, no flexible demand) under a &ldquo;proof-of-concept&rdquo; baseline scenario, and 6&ndash;7 % for a more realistic and detailed configuration (with storage and flexible demand). For the simple configuration, we mathematically show that this coupling scheme corresponds uniquely to an iterative mapping of the Lagrangians of two power sector optimization problems of different time resolutions, which can lead to a comprehensive model convergence of both decision variables and (shadow) prices. The remaining differences in the two models can be explained by a slight mismatch between the standing capacities in the real-world and optimal modeling solutions purely based on cost competition. Since our approach is based on fundamental economic principles, it is applicable also to other IAM-PSM pairs.";"Incluido"
"W4221159152";"10.48550/arxiv.2203.08902";"Price Tracing: Linking Nodal Prices in Optimized Power Systems";"arXiv (Cornell University)";2022;"Fabian Hofmann; Markus Schlott";NA;"Tracing; Marginal cost; Computer science; Economics; Electric power system; Cost allocation";"preprint";0;"Optimizing the total cost of power systems is a common tool for network operation and planning. Besides valuable information about how to run and possibly expand a power system, the optimization provides an optimal Locational Marginal Price per node and time step. This price can be seen as the price of electricity paid by consumers and purchased by suppliers, while maximizing social welfare. Naturally, it is a direct result of the optimization problem, and therefore does not give any information about its internal composition. This paper shows that by applying Flow Tracing, an algorithm for tracking flows in complex networks, it is possible to interlink Locational Marginal Prices in a coherent mathematical way. This does not only lead to important insights into the price structure, but also provides an intuitive decomposition and allocation of all system costs. Then individual consumers see how much they have to pay to individual generators and transmission lines in the power system. This method, introduced as Price Tracing, outperforms similar approaches provided by the literature, since the resulting cost allocations are transparent, plausible, and consistent with the Locational Marginal Prices from the optimization. The Price Tracing method is applied and discussed on behalf of a power system model of Germany with a high share of renewable power. The presented analysis and its implications can help in finding a more efficient market design to promote renewable power supply.";"Incluido"
"W7159829717";"10.3390/automation7030067";"A Techno-Economic Analysis Using DERs on Apartments as Virtual Power Plants Based on Cooperative Game Theory";"Automation";2026;"Janak Nambiar; Samson Yu; Ian Lilley; Hieu Trinh";"AU; GB";"Apartment; Shapley value; Subsidy; Environmental economics; Virtual power plant; Game theory";"article";0;"This study presents a techno-economic analysis of deploying distributed energy resources (DERs), specifically photovoltaic (PV), battery energy storage systems (BESSs) and electric vehicles (EVs), in apartment buildings configured as Virtual Power Plants (VPPs). Utilizing cooperative game theory, the research models strategic collaboration between apartment residents (demand side) and utility operators (plant side) to maximize energy efficiency and economic returns. The VPP structure is analyzed over a 15-year life cycle, incorporating net present value (NPV), payback period (PBP), and government subsidy impacts. A cooperative game framework is applied using the Shapley value to ensure fair profit allocation based on each party’s contribution. Results indicate improved self-sufficiency, peak load reduction, and mutual financial benefits. Scenario analyses show that government subsidies to the plant side significantly increase the likelihood of successful cooperation, while declining DER costs enhance the VPP’s economic viability. The findings demonstrate that apartments configured as VPPs achieve strong economic viability (39% ROI, 10.5-year payback) and operational performance (70% self-sufficiency, 40% peak reduction) when grid arbitrage is enabled and moderate government subsidies (35% PV, 45% BESS) are provided. This research provides a replicable model for urban energy planning and policy development, promoting sustainable energy transitions through shared DER infrastructure and cooperative stakeholder engagement.";"Incluido"
"W4297675634";"10.48550/arxiv.2209.02340";"Bidirectional coupling of a long-term integrated assessment model REMIND v3.0.0 with an hourly power sector model DIETER v1.0.2";"RePEc: Research Papers in Economics";2022;"Chen Chris Gong; Falko Ueckerdt; Robert Pietzcker; Adrian Odenweller; Wolf-Peter Schill; Martin Kittel; Gunnar Luderer";"DE";"Computer science; Contrast (vision); Convergence (economics); Variable renewable energy; Scope (computer science); Mathematical optimization";"preprint";0;"Integrated assessment models (IAMs) are a central tool for the quantitative analysis of climate change mitigation strategies. However, due to their global, cross-sectoral and centennial scope, IAMs cannot explicitly represent the spatio-temporal detail required to properly analyze the key role of variable renewable electricity (VRE) for decarbonizing the power sector and end-use electrification. In contrast, power sector models (PSMs) incorporate high spatio-temporal resolutions, but tend to have narrower scopes and shorter time horizons. To overcome these limitations, we present a novel methodology: an iterative and fully automated soft-coupling framework that combines the strengths of a IAM and a PSM. This framework uses the market values of power generation as well as the capture prices of demand in the PSM as price signals that change the capacity and power mix of the IAM. Hence, both models make endogenous investment decisions, leading to a joint solution. We apply the method to Germany in a proof-of-concept study using the IAM REMIND and the PSM DIETER, and confirm the theoretical prediction of almost-full convergence both in terms of decision variables and (shadow) prices. At the end of the iterative process, the absolute model difference between the generation shares of any generator type for any year is &lt;5% for a simple configuration (no storage, no flexible demand), and 6-7% for a more realistic and detailed configuration (with storage and flexible demand). For the simple configuration, we mathematically show that this coupling scheme corresponds uniquely to an iterative mapping of the Lagrangians of two power sector optimization problems of different time resolutions, which can lead to a comprehensive model convergence of both decision variables and (shadow) prices. Since our approach is based on fundamental economic principles, it is applicable also to other IAM-PSM pairs.";"Incluido"
"W4399911263";"10.48550/arxiv.2406.13851";"Optimizing Quantile-based Trading Strategies in Electricity Arbitrage";"arXiv (Cornell University)";2024;"Ciaran O’Connor; Joseph Collins; Steven Prestwich; Andrea Visentin";NA;"Arbitrage; Quantile; Statistical arbitrage; Econometrics; Electricity; Economics";"preprint";0;"Efficiently integrating renewable resources into electricity markets is vital for addressing the challenges of matching real-time supply and demand while reducing the significant energy wastage resulting from curtailments. To address this challenge effectively, the incorporation of storage devices can enhance the reliability and efficiency of the grid, improving market liquidity and reducing price volatility. In short-term electricity markets, participants navigate numerous options, each presenting unique challenges and opportunities, underscoring the critical role of the trading strategy in maximizing profits. This study delves into the optimization of day-ahead and balancing market trading, leveraging quantile-based forecasts. Employing three trading approaches with practical constraints, our research enhances forecast assessment, increases trading frequency, and employs flexible timestamp orders. Our findings underscore the profit potential of simultaneous participation in both day-ahead and balancing markets, especially with larger battery storage systems; despite increased costs and narrower profit margins associated with higher-volume trading, the implementation of high-frequency strategies plays a significant role in maximizing profits and addressing market challenges. Finally, we modelled four commercial battery storage systems and evaluated their economic viability through a scenario analysis, with larger batteries showing a shorter return on investment.";"Incluido"
"W7133529045";"10.20944/preprints202603.0236.v1";"&lt;span class=""word""&gt;A &lt;span class=""word""&gt;Techno-&lt;span class=""word""&gt;Economic &lt;span class=""word""&gt;Analysis &lt;span class=""word""&gt;&lt;span class=""changedDisabled""&gt;Using &lt;span class=""word""&gt;DERs &lt;span class=""word""&gt;on &lt;span class=""word""&gt;Apartments &lt;span class=""word""&gt;as &lt;span class=""word""&gt;Virtual &lt;span class=""word""&gt;Power &lt;span class=""word""&gt;Plants &lt;span class=""word""&gt;&lt;span class=""changedDisabled""&gt;Based &lt;span class=""word""&gt;on &lt;span class=""word""&gt;Cooperative &lt;span class=""word""&gt;Game &lt;span class=""word""&gt;Theory";"Preprints.org";2026;"Janak Nambiar; Samson S. Yu; Ian Lilley; Hieu Trinh";"AU";"Subsidy; Environmental economics; Shapley value; Net present value; Business; Profit (economics)";"preprint";0;"This study presents a techno-economic analysis of deploying distributed energy resources (DERs), specifically photovoltaic (PV), battery energy storage systems (BESS) and electric vehicles (EVs), in apartment buildings configured as Virtual Power Plants (VPPs). Utiliz-ing cooperative game theory, the research models strategic collaboration between apart-ment residents (demand side) and utility operators (plant side) to maximize energy effi-ciency and economic returns. The VPP structure is analysed over a 15-year life cycle, in-corporating net present value (NPV), payback period (PBP), and government subsidy im-pacts. A cooperative game framework is applied using the Shapley value to ensure fair profit allocation based on each party’s contribution. Results indicate improved self-sufficiency, peak load reduction, and mutual financial benefits. Scenario analyses show that government subsidies to the plant side significantly increase the likelihood of successful cooperation, while declining DER costs enhance the VPP’s economic viability. The findings demonstrate that apartments configured as VPPs achieve strong economic viability (39% ROI, 10.5-year payback) and operational performance (70% self-sufficiency, 40% peak reduction) when grid arbitrage is enabled and moderate government subsidies (35% PV, 45% BESS) are provided. This research provides a replicable model for urban en-ergy planning and policy development, promoting sustainable energy transitions through shared DER infrastructure and cooperative stakeholder engagement.";"Incluido"
"W4398856189";"10.48550/arxiv.2405.14717";"The impact of temporal hydrogen regulation on hydrogen exporters and their domestic energy transition";"arXiv (Cornell University)";2024;"Leon Schumm; Hazem Abdel-Khalek; Tom Brown; Falko Ueckerdt; Michael Sterner; Davide Fioriti; Max Parzen";NA;"Hydrogen; Transition (genetics); Hydrogen fuel; Energy (signal processing); Environmental science; Natural resource economics";"preprint";0;"As global demand for green hydrogen rises, potential hydrogen exporters move into the spotlight. However, the large-scale installation of on-grid hydrogen electrolysis for export can have profound impacts on domestic energy prices and energy-related emissions. Our investigation explores the interplay of hydrogen exports, domestic energy transition and temporal hydrogen regulation, employing a sector-coupled energy model in Morocco. We find substantial co-benets of domestic climate change mitigation and hydrogen exports, whereby exports can reduce domestic electricity prices while mitigation reduces hydrogen export prices. However, increasing hydrogen exports quickly in a system that is still dominated by fossil fuels can substantially raise domestic electricity prices, if green hydrogen production is not regulated. Surprisingly, temporal matching of hydrogen production lowers domestic electricity cost by up to 31% while the effect on exporters is minimal. This policy instrument can steer the welfare (re-)distribution between hydrogen exporting firms, hydrogen importers, and domestic electricity consumers and hereby increases acceptance among actors.";"Incluido"
"W2592452102";NA;"Energy self-consumption policy, the future of distributed renewable generation?";"Portuguese National Funding Agency for Science, Research and Technology (RCAAP Project by FCT)";2016;"Ricardo Valente Moura";NA;"Renewable energy; Environmental economics; Consumption (sociology); Distributed generation; Energy consumption; Environmental science";"dissertation";0;"Tese de mestrado integrado, Engenharia da Energia e do Ambiente, Universidade de Lisboa, Faculdade de Ciências, 2016";"Incluido"
"W4392109361";"10.5821/dissertation-2117-402836";"Demand aggregator optimal strategies: from the bidding to the execution";NA;2023;"Mattia Barbero";NA;"News aggregator; Flexibility (engineering); Bidding; Demand response; Environmental economics; Electricity";"dissertation";0;"(English) Europe is at the beginning of an energy revolution. The old energy paradigm where centralized power plants provide energy to passive consumers is ending. Distributed renewable energy resources and electrification of mobility, industrial processes or building heating and cooling devices are changing the way in which electricity is produced and consumed. In addition, the current socio-political tensions and the Ukrainian war boosts European countries to reach the energy independency from other regions and from fossil fuels. In this moment, energy is more expensive than ever, and citizens are every time more conscious about environmental issues and desire to be an active part of the revolution. In this context, advances in the IoT allows to gather much more information from devices and allow to control them remotely, although their potential in energy-related topics is still untapped. At the same time, European Directives are incentivizing consumers to play an active role in the electricity system and national regulators are transposing the European Directives to enable consumers to actively participate in electricity markets. However, it is not easy for the System Operator to handle the coexistence of consumers and generators in the same markets’ mechanisms, due to their intrinsic differences. Demand aggregators are the new market actors that promise to put the consumers at the center of the energy system. Demand aggregator’s role is to aggregate, trade, and coordinately manage the flexibility of multiple consumers in electricity markets. Demand-side flexibility is the ability of a consumer to modify its consumption depending on external factors, such as electricity prices or electricity’s grid conditions. However, it is not clear what is the best strategy to adopt for Demand Aggregators. Under this new paradigm, this PhD thesis prospects the optimal strategies of a demand aggregator that manages the flexibility of different types of assets in energy and balancing markets, from the optimal bidding strategies in a day-ahead horizon to the execution and control of the devices in real time. To achieve this main objective, the thesis firstly analyzes the regulation of the four main European balancing markets, with special attention in finding barriers and enablers for a commercial scale development of Demand Aggregators. Once analyzed the framework, the thesis aims to cover the optimal operation of the Demand Aggregator: (1) the thesis explores and proposes three different algorithms to predict the electricity’s consumption of different type of consumers, proposing a methodology to compare them; (2) the work proposes a methodology to predict the flexibility of several type of consumption and allow to trade this flexibility in electricity and balancing markets and (3) the thesis proposes two novel mathematical programming models to allow the participation in the Iberian secondary reserve market and the joint participation in short-term energy and tertiary reserve markets. Results demonstrate the technical and economic viability for Demand Aggregators to participate in the selected markets and the novelty of the proposed methodologies. Further research topics are individuated due to the complexity of the problem, including electricity market’s regulatory issues or economical and physicals restrictions to consider when a change in the consumer’s behavior is needed. Despite the challenging framework, from the algorithms and knowledge developed during this thesis, the author, with its thesis director, funded in 2020 Bamboo Energy. Bamboo Energy is a company created to commercialize the software developed withing this thesis, making demand aggregation a reality in Spain. Consequently, this thesis presents a success story of how what began, more than five years ago, with the initial steps of energy flexibility in a research environment, ended up with a spin-off that tackles real market business on energy management in demand aggregation (Español) Europa está a las puertas de una revolución energética. El antiguo paradigma energético donde las plantas de generación producen energía para los consumidores pasivos está acabando. La penetración de recursos renovables distribuidos y la electrificación de la movilidad, de procesos industriales o los equipos de producción de frio y calor en edificios, va a cambiar la manera en la cual la energía se produce y consuma. La actual situación sociopolítica y la guerra en Ucrania aceleran la necesidad para Europa de poner fin a la dependencia energética de otros países y de los combustibles fósiles. Actualmente, la electricidad es más cara que nunca, y los ciudadanos están más comprometidos con el medio ambiente, queriendo ser una parte activa. En este contexto, los avances en IoT permiten recoger muchos más datos de los equipos y permiten su control remoto, aunque en el campo energético queda mucho recorrido por hacer para aprovechar todo su potencial. Las directivas europeas incentivan los consumidores a tener un rol activo en el sistema eléctrico y los reguladores nacionales están trasponiendo las directivas para permitir a los consumidores participar activamente en los mercados eléctricos. A pesar de esto, no es fácil para los operadores del sistema gestionar la coexistencia de consumidores y generadores en los mismos mercados, debido a sus diferencias intrínsecas. Los agregadores de demanda son la nueva figura del mercado eléctrico que pondrán los consumidores al centro del sistema energético. El rol de los agregadores de demanda es agregar, ofertar, y gestionar la flexibilidad de múltiples consumidores en los mercados eléctricos. La flexibilidad de la demanda es la habilidad de un consumidor de modificar su consumo dependiendo de ciertas situaciones externas, como el precio de la electricidad o necesidades del operador del sistema. Bajo este nuevo paradigma, esta tesis doctoral explora las estrategias optimas de un agregador de demanda que gestiona la flexibilidad de diferentes activos en mercados eléctricos y de flexibilidad, desde la construcción de la oferta hasta la ejecución en tiempo real. Para alcanzar el objetivo, la tesis primero analiza la regulación de cuatro diferentes principales mercados de balance europeos, con el foco en detectar barreras y facilitadores para un desarrollo comercial a grande escala de los agregadores de demanda. Una vez analizado el marco regulatorio, la tesis intenta cubrir las operaciones optimas del agregador de demanda: 1) la tesis explora y propone tres algoritmos para predecir el consumo energético de cuatro tipos de consumidores, proponiendo una metodología para compararlos; 2) el trabajo propone modelos para predecir la flexibilidad de diferentes activos energéticos y para permitir ofertar esta flexibilidad en mercados eléctricos y de balance y 3) la tesis propone dos novedosos modelos de optimización para permitir la participación de consumidores en el mercado de reserva secundaria y la participación combinada en mercados de energía y de reserva terciaria en tiempo real. Los resultados demuestran la viabilidad técnica y económica de la participación de los agregadores de demanda en los mercados analizados y la novedad en las metodologías propuestas. También se identifican diferentes líneas de investigación a futuro, que incluye asuntos regulatorios, restricciones económicas y físicas para tener en cuenta cuando se busca un cambio en el patrón de los consumidores. A partir de los algoritmos y conocimientos desarrollados durante esta tesis, el autor, junto con su directora, fundaron en 2020 BambooEnergy. BambooEnergy es una empresa creada para comercializar el software desarollado durante la tesis, haciendo la agregación de la demanda una realidad en España. Por esta razón, esta tesis presenta una historia de éxito de lo que empezó con los primeros pasos en un entorno de investigación, acabó convirtiéndose en una spin-off disruptiva en el contexto de la gestión de la demanda agregada.";"Incluido"
"W3155123772";NA;"Pricing Outcomes: A Framework for a 21st Century Electricity Market for Ontario";"TSpace (University of Toronto)";2017;"Richard C. Carlson";NA;"Electricity market; Electricity; Business; Economics; Industrial organization; Engineering";"report";0;"Produced by the Mowat Centre at the School of Public Policy and Governance, University of Toronto.";"Incluido"
"W4391815089";"10.20944/preprints202402.0778.v1";"Green Ammonia Production in Stochastic Power Markets";"Preprints.org";2024;"Ezio Lauro; Amélie Têtu; Hélyette Geman";"DK; GB; US";"Renewable energy; Electricity; Flexibility (engineering); Procurement; Production (economics); Environmental economics";"preprint";0;"Real assets in the energy market are subject to ecological uncertainty due to the penetration of renewables. We illustrate this point by analysing electrolysers, a class of assets which recently became the subject of a large interest, as they lead to the production of the desirable green hydrogen and green ammonia. The latter has the advantage of being easily stored and has huge potential in decarbonising both the fertilizer and shipping industries. We consider the optimization of green ammonia production with different types of electricity procurement in the context of stochastic power and ammonia markets, a necessary assumption to translate the features of renewable, hence intermittent, electricity. We emphasise the importance of using stochastic prices to effectively model the volatile nature of the price dynamics, illustrating the project risks that can be mitigated by hedging activities. This study shows the pivotal role of flexibility when dealing with fluctuating renewable production and volatile electricity prices to maximise profits and better manage risks.";"Incluido"
"W4411357711";"10.20944/preprints202506.1059.v1";"Exploration of Wind Energy and Green Hydrogen Production in New Zealand";"Preprints.org";2025;"Le Wen; Cedric Chong; Stephen Poletti; Ramesh Chandra Majhi";NA;"Production (economics); Wind power; Hydrogen production; Energy (signal processing); Environmental science; Hydrogen";"preprint";0;"The New Zealand government has proposed a zero-carbon target by 2050. Electricity demand is also expected to double up to 88 TWh annually by 2050. Zero-carbon economy transition and growing electricity demand motivate us to explore the offshore wind to green hydrogen system potential in the New Zealand context, which has been studied in several European countries. Coupling offshore wind with hydrogen production will be one of the main pillars toward a fully decarbonized energy system by avoiding wind curtailment, mitigating electricity grid congestion, and producing green hydrogen used for energy storage, transportation fuel, steel and iron production, or replacing natural gas for residential customers. This study systematically reviews offshore wind and hydrogen production retrieved from the empirical papers, reports from government, industries, and national and international organizations. Sources of cost estimates are further investigated based on assumption and scenario analysis according to Concept Consulting and Castalia modelling. We find that offshore wind can and will play an important role in the decarbonization of New Zealand. New Zealand can take action to develop both these industries further to attain opportunities. In addition, current cost estimates for hydrogen in New Zealand are not cost-competitive with existing fossil fuels but may be in the future. More research is required for specific scenario cost estimations for New Zealand in order to provide insight into which projects will be more efficient or cost-effective. This will allow interested parties like energy companies to develop more concrete optimal plans for New Zealand. Lastly, Grants, subsidies, regulatory incentives, and higher carbon prices are some actions the government can take to bring costs down and incentivize development further. This paper provides a pioneer study of assessing the feasibility of offshore wind and hydrogen production, including economic viability, challenges, and barriers and contributes to showing an alternative solution to achieve the New Zealand government’s zero-carbon target.";"Incluido"
"W3124121806";NA;"Interconnectedness in the Australian National Electricity Market: A Higher Moment Analysis";"ANU Open Research (Australian National University)";2020;"Hung Do; Rabindra Nepal; Russell Smyth";"AU";"Skewness; Moment (physics); Electricity; Electricity market; Kurtosis; Economics";"report";0;"2020 Economic Society of Australia We examine the risk transmission mechanisms in the interconnected Australian National Electricity Market (NEM). We illustrate that the transmission of extreme events should be considered in terms of their magnitude (via skewness) and the likelihood of their occurrence (via kurtosis) when promoting NEM interconnectedness. Our empirical findings suggest that interconnectedness costs can be limited by providing sufficient transmission capacity as it can expand generation capacity. Our results suggest that a 1 per cent increase in NEM generation capacity can decrease the transmission of these risks by between 0.9 and 1.7 per cent, depending on the moment of the electricity return distribution.";"Incluido"
"W7105802683";"10.48336/24";"Design, modelling and performance analysis of a residential grid-tied solar photovoltaic system with deferrable load";"Open MIND";2025;"Ijaz, Waseem";NA;"Photovoltaic system; Renewable energy; Environmental economics; Solar energy; Net metering; Solar power";"dissertation";0;"This thesis explores the design, modeling, and economic viability of grid-connected solar photovoltaic (PV) systems for residential applications in Lahore, Pakistan, with a focus on optimizing energy efficiency, cost-effectiveness, and environmental sustainability. Real-time data on the Power consumption is collected of the house for the design and simulation of the system. The research is structured into three interconnected studies, each addressing essential aspects of solar energy viability. It includes examining the economic and environmental benefits of an on-grid solar PV system for a site in Lahore, Pakistan; utilizing two modeling tools: the System Advisor Model (SAM) and HOMER Pro. Both models validate the system's ability to deliver swift financial returns, significant energy cost reductions, and environmental benefits, making it a sustainable solution for Lahore's energy needs. Moreover, the system has the ability to return excess energy to the grid through net-metering which enhances its economic feasibility. The distinctiveness of the study is examining the design and performance of a grid-tied solar system with deferrable air-conditioning loads, considering recent proposed regulatory changes by National Electric Power Regulatory Authority (NEPRA). The study highlights the economic implications of reduced grid buyout rates and by integration the deferrable loads, such as heat pumps, maximum utilization of Renewable source can be achieved. It highlights system cost-effectiveness and sustainability, making it a viable option for residential power generation. Collectively, this thesis demonstrates that grid-connected solar PV systems are economically advantageous, environmentally beneficial, and technically feasible for residential applications in Lahore, Pakistan.";"Incluido"
"W3121382264";"10.5547/01956574.40.2.mbuc";"Impact of Coordinated Capacity Mechanisms on the European Power Market";"The Energy Journal";2019;"Michael Bucksteeg; Stephan Spiecker; Christoph Weber";"DE";"Business; Industrial organization; Electricity market; Electricity; Production (economics); Market power";"article";0;"There is an ongoing debate on the introduction of capacity markets in most European countries while a few of them have already established capacity markets. Since the implementation of independent national capacity markets is not in line with the target of a pan-European internal electricity market we investigate the impacts of uncoordinated capacity markets compared with coordinated capacity markets. A probabilistic approach for the determination of capacity requirements is proposed and a European electricity market model (E2M2s) is applied for evaluation. The model simultaneously optimizes investments and dispatch of power plants. Besides the impact on generation investments, market prices and system costs we analyze effects on production and security of supply. While coordinated capacity markets reveal high potentials for cross-border synergies and cost savings, uncoordinated and unilateral implementations can lead to inefficiencies, in particular free riding effects and endanger security of supply due to adverse allocation of generation capacity.";"Incluido"
"W3168710094";"10.5167/uzh-188697";"Financing the energy transition: the impact of a changing power sector on investors";"Zurich Open Repository and Archive (University of Zurich)";2020;"Lena Hörnlein";NA;"Energy sector; Energy transition; Power (physics); Business; Transition (genetics); Finance";"dissertation";0;NA;"Incluido"
"W2341877503";NA;"The rise of capacity mechanisms: are they inevitable in the European Union? Egmont Paper 80, September 2015";"Archive of European Integration (AEI) (University of Pittsburgh)";2015;"Tania Zgajewski";NA;"CLARITY; Context (archaeology); Electricity; Remuneration; Investment (military); European commission";"report";0;"These last years, in multiple Member States, the electricity markets have seen the rapid emergence of Capacity Remuneration Mechanisms (CRMs). They are meant to guarantee the stability of the electricity system in a more uncertain context. The reactions of the European Commission were late towards them. It is thus essential to bring some clarity here, otherwise the legal uncertainty could become a new impediment for investment.";"Incluido"
"W2891411042";"10.13140/rg.2.2.15780.17287";"Policy Implications of a World with Renewables, Limited Dispatchability, and Fixed Load";"RePEc: Research Papers in Economics";2018;"Mathias Mier";NA;"Renewable energy; Microeconomics; Economics; Electricity; Wind power; Environmental economics";"preprint";0;"Most electricity systems face contractual fixed consumer prices in the short term, that is, load and price are fixed before the random supply of renewables like wind or solar realizes. Steam power plants also make production decisions before such a random supply realizes. These capacities cannot react instantly, which creates a demand for gas turbines to balance renewables. We approach these dynamics by considering different types of dispatchability in a more general framework of peak-load pricing and contribute to the debate on market design and capacity payments. Steam power always recovers costs, gas turbines never do so, and renewables might. We describe possible transfer schemes to overcome this problem and provide a more market-oriented solution. However, consumers must always be compensated for lost load.";"Incluido"
"W2589270351";NA;"Modelling of the economic feasibility of largescale electricity storage technologies : a german case study";"Comillas Repository (Comillas Pontifical University)";2016;"Wouter Schoof";NA;"Revenue; Electricity market; Electricity; Spot market; Scope (computer science); Asset (computer security)";"dissertation";0;"This joint master program entails two master degrees, the MSc. Electric Power Industry at Comillas ICAI Madrid and the MSc. Engineering and Policy Analysis at Delft University of Technology. Electricity storage is often portrayed as the solution for the challenges that an increasing capacity of intermittent generation brings. If the electricity storage facilities are to be introduced in the grid by private investors though, just like any other asset, they require a business case. This study is part of the DNV GL StRe@M project whose goals include the modelling of the economic feasibility of electricity storage facilities in future German electricity grid scenarios from a price-taking investor’s perspective by comparing costs and revenues. The two revenue streams considered in the StRe@M project come from the spot and reserve market, and this study focuses on modelling the latter for Germany. This thesis also provides a cost and revenue framework to assess the revenues from both markets and the resulting profits. First a qualitative study maps the German reserve market and the characteristics of its products to identify opportunities for electricity storage and the impacts of regulation thereon. Next a quantitative model is designed to assess the revenue potential of the future secondary reserve market by forecasting its demand and price levels. The modelling scope is limited to the secondary reserve (energy) market (named aFRR in Germany) only because of its relative market size, the low number of participants and data availability. A bottom-up approach was tried by looking for a quantified relation between (1) historical time series of forecast errors for load and solar and wind generation and (2) system imbalances or activated aFRR directly – a positive causal relation which often appears in literature. As no quantified relation could be found an alternative top-down stochastic approach then used the historical probability distribution of activated aFRR in 2015 to establish a stochastic function for aFRR demand in future scenarios up to a few years, preserving the properties of the historical probability distribution. An effort was made to scale this stochastic function for an increasing renewable penetration but no workable scaling could be obtained. The future prices to accompany the forecasted volumes were determined from a regression analysis on historical aFRR price time series. Regression components included the aFRR volume and the spot price. The design of the cost and revenue framework, used to process the potential revenues from the spot and reserve market, was based on comparing samples of a stochastic reserve market revenue with a deterministic spot market revenue and aggregating this into a distribution for the profit. To conclude the first dispatch and profit results of the StRe@M modelling are presented for a German electricity scenario in February 2020 with an 80 percent RES share, which should be used with great caution. The modelled lithium-ion battery technology and variable-speed PSH show positive profits on average, but the fixed-speed PSH does not. The main limitation of this model is the lack of the scaling effect for renewable penetration, for which a scenario analysis is probably most suited.";"Incluido"
"W7128121720";NA;"La flexibilité dans les systèmes électriques bas-carbone : analyse économique et modélisation";"HAL (Le Centre pour la Communication Scientifique Directe)";2025;"Ange Blanchard";"FR";"Humanities; Political science; Economics; Production (economics); Production system (computer science); Stock (firearms)";"dissertation";0;"Le développement massif d'énergies renouvelables pour la production d'électricité bas carbone s'accompagne de défis économiques et techniques du fait de leur intermittence. Plusieurs solutions existent pour assurer que la production d'électricité satisfasse la demande en tout temps : la production d'électricité d'origine nucléaire, le stockage par batterie ou la production d'hydrogène par électrolyse en sont des exemples. Ce travail de thèse s'attache à caractériser leur valeur économique en complément des énergies renouvelables par des exercices de modélisation quantitative.Le premier chapitre de la thèse propose une définition et une évaluation de la valeur économique de la flexibilité du parc nucléaire français. Les contraintes opérationnelles de variation de production des réacteurs nucléaires sont assimilées à un stock de flexibilité nucléaire limité qu'il s'agit d'utiliser de manière optimale. Un exemple numérique est implémenté et résolu par l'utilisation de l'algorithme de programmation dynamique stochastique duale.Le second chapitre compare l'impact de différents contrats de compléments de rémunération sur la flexibilité opérationnelle du nucléaire. Selon les architectures de contrats, le producteur peut être plus ou moins exposé aux variations de prix de marché, ce qui impacte directement sa propension à produire de manière flexible. Un modèle numérique bi-niveau est implémenté pour modéliser le comportement d'un producteur nucléaire selon différents contrats et ses conséquences sur les prix de marché. Les résultats montrent une grande sensibilité des prix au contrat choisi, ce qui appelle à une attention particulière pour éviter des distorsions de marché trop importantes.Le troisième chapitre de la thèse s'intéresse à la substituabilité entre le stockage d'électricité par batterie et par hydrogène. Les variations de production des énergies renouvelables peuvent en effet survenir à l'échelle de l'heure comme de la saison, et différents types de stockages sont souvent présentés comme complémentaires pour ces différents besoins. Le stockage en cavité saline de l'hydrogène est un candidat pour le stockage saisonnier, alors que les batteries chimiques sont adaptées pour les arbitrages intra journaliers. Après avoir calculé l'élasticité de substitution entre les deux technologies à l'aide d'un modèle numérique appliqué au cas allemand, nous montrons qu'elles sont des substituts économiques, et non des compléments. Les batteries peuvent donc remplacer pour partie le stockage saisonnier à hydrogène. Le dernier chapitre de la thèse étudie la question de la sécurité d'approvisionnement d'un système hydrogène importateur. Un modèle de chaîne de Markov est appliqué au cas allemand pour estimer la stratégie optimale d'investissement pour pallier une possible rupture d'approvisionnement en importation d'hydrogène. Contrairement au cas historique des chocs pétroliers, nos résultats montrent qu'une politique de réserves stratégiques d'hydrogène est moins efficace qu'un surinvestissement en électrolyseurs permettant une production locale plus importante. La production locale d'hydrogène permettrait ainsi de décarboner les secteurs industriels difficiles à électrifier tout en assurant une plus grande indépendance énergétique.";"Incluido"
"W7152495789";"10.70675/10df8965za35ez4762z9ed9z26cc442e5429";"Dancing with the wind : economic modeling of flexibility in low-carbon power systems";NA;2025;"Ange Blanchard";"FR";"Humanities; Political science; Economics; Production system (computer science); Production (economics); Flexibility (engineering)";"dissertation";0;"La flexibilité dans les systèmes électriques bas-carbone : analyse économique et modélisation Le développement massif d'énergies renouvelables pour la production d'électricité bas carbone s'accompagne de défis économiques et techniques du fait de leur intermittence. Plusieurs solutions existent pour assurer que la production d'électricité satisfasse la demande en tout temps : la production d'électricité d'origine nucléaire, le stockage par batterie ou la production d'hydrogène par électrolyse en sont des exemples. Ce travail de thèse s'attache à caractériser leur valeur économique en complément des énergies renouvelables par des exercices de modélisation quantitative.Le premier chapitre de la thèse propose une définition et une évaluation de la valeur économique de la flexibilité du parc nucléaire français. Les contraintes opérationnelles de variation de production des réacteurs nucléaires sont assimilées à un stock de flexibilité nucléaire limité qu'il s'agit d'utiliser de manière optimale. Un exemple numérique est implémenté et résolu par l'utilisation de l'algorithme de programmation dynamique stochastique duale.Le second chapitre compare l'impact de différents contrats de compléments de rémunération sur la flexibilité opérationnelle du nucléaire. Selon les architectures de contrats, le producteur peut être plus ou moins exposé aux variations de prix de marché, ce qui impacte directement sa propension à produire de manière flexible. Un modèle numérique bi-niveau est implémenté pour modéliser le comportement d'un producteur nucléaire selon différents contrats et ses conséquences sur les prix de marché. Les résultats montrent une grande sensibilité des prix au contrat choisi, ce qui appelle à une attention particulière pour éviter des distorsions de marché trop importantes.Le troisième chapitre de la thèse s'intéresse à la substituabilité entre le stockage d'électricité par batterie et par hydrogène. Les variations de production des énergies renouvelables peuvent en effet survenir à l'échelle de l'heure comme de la saison, et différents types de stockages sont souvent présentés comme complémentaires pour ces différents besoins. Le stockage en cavité saline de l'hydrogène est un candidat pour le stockage saisonnier, alors que les batteries chimiques sont adaptées pour les arbitrages intra journaliers. Après avoir calculé l'élasticité de substitution entre les deux technologies à l'aide d'un modèle numérique appliqué au cas allemand, nous montrons qu'elles sont des substituts économiques, et non des compléments. Les batteries peuvent donc remplacer pour partie le stockage saisonnier à hydrogène. Le dernier chapitre de la thèse étudie la question de la sécurité d'approvisionnement d'un système hydrogène importateur. Un modèle de chaîne de Markov est appliqué au cas allemand pour estimer la stratégie optimale d'investissement pour pallier une possible rupture d'approvisionnement en importation d'hydrogène. Contrairement au cas historique des chocs pétroliers, nos résultats montrent qu'une politique de réserves stratégiques d'hydrogène est moins efficace qu'un surinvestissement en électrolyseurs permettant une production locale plus importante. La production locale d'hydrogène permettrait ainsi de décarboner les secteurs industriels difficiles à électrifier tout en assurant une plus grande indépendance énergétique.";"Incluido"
"W7132558862";NA;"Modelling offshore wind-battery hybrid systems to evaluate flexibility in the Dutch power markets";"TNO Repository";2021;"S. Krishna Swamy; I. Gonzalez Aparicio; M. Houwing; J.P. Wijbenga";NA;"Flexibility (engineering); Hybrid system; Submarine pipeline; Computer science; Power (physics); Hybrid power";"report";0;NA;"Incluido"
"W3122979210";"10.11606/d.3.2020.tde-20012021-124216";"Separação lastro e energia: uma análise sob a ótica da teoria de opções reais.";NA;2020;"Clarissa Petrachini Gonçalves";NA;"Context (archaeology); Welfare economics; Government (linguistics); Common value auction; Electricity market; Work (physics)";"dissertation";0;"área de concentração Engenharia Elétrica) -PEA/USP -Depto.de Eng. de Energia e Automação Elétricas, Universidade de São Paulo, São Paulo, 2020Hoje, a expansão da oferta de energia elétrica, conforme indicada pela Empresa de Pesquisa Energética (EPE), é sustentada majoritariamente pelo Ambiente de Contratação Regulada através dos Leilões de Energia Nova (LEN) promovidos pelo governo brasileiro.Contudo, atualmente o mercado livre já representa praticamente 30% do consumo total de energia no país e deve continuar expandindo, não só pela atratividade da possibilidade de escolha do seu próprio fornecedor, mas também por conta das intenções governamentais em fomentar a expansão deste ambiente de contratação.Dado isso, caso as próprias forças de mercado e a regulação vigente não sejam suficientes para estimular a expansão da geração também por participantes do ambiente de contratação livre, corre-se o risco de ficar com um parque gerador aquém das necessidades da sociedade brasileira.Nesse contexto, o governo propôs a separação dos produtos Lastro e Energia como possível solução para a questão.O presente trabalho visa realizar uma avaliação econômico-financeira da viabilidade da comercialização pelos geradores do setor elétrico brasileiro, considerando os produtos Lastro e Energia em separado, o que difere da modalidade de contratação de energia vigente.Para isso, as mudanças propostas no modelo de contratação serão avaliadas, para os diferentes tipos de fontes de geração, sob a ótica da Teoria das Opções Reais (TOR), que permite inserir incertezas na análise de investimentos com o suporte de uma modelagem estocástica para as principais variáveis influentes.";"Incluido"
"W4406480727";"10.5204/thesis.eprints.254757";"Dispatch Optimisation for a Concentrating Solar Tower Power Plant Under Uncertainty";"Queensland University of Technology";2024;"Navid Mohammadzadeh";NA;"Tower; Solar power; Power station; Cooling tower; Engineering; Power (physics)";"dissertation";0;"Concentrating solar plants with thermal energy storage offer a promising solution to store large-scale solar energy and extend the generation profile to take the advantage of more favourable electricity price periods. This thesis developed mathematical models to optimise operation planning and mitigate the influence of uncertainties in weather and electricity market. The proposed methodologies are validated via numerical simulations on a hypothetical plant in Australia, demonstrating an 8% to 15% improvement in profit generation compared to conventional benchmarks.";"Incluido"
"W7110607614";NA;"NAVIGATING THE FUTURE: A REPORT ON THE CURRENT STATE AND FUTURE PATH OF ENERGY TRANSITION IN THE TRANSPORT SECTOR";"University of Zagreb University Computing Centre (SRCE)";2024;"Duić, Neven; Hendrickson, Chris; Yubo, LIAN; Pelata, Patrick; Evans, Robert L.; Ridjan Skov, Iva; Beck, Vaughan; Dominguez, Jaime; Pienaar, Pine; Funk, Elena";"HR; US; CN; FR; AU; ES; GB; KE; DK";"State (computer science); Engineering; Greenhouse gas; Power (physics); Work (physics); Energy supply";"article";0;"Decarbonisation of road transport was until recently considered the most challenging part of the climate agenda. Still the ascent of electric vehicles is making significant advances possible while, at the same time, opening several new complex conundrums: integration of power and transport systems, establishing supply chains of needed materials and conversion of existing industries to new products. At the same time, the decarbonisation of heavy road transport, aviation, and maritime transport raises many questions regarding the prevailing fuels and technologies that will secure net zero emissions of greenhouse gases. Different e-fuels like ammonia, methanol, and similar liquid fuels synthesised from green hydrogen look like a possible solution. This decade is crucial since the whole process, which is essential for achieving the goals of the Paris Agreement, depends on decisions made soon. CAETS Energy Community E-Mobility Working Group This report was written by the members of the E-Mobility Working Group 2023-2024, lead authors of specific chapters were Neven Duić (HATZ, Croatia), Chris Hendrickson (NAE, United States), Lian Yubo (nominated by CAE, China), Patrick Pelata (NATF, France), Robert L. Evans (CAE, Canada), Iva Ridjan Skov (HATZ, Croatia), Vaughan Beck (ATSE, Australia), Jaime Dominguez (RAI, Spain), Pine Pienaar (SAAE, South Africa) and Elena Funk (ATV, Denmark). All chapter authors were of great help in providing, beyond their engineering expertise, country-specific and region-specific input for analysis, and Antun Pfeifer (Croatia) was providing technical assistance for the publication. This report has been produced with the support of the Croatian Academy of Technical Sciences of Croatia, the National Academy of Engineering of the United States and CAETS. The views expressed herein can in no way be taken to reflect the official opinion of Croatia or United States, and do not necessarily reflect the views of any CAETS member Academies. This report was discussed by the International Council of Academies of Engineering and Technological Sciences (CAETS) which agreed to submit the report to international journals and policymakers worldwide. The authors are grateful to the delegates for their input, comments, and suggestions. Any errors or omissions are the sole responsibility of the authors.";"Incluido"
"W3185123647";NA;"Influence of market structures and market regulation on the carbon market : interim report";"Zürcher Hochschule für Angewandte Wissenschaften digital collection (Zurich University of Applied Sciences)";2019;"William Acworth; Ernst Kuneman; Stephanie La Hoz Theuer; Jan Abrell; Julia Baer; Regina Betz; Mirjam Kosch; Tobias Müller; Johanna Cludius; S. B. Healy; Jakob Graichen; Anatole Boute; Hao Zhang; Rainer Baisch";NA;"Interim; Business; Carbon market; Economics; Climate change; Political science";"article";0;NA;"Incluido"
"W4297891204";"10.5281/zenodo.7104854";"Financing the Polycentric Energy Transition - Definitions, literature review and research gaps";"Zenodo (CERN European Organization for Nuclear Research)";2022;"Lars Holstenkamp; Wiesenthal, Jan; Najamul Saqib Memon";"DE";"Transition (genetics); Business; Regional science; Geography; Chemistry; Biochemistry";"report";0;"The transformation of the energy system will require massive investments in the coming years. The total global investment requirement from 2018-2050 is estimated at 110 trillion US dollars. The magnitude of the investment needs makes it clear: investments are needed by all actors. An increasingly important role is played by citizens. They can invest individually and become prosumers (self-consumers of self-generated electricity) or they can organize themselves in bottom-up models such as Energy Communities, Community Energy or Local Energy Initiatives and jointly finance the investment costs.<br> But how is financing actually defined? What are the financing instruments? And what are the connections between financing (-instruments) and the energy transition? And what role do bottom-up models play in the energy transition? The aim of this paper is to trace and illustrate the links between financing, energy and the current role of bottom-up models in financing of the energy transition.<br> Financing can be understood in two different ways. In an energy economic sense, financing means the refinancing of capital employed. This includes energy sector regulations such as energy market design, environmental policies or private contracts. In a managerial sense, financing means the procurement of funds. A distinction can be made here between private and public financing. Not least because of the great importance of the regulatory framework, both aspects - energy policy instruments and financing in the managerial sense - are interrelated: The type and scope of the design of the financial requirement (e.g., the implemented support programs) directly influence the coverage of the financial requirements in the managerial sense. In the context of this study, we provide a brief overview of the various financing instruments. The financing instruments have already been intensively researched. For bottom-up models it emerges that risk-minimizing, transparent instruments such as FITs are advantageous. However, the question arises as to what overall effects on the system the various financing instruments have.<br> Based on a literature review on energy and financing, four perspectives were identified that have been discussed in past research. These include: micro-level perspectives, policy perspectives (""sustainable finance discourse""), system-level perspectives and literature studying the effects of developments in the energy sector on financial markets (""energy-to-finance""). Each of these perspectives contains elements of all three approaches to the topic of financing (managerial, energy economic, regulatory).<br> Looking at the bottom-up models, it is clear that considerable changes have taken place in recent years. Both technological progress, which has facilitated decentralized energy generation, and regulatory interventions, such as the Clean Energy Package, have strengthened bottom-up models in recent years. While research on bottom-up models has been conducted in the past in several countries with well established bottom-up models, research needs to be extended to other countries in order to generate transferable results. It is also clear that bottom-up models bring new challenges. One example is a tradeoff between investor risk management and the ability to finance bottom-up models. This also needs to be addressed in further research.";"Incluido"
"W4392319775";NA;"Analysis of techno-economic issues associated to electric vehicles grid integration";NA;2022;"Maria Juliana Suarez Forero";NA;"Grid; Computer science; Geography; Geodesy";"other";0;"Dans le contexte de la transition énergétique, les secteurs du transport et de l’électricité sont appelés à évoluer pour&#13;\natteindre l’objectif de neutralité carbone. Le déploiement d’une capacité importante d’Energies Renouvelables (EnR)&#13;\nimplique une croissante demande de flexibilité pour le réseau électrique alors que, d’autre part, le déploiement d’un parc&#13;\nimportant de Voiture Electriques (VE) représente une demande d’électricité plus élevée pendant la phase de recharge&#13;\nqui pourraient approcher et même dépasser les limites physiques des réseaux électriques. Cependant, ensemble, les EnR&#13;\net la flotte de VE pourraient apporter une solution au lieu de deux problèmes. Grâce à un système de charge intelligent,&#13;\nles VE pourraient absorber la surproduction d’EnR ainsi que limiter la puissance sollicitée pendant les heures de forte&#13;\nconsommation. Ce travail présente les principaux enjeux de l’intégration de VE dans le réseau électrique au niveau local&#13;\net au niveau national. Un modèle d’optimisation du prix de l’électricité est développé ainsi qu’un système de contrôle&#13;\noptimal de la charge intelligente qui est implémenté dans un outil de simulation puis dans un VE réel pour tester la&#13;\nviabilité d’une application. L’impact économique et les facteurs techniques de l’intégration sont analysés.";"Incluido"
"W2617451723";NA;"A Modeling Approach To Analyze The Implementation Of Capacity Markets In Germany";"Research Repository (Delft University of Technology)";2013;"Pradyumna Bhagwat; Kaveri K. Iychettira; Laurens J. de Vries";NA;"Computer science; Econometrics; Business; Economics";"conference-paper";0;NA;"Incluido"
"W4297887745";"10.36227/techrxiv.21113878";"Research on Generation Side Strategy and User Side Cost Based on Equilibrium Analysis under Reliability Option Mechanism";NA;2022;"Yuanhao Feng; Donghan Feng; Yun Zhou";NA;"Profit (economics); Linearization; Market clearing; Economics; Purchasing; Investment (military)";"preprint";0;"&lt;p&gt;Reliability option (RO) is a generation capacity adequacy mechanism based on option concept in financial products. Recent studies on RO lack the consideration of the game between power producers. In this paper, the market equilibrium under RO mechanism is studied and a bilevel model is proposed. The upper-level models are maximizing the profits of power producers and the lower-level model is market clearing. Electricity sales income, option fee income and expenditure including fuel cost, expansion investment cost, refund cost and penalty are considered to evaluate each power producer's profit. The bilevel model is reformulated into the mathematical problem with equilibrium constraints (MPEC) and a series of linearization methods are used. The market equilibrium is obtained by diagonalization iteration for all MPECs. Then, some cases are set to analyze the capacity investment and the comprehensive purchasing cost of users in the equilibrium state. Finally, suggestions on the construction of RO mechanism are given.&lt;/p&gt;";"Incluido"
"W2210292898";"10.13097/archive-ouverte/unige:39499";"Impact of climate change and electricity market liberalization on hydropower plants with reservoir";"Archive ouverte UNIGE (University of Geneva)";2014;"Ludovic Gaudard";NA;"Hydropower; Climate change; Natural resource economics; Upstream (networking); Greenhouse gas; Electricity market";"dissertation";0;"Hydropower is a very important component of the Swiss energy mix, but its future is jeopardized by several factors. To clarify the long-term scenarios, an assessment of the risks and opportunities is necessary. This thesis analyses these complex dynamics, and focuses more particularly on the problems related to climate change and the liberalization of electricity markets. A general analysis of all the drivers that can affect hydropower is first carried out on the basis of a rich literature. Then, the impacts of climate change and market liberalization are analysed by means of specific quantitative methods. The case studies in Switzerland and Italy show that the impact of climate change is relatively low. Local characteristics are important. In addition, an appropriate management may significantly reduce energy production and revenue losses. Uncertainties about runoff are also relatively low, because long-term forecasting is only slightly affected by the different greenhouse gas scenarios. Electricity prices create more uncertainty. Results from a pumped-storage project upstream from the Mauvoisin dam show that present market conditions jeopardize investment in energy storage.";"Incluido"
"W3029453695";"10.17863/cam.57988";"The cost of CO2 abatement from Britain’s only PWR: Sizewell B";"RePEc: Research Papers in Economics";2020;"David Newbery";NA;"Weighted average cost of capital; Economics; Tonne; Capital cost; Cost of capital; Capital (architecture)";"preprint";0;"This paper calculates the cost per tonne of CO2 abated by Sizewell B (SZB, the nuclear power station commissioned in 1995). Other zero-carbon renewables received contractual support. A long-term Contract-for-Difference (CfD) is modelled with a strike price reset every 5 yrs. by the regulator under the Regulatory Asset Base model of electric utilities. The answer depends on the Weighted Average Cost of Capital (WACC), given the range of observed utility WACCs. At a low WACC the cost is £<sub>2019</sub>34.1/tonne CO2 abated and £<sub>2019</sub>49.2/t. CO2 at the high WACC, compared with the roughly £40/t. CO2 paid by GB generators in 2019. Had the design for SZB been replicated for the 6.4 GW new nuclear the saving might have been £9-18 billion.";"Incluido"
"W3013240634";NA;"Mécanismes de rémunération de la capacité : évaluation analytique des expériences contemporaines et leçons pour la conception future des marchés de l'électricité.";"HAL (Le Centre pour la Communication Scientifique Directe)";2019;"Charlotte Scouflaire";"FR";"Humanities; Political science; Philosophy";"dissertation";0;"Capacity remuneration mechanisms (CRMs) are widely implemented as an attempt of correcting the real-world imperfections of electricity markets and aligning market outcomes with social optimality. Mainly, many observers doubt theability of the EOM to provide sufficient investment incentives to ensure the security of supply, and CRMs are expected to mitigate the risk of failure. Unfortunately, the numerous real world experiences have led to limited academic publications.In addition, the abundant theoretical literature fails to deliver clear take away messages with respect to the performance ofCRMs in real life conditions. The empirical assessment of CRMs is all the more necessary as their performance depends on a number of country-specific, structural, technical and behavioral parameters, as well on the details of implementation that structure the incentives. Reducing the literature gap from both ends, this doctoral thesis represents the first attempts to empirically discuss CRM performance and design choices. It provides a conceptual reflection on the evolution of CRM designs over time (Chapter 1) and discusses the divergences existing in the quantitative literature (Chapter 2). It also contributesto the discussion on the net cost of such intervention thanks to an econometric cross-country analysis (Chapter4). From a theoretical stand point, an analytical model analyses the preferences for the precision of information available under different capacity market designs (Chapter 3).";"Incluido"
"W7163199564";"10.1038/s41467-026-73630-y";"Rethinking the economics and flexibility of U.S. nuclear power through hydrogen integration and policy support";"Nature Communications";2026;"Honglin Li; Jianqiao Huang; Bikash Poudel; Mucun Sun; Tyler Westover; Daniel Wendt; Jie Zhang";"US";"Flexibility (engineering); Nuclear power; Business; Risk analysis (engineering); Industrial organization; Environmental economics";"article";0;"Nuclear power supplies reliable low-carbon electricity and high-temperature heat, but existing plants face growing pressure to operate more flexibly in markets with rising renewable penetration. Coupling nuclear reactors with hydrogen production through high-temperature electrolysis may improve flexibility and create additional value, yet its economic potential remains uncertain. Here we show that integrating nuclear generation with hydrogen production and ancillary service participation can substantially improve the economics and operational flexibility of nuclear energy systems. Using an hourly optimization model linked to lifecycle techno-economic analysis, we find that retrofitting existing reactors with high-temperature electrolysis increases average net present value from about -$1.06 billion to about $240 million without policy support, while expanding flexible output by more than 115 MW for most reactors. Policy incentives, cost reductions, and optimized market participation further strengthen the value of nuclear-hydrogen systems for reducing costs and supporting grid reliability. This study shows that pairing U.S. nuclear plants with hydrogen production can make existing reactors more profitable and flexible, helping them support grid reliability, provide clean hydrogen and benefit from policy incentives.";"Incluido"
"W4393398944";NA;"Le nucléaire dans les systèmes électriques décarbonés avec des énergies renouvelables : Analyse de sa flexibilité, cadre de modélisation et rôle dans les transitions électriques françaises et ouest-européennes";"theses.fr (ABES)";2022;"Arthur A. Lynch";"FR";"Energy transition; Renewable energy; Flexibility (engineering); Nuclear power; Transition (genetics); Energy system";"dissertation";0;"Dans le contexte de la décarbonation des systèmes électriques français et européens, les énergies renouvelables, notamment les technologies solaire et éoliennes, sont destinées à assurer une part grandissante de la demande d'électricité. Cette transition va fortement impacter le système électrique, en particulier augmenter les besoins de flexibilité pour maintenir l'équilibre constant entre offre et demande. Ainsi, les réacteurs à eau pressurisée, majoritairement utilisés à pleine puissance pour recouvrir leurs coûts fixes élevés, devront participer à ces besoins de flexibilité et concourrir face aux autres sources disponibles (hydraulique, batteries, flexibilité de la demande…).Cette thèse présente tout d'abord les contraintes de flexibilité des réacteurs à eau pressurisée et se focalise sur les phénomènes influençant le calendrier de fonctionnement des réacteurs et l'évolution de leur puissance minimale de fonctionnement au cours de leur cycle d'irradiation, qui déterminent en partie la capacité de flexibilité des réacteurs. L'analyse de la littérature montre que ces contraintes de flexibilité sont rarement considérées par les modèles de simulation de systèmes électriques visant à déterminer la capacité et le fonctionnement des réacteurs dans des systèmes à forte part d'énergies renouvelables. L'absence de représentation de ces contraintes méséstime le potentiel de flexibilité des réacteurs, ce qui pourrait impacter les résultats de simulation, donc l'évaluation du rôle du nucléaire dans les futurs systèmes électriques décarbonés.Afin de déterminer l'impact de la non représentation de ces contraintes sur les résultats des modèles de simulation, cette thèse propose ensuite une méthode permettant de les implémenter dans un modèle de système électrique simplifié dont la part de la demande couverte par les renouvelables varie de 0% à 80% selon les cas de sensibilités. Les résultats de simulation permettent de déterminer que dans les cas où la pénétration des énergies renouvelables dans le système est élevée, la représentation de ces contraintes diminue l'estimation des coûts du système, mais aussi le niveau des émissions, et l'écrêtement des renouvelables. Ainsi, l'inclusion du calendrier de fonctionnement et de l'évolution de la puissance minimale des réacteurs dans les pratiques de modélisation semble déterminante pour l'évaluation de mix électriques combinant de fortes parts de renouvelables et du nucléaire.Dès lors, la dernière partie de la thèse étend cette approche en incluant les contraintes de flexibilité dans un modèle d'optimisation des capacités de production visant la décarbonation d'un système électrique détaillé, basé sur une représentation de l'Europe en 2050. Le modèle permet l'investissement en capacités de production décarbonées, dont renouvelables et nucléaire, et en interconnexions entre pays, en visant un coût complet minimal de fonctionnement du système. Ces simulations concluent que la majorité de la production serait assurée par les renouvelables, ces capacités étant peu chères et à fort potentiel de développement. Le reste de la demande est en partie complétée par des nouveaux programmes nucléaires qui apparaissent comme « sans-regret » puisque de réacteurs sont installés même dans le scénario de dérive des coûts du nucléaire le plus défavorable. En dehors de ce scénario, le potentiel de développement nucléaire est maximisé, ce potentiel étant limité par les durées de construction, les chaines d'approvisionnement et la volonté des pays à considérer de nouveaux réacteurs. Dans de tels mix de production, les réacteurs fonctionneraient de manière flexible, avec un facteur de charge réduit et un nombre de manœuvres de puissance plus conséquent. La thèse conclue quant à la viabilité technique et économique d'un tel mode de fonctionnement pour les réacteurs à eau pressurisée.";"Incluido"
"W1790088037";NA;"Influence of capacity markets on the development of electrical energy storage";"Research Repository (Delft University of Technology)";2015;"S.E.L. Kerckhoffs";NA;"Business; Energy storage; Environmental science; Power (physics); Quantum mechanics; Physics";"dissertation";0;NA;"Incluido"
"W3126475204";NA;"Essays on electricity and matching markets";"DSpace@MIT (Massachusetts Institute of Technology)";2020;"Ömer. Karaduman";NA;"Electricity; Matching (statistics); Economics; Financial economics; Engineering; Electrical engineering";"dissertation";0;"Thesis: Ph. D., Massachusetts Institute of Technology, Department of Economics, September, 2020";"Incluido"
"W3125703925";"10.11606/t.106.2019.tde-23092019-112528";"Proposta de inserção de usinas hidrelétricas reversíveis como mecanismo de armazenamento no Setor Elétrico Brasileiro";NA;2019;"Luciano José da Silva";NA;"Political science";"dissertation";0;"Esta tese analisa os custos de produção de usinas hidrelétricas reversíveis (UHERs) no Brasil e sugere modelos de mercado que possam incentivar a participação destes empreendimentos reconhecidos por adicionarem flexibilidade aos sistemas de potência.Partindo da constatação que o crescimento das energias renováveis tem impactado de forma relevante o funcionamento dos sistemas elétricos por se constituírem em fontes não despacháveis, reconhece-se que o armazenamento de energia pode cooperar para mitigar tais impactos.Dentre as tecnologias de armazenamento, as UHERs são as que apresentam maior capacidade instalada no mundo e, mais especificamente, um grande potencial no vasto parque hidráulico brasileiro.Diante de tal contexto, o objetivo desta tese é analisar a participação de usinas reversíveis como mecanismo de armazenamento de energia no Setor Elétrico Brasileiro (SEB).Para isto";"Incluido"
"W3196054071";"10.17863/cam.74485";"Hayek and the Texas blackout";"RePEc: Research Papers in Economics";2010;"Stephen Littlechild; Lynne Kiesling";"GB; US";"Blackout; Scarcity; Market failure; Economics; Neoclassical economics; Market economy";"preprint";0;"Was the Texas blackout a market failure or regulatory failure? The economist Hayek has been adduced in support of both views. Hayek would have approved the competitive Texas system, including ERCOT. His likely view on the scarcity pricing framework is less clear, and the recent regulatory implementation of the “circuit breaker” was problematic. There is now a need to revise the scarcity pricing framework in the light of recent events, and to reflect ever-changing market conditions.";"Incluido"
"W7171724925";"10.56578/jse050201";"Reforming the Electricity Grid for a Sustainable Energy Transition: Lessons from the United Kingdom";"Journal of Sustainability for Energy";2026;"Oluwatosin Bubare Ayoko";"GB";"Incentive; Investment (military); Electricity market; Electricity; Industrial organization; Electric power industry";"article";0;"The electricity grid is the physical backbone of the low-carbon transition, yet in most industrialised economies it was designed for a fossil-fuelled, unidirectional, and centralised system.This paper examines how the electricity grid of Great Britain has become the object of a comprehensive reform programme and asks what generalisable lessons its experience offers for other countries pursuing deep decarbonisation.A qualitative policydocument analysis, triangulated with publicly available quantitative indicators, is adopted: policy documents, regulatory determinations, and network operator business plans issued between 2020 and 2026 are analysed and triangulated with published quantitative indicators, including connection queue volumes, transmission constraint costs, and planned capital expenditure.The evidence shows that the pre-reform ""first come, first served"" model produced a connection queue of over 700 GW of generation and storage and more than 120 GW of demand by 2025, while transmission constraint costs reached approximately £1.9 billion in 2024/25.In response, three mutually reinforcing reform strands have been introduced: a redesigned connections process (Target Model Option 4+, TMO4+) that combines readiness with strategic alignment; a step change in transmission investment under the Accelerated Strategic Transmission Investment (ASTI) framework and the RIIO-T3 (Revenue = Incentives + Innovation + Outputs, transmission price control 2026-2031) price control; and a strengthened regulatory regime with enforceable delivery obligations.This policy synthesis concludes that reforming the grid is as much an institutional and regulatory task as a technical one, and that coordinated action across the system operator, the regulator, government and network companies is a necessary condition for delivering an affordable, secure and low-carbon electricity system.";"Incluido"
"W3029587285";NA;"Intervalové metody řízení energetických sítí";"Digital Library (University of West Bohemia)";2018;"Přemysl Voráč";NA;"Environmental science";"dissertation";0;"Tato práce se zaměřuje na vývoj intervalových metod v oblasti optimalizace energetických sítí s ohledem na měnící se technologické, tržní a enviromentální podmínky. Teoretická část představuje základní metody výpočtů energetické sítě včetně jejich historického vývoje. Zmíněny jsou klasické metody Optimal Power Flow (OPF) a Load Flow (LF) a také jejich rozšíření o pravděpodobnostní modelování (POPF) či bezpečnostní kritéria (SCOPF). &#13;\nRešerše literatury ukazuje, že v současné době neexistuje konvexní optimalizační nástroj, který maximalizuje intervaly uzlových výkonů vzhledem ke zadaným limitům na uzlová napětí a toky na vedeních. Na základě tohoto zjištění byla vyvinuta metoda Intervals of Secure Power Injection (ISI) a její rozšíření, která představují ústřední téma této práce. Tato metoda je rigorózně definována a výsledky jejího testování na akademických i reálných sítích jsou představeny v příslušných kapitolách. Základní metoda a její možná rozšíření byla publikována na několika světových konferencích. Důležitým přínosem práce představuje reálná aplikace metody ISI, která byla vyvinuta v rámci výzkumného projektu AnSVaL, do oblasti aktivace a rezervace podpůrných služeb.";"Incluido"
"W4299803468";"10.5281/zenodo.7133598";"Analysis of transferability of global experience to the EU";"Zenodo (CERN European Organization for Nuclear Research)";2020;"Tim Mandel; Zsuzsanna Pató; Jean-Sébastien Broc; Janne Rieke Boll; Senta Schmatzberger; Benigna Boza‐Kiss; Diána Ürge-Vorsatz";"DE; NL; BE; AT";"Transferability; Computer science; Machine learning; Logit";"report";0;"The concept of Energy Efficiency First (EE1st) applies across various areas of energy policymaking, planning, and investment. While the concept itself is recent, there are various international examples of policies measures, regulatory frameworks, utility programmes or other initiatives that exhibit the underlying idea of prioritizing demand side resources whenever they are more cost-effective than equivalent supply side assets. In a previous report, the ENEFIRST project compiled and characterized a set of 16 case studies about international experiences with the EE1st principle. A next step is to explore if the merits of these experiences can be replicated in the jurisdiction of the EU, to drive the implementation of the EE1st principle in EU policymaking. Against this backdrop, the objective of this report is to systematically assess to what extent the previously international experiences identified are transferable to the political and legal system of the European Union and its Member States.<br> The theoretical literature on policy transfer generally recognises the significance of contextual factors for policies to replicate the achievements from a primary context in a target context. Contextual factors are manifold, covering the institutional and structural setting, socio-cultural concerns, and the administrative capacity of the target country. The more the contextual factors in the target context match the ones in the primary context, the more likely it is that the policy will yield similar outcomes and achievements. In accordance with these theoretical considerations, the methodology applied uses a consistent framework to assess the transferability of the 16 international experiences. The transferability frameworks suggest that eight of the international experiences feature a high level of transferability, meaning that they are either readily transferable or already have been adopted in EU or MS legislation. However, the high transferability level does not mean that implementation in the EU is fully completed. Instead, it suggests that there remain minor contextual factors that need to be considered when attempting to augment the measure's effectiveness as well as to expand it to all 27 Member States. Seven international experiences are found to feature a medium transferability to the target context of the EU and its Member States. This means that there exist significant contextual factors that impede a direct transfer to the EU context and that are expected to result in less successful policy outcomes than in the primary context. Finally, this report identifies one international experience with EE1st that, given its present regulatory standing in EU legislation, is assigned a low level of transferability.<br> In conclusion, policymakers in the EU and its Member States can certainly learn from their counterparts to establish a level playing field between demand and supply side resources and thus help embed the EE1st principle. However, this reports also points out that the political and legal system of the EU features particularities in terms of institutional, socio-cultural, and administrative aspects that, ultimately, do not allow for direct replication of existing practices from abroad. Instead, embedding the EE1st principle in the EU, and truly putting demand side resources on equal footing with supply side infrastructures in all relevant instances, will require a custom set of policy and regulatory instruments that go beyond fragmented international practices.";"Incluido"
"W7134865441";NA;"Scenarios for the future of European Union environmental directives and regulations and their implications for the European Real Estate sector- exploring risks opportunities and strategies for mome";"Portuguese National Funding Agency for Science, Research and Technology (RCAAP Project by FCT)";2024;"Theofanis John Orfanidis";NA;"European union; Futures studies; Work (physics); Real estate; Business; Workforce";"dissertation";0;"This work project applies the Intuitive Logics School to explore the future of EU environmental policies and their impact on the European real estate sector until 2030. Through a combination of interviews with EU employees, foresight experts, and industry leaders, as well as a collaborative workshop with MOME, the study analyzes plausible developments and their implications for market dynamics and regulatory adaptation. By addressing uncertainties such as ‘Supply Chain Stability’ and ‘Qualified Workforce Availability’, four scenarios are developed to enhance the sector’s preparedness for upcoming challenges. The work concludes with both scenario-specific and general strategic recommendations, providing MOME with actionable insights to ensure resilient operations through 2030.";"Incluido"
"W3085608704";NA;"Long term role of Swiss hydropower from an energy systems and market perspective. Zukunftspotenzial der Schweizer Wasserkraft durch Synergien im Energiesystem und Markt Perspektiven";"DORA PSI (Paul Scherrer Institute)";2018;"Martin Densing; Ramachandran Kannan; Evangelos Panos; Tom Kober";NA;"Term (time); Perspective (graphical); Hydropower; Economics; Engineering; Mathematics";"report";0;NA;"Incluido"
"W4415711189";"10.1080/24694452.2025.2570832";"A Tale of Two Energy Crises: Between a Neoliberal Policy Paradigm and Electro-Capitalism";"Annals of the American Association of Geographers";2025;"Gareth Fearn";"GB";"Political economy; Political science; Energy (signal processing); Economics; Neoliberalism (international relations); Energy policy";"article";0;"The energy crisis, from 2021 onward, has driven inflation and led to major reforms of energy policy. States in the Global North are increasingly moving away from neoliberal policies, introducing more strategic state coordination to “switch” capital investment into low-carbon electrical power systems. This article analyzes the energy crisis through the lens of the electricity capital accumulation, focusing on Great Britain, to show how the price crisis in Europe was an upward redistribution of wealth through the power system. It does so through a novel conceptualization of the circuit of electricity capital and how decarbonization is slowly shifting the accumulation regime for electricity to longer term time horizons while maintaining upward wealth redistribution. The article argues that the energy crisis marks a change in the accumulation regime from one that tended toward the underproduction of low-carbon energy to one contending with overaccumulation without devaluation in electricity capital. Absent greater public coordination and discipline for capital, overaccumulation is creating political instability and states are searching for a new accumulation regime for an “electro-capitalism” primarily organized around electricity capital rather than fossil capital.";"Incluido"
"W2913826088";NA;"The Intersection of the Environment and Niche Technology: A Cross-Jurisdictional Analysis of the Integration of Energy Storage Technologies in North America";"York University Digital Library (York University)";2017;"Amanda Gelfant";NA;"Niche; Intersection (aeronautics); Geography; Computer science; Cartography; Ecology";"other";0;"The purpose of this paper is to identify regulatory and market barriers to energy storage as a model for the adoption of future sustainable energy technologies in Ontario. This paper examines current barriers and makes recommendations for increased sustainable energy technologies, such as storage, in Canadian markets. Utilizing the Multi-Level Perspective theoretical framework, this paper deconstructs the current state of energy storage technology in North America. An agnostic energy storage technological overview is provided to offer an understanding of where the technology is today and how quickly it is advancing. Three cross-jurisdictional storage markets are reviewed: Ontario, Alberta, and California, along with the American Federal agency, FERC. Each jurisdiction examined is evaluated by highlighting the key regulatory bodies along with the market rules and structures that currently apply to storage. Finally, the paper concludes with a policy overview, a view on the role of consumer engagement, and recommendations for adoption of new energy technologies. The recommendations are offered as a result of the comparative analysis conducted, interviews with energy professionals in Ontario, and a legal and policy review along with a literature review. While it is concluded that major barriers presently exists for energy storage in North America, the paper finds that major transformations are occurring resulting from pressure from consumers and the need to combat climate change.";"Incluido"
"W7116586493";NA;"Europe's electricity capacity mechanisms need to be better coordinated";"Econstor (Econstor)";2025;"Pär Holmberg; Christoph Maurer; Monika Morawiecka; Fabien Roques; Georg Zachmann";"SE";"Electricity; Business; Scarcity; Investment (military); Industrial organization; Environmental economics";"report";0;"A growing number of European governments believe that guaranteeing adequate energy supplies requires specific 'capacity mechanisms' to compensate power plants for their availability, not solely for electricity generation. Capacity mechanisms appear set to become a permanent feature of electricity market design across much of Europe. However, poorly coordinated national capacity mechanisms could undermine consumer gains from the expansion of interconnectors and years of progress in coupling Europe's power markets. A patchwork of capacity mechanisms developed according to national preferences would erode predictability for market participants, undermine investment efficiency and weaken competition. Improving the design of capacity mechanisms and, in particular, their cross-border coordination is thus important to prevent potential distortions from spilling over to other energy market segments, which would hinder scaling up of efficient solutions for secure, affordable and sustainable electricity supplies in Europe. Conversely, joint or closely coordinated capacity mechanisms at regional level that allow access to neighbours' portfolios will increase security of supply and save money for households and industry. Coordinating or joining up national capacity mechanisms is politically and technically challenging. EU countries prefer to retain sovereignty over their electricity mixes and adequacy levels, and national policymakers baulk at solutions perceived as sending consumers' money abroad or as financing domestic capacity that ends up addressing adequacy shortfalls elsewhere. Technically, coordinating capacity mechanism design and ensuring confidence in delivery of power across borders in times of scarcity is an important prerequisite. Harmonising the commitments traded in national capacity mechanisms or creating interfaces between very different mechanisms is complex. Overcoming such inefficiencies requires high-level political commitment to compromise, including on rules for energy sharing during scarcity, cost-sharing, cross-border compatibility of capacity mechanisms and credible institutions that can perform regional adequacy assessments and enforcement. Compromise must emerge through a political process that builds trust among stakeholders. The EU could make approval of national capacity mechanisms conditional on engagement in regional coordination. Done right, this could reduce the cost of securing adequate capacities, reinforce the internal electricity market and strengthen broader energy-policy coordination across borders.";"Incluido"
"W7164854033";"10.17863/cam.131214";"Caps-And Floors For Long Duration Storage and Firming: Contract Design Under Risk and Price Asymmetry";"Apollo (University of Cambridge)";2026;"F. Billimoria; P. Simshauser";NA;"Economics; Hedge; Valuation (finance); Deferral; Forward contract; Finance";"report";0;"This article examines the design and valuation of cap-and-floor hedge contracts in hybridised electricity markets, with a focus on their interaction with merchant price risk and project finance structures. Cap-and-floor or 'collar' mechanisms have emerged as a prominent policy instrument to support long-duration storage and firming investment by enhancing project bankability. We show that when investments are financed under leveraged project finance constraints, the value of a profit -sharing collar contract is driven primarily by its ability to truncate left-tail revenue risk rather than its risk -neutral fair value. As a result, collars are likely to be provided to investors at prices that differ materially from actuarial fair valuations in order to meet financing requirements. Incorporating imperfect foresight and empirically calibrated heavy-tailed price forecast errors, we demonstrate that downside dispersion plays a central role in determining debt sizing and investment incentives. Moreover, by examining re-contracting potential, we find the presence of centrally provided profit -sharing collars may materially reduce participant incentives to participate in forward derivative markets, weakening one of the commonly cited advantages of the structure. Overall, it emphasises the importance of transparent contract valuation and careful hedge market design in hybridised electricity markets.";"Incluido"
"W3121486375";"10.17863/cam.33796";"Strategic behaviour in a capacity market? The new Irish electricity market design";"RePEc: Research Papers in Economics";2018;"Juha Teirilä; Robert A. Ritz";NA;"Common value auction; Procurement; Electricity market; Market power; Industrial organization; Renewable energy";"preprint";0;"The transition to a low-carbon power system requires growing the share of generation from (intermittent) renewables while ensuring security of supply. Policymakers and economists increasingly see a capacity mechanism as a way to deal with this challenge. Yet this raises new concerns about the exercise of market power by large players via the capacity auction. We present a new modelling approach that captures such strategic behaviour together with a set of ex ante empirical estimates for the new Irish electricity market design (I-SEM) – in which a single firm controls 44% of generation capacity (excluding wind). We find significant costs of strategic behaviour, even with new entry: In our baseline scenarios, procurement costs in the capacity auction are around 150-400 million EUR (or 40-100%) above the competitive least-cost solution. From a policy perspective, we also examine how market power can be measured and mitigated through auction design.";"Incluido"
"W2592124607";NA;"Analysis of market incentives on power system planning and operations in liberalised electricity markets";"Durham e-Theses (Durham University)";2016;"Meng Xu";NA;"Flexibility (engineering); Emulation; Electricity market; Electric power system; Computer science; Electricity generation";"dissertation";0;"The design of liberalised electricity markets (e.g., the energy, capacity and ancillary service markets) is a topic of much debate, regarding their ability to trigger adequate investment in generation capacities and to incentivize flexible power system operation. Long-term generation investment (LTGI) models have been widely used as a decision-support tool for generation investments and design of energy policy. Of particular interest is quantification of uncertainty in model outputs (e.g., generation projections or system reliability) given a particular market design while accounting for uncertainties in input data as well as the discrepancies between the model and the reality. Unfortunately, the standard Monte Carlo based techniques for uncertainty quantification require a very large number of model runs which may be impractical to achieve for a complex LTGI model. In order to enable efficient and fully systematic analysis, it is therefore necessary to create an emulator of the full model, which may be evaluated quickly for any input and which quantifies uncertainty in the output of the full model at inputs where it has not been run. The case study shows results from the Great Britain power system exemplar which is representative of LTGI models used in real policy processes. In particular, it demonstrates the application of Bayesian emulation to a complex LTGI model that requires a formal calibration, uncertainty analysis, and sensitivity analysis. In power systems with large amounts of variable generation, it is important to provide sufficient incentives for operating reserves as a main source of generation flexibility. In the traditional unit commitment (UC) model, the demand for operating reserves is fixed and inelastic, which does not reflect the marginal value of operating reserves in avoiding the events of load shedding and wind curtailment. Besides, the system-wide reserve constraint assumes that the operating reserve can be delivered to any location freely, which is not true in real-world power system operations. To recognize the value and deliverability of operating reserves, dynamic zonal operating reserve demand curves are introduced to an enhanced deterministic UC model for co-optimizing the day-ahead schedules for energy and operating reserves. In the case study on the RTS-73 test system, comparisons are made between the choices of reserve policies (e.g., single, seasonal or dynamic zones) and of different reserve zonal partitioning methods. Results suggest that the enhanced deterministic UC model produces on average lower operational cost, higher system reliability and higher energy and reserve revenues than the traditional one. Finally, we discuss future directions of methodological research arising from current energy system challenges and the computer models developed for better understanding of the impacts of market incentives on power system planning and operations.";"Incluido"
"W4407830354";"10.1007/s12667-025-00722-x";"Modelling and understanding regulatory fit";"Energy Systems";2025;"Ann van Ackere; Erik R. Larsen";"CH; DK";"Computer science";"article";0;"Abstract Understanding how regulatory interventions shape electricity markets is essential. We posit that regulation is a behavioural adaptive process, influenced by internal and external forces. We develop a system dynamics model to explore the interdependencies between regulators' reactivity, their willingness to initiate major regulatory overhauls, and market reactivity. This creates an improved understanding of the behavioural aspects of regulation, thereby putting regulators in a better position to avoid misfits often observed in the regulation of infrastructure. The model highlights the dilemma regulators face when deciding when and how to intervene. While frequent regulatory changes are detrimental, creating a constant level of uncertainty, opting for fewer, larger, changes increases the volatility of the uncertainty perceived by the market participants. The former seems preferable, with a constant level of moderate uncertainty becoming a new normal: market participants can learn to work in this environment, without having to worry about large unpredictable changes. This stylised model thus provides a better understanding of the problems facing regulators, both in the electricity sector and in other regulated industries characterised by significant lags between a changing reality and the regulatory consequences.";"Incluido"
"W2881247878";NA;"A Regional Electricity Hub for Energy Transitions";"UWSpace (University of Waterloo)";2018;"Burak Guler";NA;"Electricity; Energy (signal processing); Environmental science; Engineering; Physics; Electrical engineering";"dissertation";0;"The transition to a low-carbon energy economy will remain a cornerstone of national energy policies of countries committed to the climate change accord for decades to come. We highlight the need for transmission investment as one key policy instrument among others to achieve an energy economy with lower dependence on fossil fuels. We propose an enhanced role for investing in transmission capacity in support of large-scale inter-regional electricity trade to allow effective fuel switching among countries through a physically connected transmission system and functioning markets. A conceptual framework of Regional Energy Hubs REH is proposed. The cost minimization model for the transmission investment strategy integrates the:&#13;\n&#13;\n1. key geopolitical parameter for countries that are geographically close in a region but under different political jurisdictions, judged as stable and receptive to firm trading arrangements,&#13;\n2. economic parameter related to the fuel mix where the differences in a country's supply and demand characteristics are significant enough to allow mutual benefits to be realized through cost reduction,&#13;\n3. environmental parameter linked to a country's carbon intensity that could benefit from the resources of a neighboring jurisdiction with lower intensities, and&#13;\n4. financial parameter for each country within a region capable of attracting investment capital for a common interest project.&#13;\n&#13;\nThe proposed REH is an innovative framework that is the basis for a cost-effective but environmentally beneficial strategy for integrating the energy supply mix of several countries. The countries are geographically contiguous but operate as different jurisdictions with diverse geopolitical, economic, environmental, and financial constraints. For a regional energy hub, the transmission capacity investments act as one of the key policy instruments allowing recognition of the REH interconnectors as the links. We have applied the REH Framework for two case studies: one in developing markets in South-Eastern Europe and a developed market in the North American context.&#13;\n&#13;\nIn the first case study, we have utilized the REH Framework's geopolitical parameter to select a set of countries with developing markets to form a regional electricity hub and applied an economic dispatch model to minimize generation costs and reduce GHG emissions simultaneously in the newly formed REH's total energy fuel mix. The preliminary results for this case study indicated that the total cost minimization approach for the region results in a net benefit in favor of the transmission investment. The REH enables transmission capacity to achieve reduced cost generation and emissions by physically interconnecting markets in a predefined region, essentially enabling fuel switching of carbon-based power generation. &#13;\n&#13;\nIn the second case study, we have utilized the REH Framework's financial parameter for a developed market, e.g., the PJM's capacity market, to identify the potential value of interconnectors by employing a financial option theory to value capacity options between a generation and an interconnector. Results of our analysis for the existing and planned projects provide strong evidence of the value of transmission capacity as an option within the REH Framework and points to a pathway to achieve decarbonization at lower costs across a region instead of focusing only on investments in generation capacity. &#13;\n&#13;\nFollowing ratification of the Paris 2015 Climate Change Accord, all national governments are committed to a reduction of GHG within their jurisdictions. This puts a premium on the identification of practical and cost-effective pathways for achieving the national targets for reducing GHG within a regional context. The case studies demonstrate the critical role of a REH in delivering tangible benefits through interconnectors that would otherwise not be achievable if each country’s energy system was isolated from its contiguous neighbors. &#13;\n&#13;\nThe REH allows integration of a diverse mix of generation supply of different countries to yield maximum financial value and GHG reduction potential through transmission interconnectors. To enable the transition to a low carbon energy system of the future, REH's offer an expedient pathway through the development of transmission interconnection capacity consistent with geopolitical, environmental and financial criteria developed here.";"Incluido"
"W3199407473";"10.2312/iass.2017.012";"The Organisation of an Electricity Sector based on Renewables. A Delphi Study";"Publication Database GFZ (GFZ German Research Centre for Geosciences)";2017;"Patrick Matschoss; Armin Haas";"DE";"Electricity; Renewable energy; Business; Delphi method; Delphi; Natural resource economics";"article";0;"How could the electricity sector be organised in order to make very high shares of renewable electricity generation (80–100%) feasible? How would this affect the energy market? What implications would it have for market regulation? A range of experts participated in this Delphi study.";"Incluido"
"W4414700271";"10.1016/j.euroecorev.2025.105158";"Efficient forward trade fosters innovation, investment, and resiliency";"European Economic Review";2025;"Peter Cramton; Axel Ockenfels";"DE; US";"Common value auction; Economics; Industrial organization; Investment (military); Electricity; Resilience (materials science)";"article";0;"We propose a forward energy market design for Germany's electricity sector as an alternative to traditional capacity mechanisms. Drawing on two decades of U.S. experience, we point out the disadvantages of centralized capacity auctions and decentralized capacity obligations. Our forward energy market design enables transparent trading of granular energy products up to 48 months in advance through hourly batch auctions. In this design, load-serving entities have purchase obligations that increase from 0% to 100% of the realized load as the delivery date approaches. Unlike traditional capacity markets, which perpetuate spot market inefficiencies, our mechanism strengthens price signals, improves risk management, and enhances system resilience by providing efficient price discovery and clear investment signals. It also offers a robust, no-regret pathway to fostering innovation and demand flexibility, which are crucial for the energy transition.";"Incluido"
"W4402686504";"10.2139/ssrn.4962437";"System and Private Values of Demand Response: Insights for Mass Deployment";"SSRN Electronic Journal";2024;"Julien Ancel; Olivier Massol";"FR; GB";"Software deployment; Business; Natural resource economics; Economics; Computer science; Operating system";"preprint";0;NA;"Incluido"
"W7117248840";"10.30574/gjeta.2022.11.3.0104";"Governance of electricity markets under decentralized generation, storage technologies, and smart grid regulation frameworks worldwide";"Global Journal of Engineering and Technology Advances";2022;"Idara Andy";NA;"Smart grid; Prosumer; Corporate governance; Electricity market; Business; Tariff";"article";0;"Electricity markets worldwide are undergoing profound structural change driven by the rapid deployment of decentralized generation, advanced storage technologies, and smart grid systems. From a broad governance perspective, these developments challenge the traditional centralized utility model and require new regulatory approaches to ensure efficiency, reliability, equity, and system security. Market governance is increasingly shaped by the interaction between digitalization, prosumer participation, flexible demand, and real-time system management, redefining the roles of regulators, system operators, and market participants. This study examines the governance of electricity markets under decentralized energy architectures, with particular emphasis on the regulatory implications of distributed renewable generation, energy storage integration, and smart grid frameworks. It analyses how contemporary governance models address issues such as market access, tariff design, data governance, interoperability standards, and coordination between transmission and distribution system operators. The study highlights how regulatory instruments including grid codes, flexibility markets, peer-to-peer trading rules, and incentive-based regulation are being adapted to accommodate bidirectional power flows and decentralized decision-making while maintaining system stability. Through a comparative assessment of international regulatory frameworks, the analysis identifies divergent approaches to balancing innovation with oversight, particularly in relation to consumer protection, cybersecurity, and investment incentives. The paper further narrows its focus to the governance challenges posed by storage technologies, which blur the boundaries between generation, consumption, and network services, complicating market classification and remuneration structures. Smart grid regulation is examined as a critical enabler of decentralized markets, facilitating real-time monitoring, automation, and data-driven coordination across the electricity value chain. The findings suggest that effective governance of decentralized electricity markets depends on adaptive regulation, institutional coordination, and regulatory clarity that evolves alongside technological change. The paper contributes to global policy discourse by outlining governance principles capable of supporting resilient, efficient, and participatory electricity markets in the transition toward low-carbon energy systems.";"Incluido"
"W7132071512";NA;"Integration of nuclear energy in the energy system. Scenario analysis for the Dutch energy system";"TNO Repository";2025;"M.J.J. Scheepers; N. Martin Gregorio; RJ Béres; J.P.M. Sijm; A. Fattahi; J.S. Giraldo Chavarriaga; A. Kooiman; S. Gamboa Palacios; G. van Oudenaren; A. Grutter; J. Oving; S. Iovanovici";NA;"Nuclear power; Electricity; Renewable energy; Electricity generation; Environmental economics; Electricity retailing";"report";0;"Nuclear energy can contribute to a future sustainable energy system in the Netherlands. Research conducted by TNO and NRG PALLAS explored how nuclear energy might be integrated into the energy system. The findings suggest that, in pursuit of a climate neutral energy system with the lowest societal costs, there is a possible viable role for both large-scale nuclear power plants (NPPs) and small modular reactors (SMRs). Large NPPs offer the advantage of diversifying electricity generation alongside renewable sources like wind and solar. Additional electricity can support further electrification of the energy system, leading to greater overall cost efficiency. SMRs, on the other hand, are particularly promising for supplying industrial heat. However, the attractiveness of new nuclear plants depends on several uncertainties, such as investment costs, future electricity demand, and the dynamics of electricity and hydrogen imports and exports. From an electricity market perspective, this study finds that integrating nuclear energy into the generation mix lowers average electricity prices. However, at these price levels, revenue generated is insufficient to offset the investment costs of nuclear power plants, making additional financial support necessary. The study also examined the implications of expanding nuclear capacity for the Netherlands’ nuclear infrastructure. An increase in nuclear power capacity will affect both the demand for nuclear fuel and nuclear waste management effort.";"Incluido"
"W7151749866";"10.70675/1884da10zdec4z4a4fz9916z147e9bd352af";"Powering the Future : the Decarbonization of the Electricity Industry under Uncertainty";NA;2024;"Alicia Bassière";NA;"Humanities; Political science; Economics; Welfare economics; Electricity; Economy";"dissertation";0;"Eclairer le futur : la décarbonation de l'industrie de l'électricité dans un contexte d'incertitude Cette thèse étudie l'intégration de l'incertitude dans la modélisation des investissements de long terme dans l'électricité, en se concentrant sur les politiques publiques favorisant la transition vers une électricité décarbonée. Elle se divise en deux axes principaux : la modélisation probabiliste des investissements et l'analyse de politiques publiques, à travers des cas stylisés inspirés de la transition énergétique allemande.Le premier chapitre propose un modèle probabiliste centralisé pour l'investissement sous incertitude, incluant des chocs extrêmes. Ce modèle évalue les impacts de politiques comme la taxe carbone et les cibles renouvelables sur les coûts, les émissions et les risques de défaillance. Il démontre que les approches déterministes peuvent, face à des chocs, accroître les coûts de l'électricité et les émissions de CO2.Le deuxième chapitre utilise un modèle de jeux à champs moyen pour analyser les décisions d'entrée et de sortie des producteurs d'électricité. Ce modèle innove en intégrant des éléments tels que l'âge des centrales et le prix des combustibles. Il montre l'équivalence entre planification centralisée et marché décentralisé, permettant une étude approfondie des politiques. Les simulations révèlent que la taxe carbone et les subventions sont efficaces, mais leur combinaison reste la plus optimale pour la décarbonation, malgré une hausse des prix liée au gaz à long terme.";"Incluido"
"W7155196014";"10.3390/en19092026";"Second-Life EV Batteries in Stationary Storage: Techno-Economic and Environmental Benchmarking vs. Pb-Acid and H2";"Energies";2026;"Plamen Stanchev; Nikolay Hinov";"BG";"Environmental economics; Benchmarking; Photovoltaic system; Tariff; Sizing; Renewable energy";"article";0;"Stationary energy storage (SES) is increasingly needed to integrate variable renewable generation and improve consumer self-consumption, but technology choices involve associated trade-offs between cost, efficiency, and life-cycle impacts. This study evaluates the role of second-life lithium-ion (Li-ion) batteries repurposed from electric vehicles for stationary applications, compared to lead-acid (Pb-acid) batteries and power-to-hydrogen-to-power (PtH2P) systems. We develop an optimization-based sizing and dispatch framework using measured PV–load profiles and hourly market electricity prices, and evaluate performance per 1 MWh delivered to the load over a 10-year life cycle. Economic performance is quantified through discounted cash flows equal to levelized cost of storage (LCOS), while environmental performance is assessed through life-cycle metrics with explicit representation of recycling and second-life credits. In addition to global warming potential (GWP), the analysis considers additional resource and impact metrics, as well as key operational efficiency metrics, including bidirectional consumption efficiency, autonomy, and share of self-consumption/export of photovoltaic systems. Scenario and sensitivity analyses examine the impact of policy and financial parameters, in particular feed-in tariff remuneration and discount rate, on the comparative ranking of technologies. The results highlight how circular economy pathways, especially second-life distribution for Li-ion batteries and high end-of-life recovery for lead-acid batteries, have a significant impact on the life-cycle burden for delivered energy, while market-driven conditions for dispatching and export activities shape economic outcomes. Overall, the proposed workflow provides a transparent, circularity-aware basis for selecting stationary storage technologies associated with photovoltaic systems, under realistic operational constraints.";"Incluido"
"W3133971354";"10.1016/j.eneco.2021.105799";"Interdependencies between countries in the provision of energy";"Energy Economics";2022;"Doina Radulescu; Philippe Sulger";"CH";"Fossil fuel; Economics; Natural resource economics; Production (economics); Interdependence; Energy security";"article";0;"Many economies are concerned with the future security of electricity supply. This is rooted in the necessity to decarbonise energy systems and in the nuclear phase-out. Hence, some economies, instead of investing in own domestic energy capacity, rely on energy production by their neighbours. At the same time, countries claim to drastically cut back their fossil fuel energy production. Yet, they increasingly depend on fossil fuel energy imports from abroad. To analyse these interdependencies we employ data for 17 European countries from 1978 to 2017. We first examine how countries respond to changes in energy capacity investment by countries in the vicinity. Using spatial econometric models we find a negative relationship between countries’ investment in energy capacities. Second, we use fixed effects and instrumental variable estimators as well as an event study framework to analyse the link between domestic fossil energy production and imports. Our results reveal that a decline in domestic fossil energy production is associated with increasing fossil energy imports, suggesting that countries partially substitute one for the other.";"Incluido"
"W4250663368";"10.4337/9781800370371.00020";"References";"Edward Elgar Publishing eBooks";2021;"Steven Fries";NA;"Computer science";"paratext";0;NA;"Incluido"
"W7172222615";"10.2139/ssrn.7138778";"Electricity Contracts and Regulation with Imperfect Capital Markets";"SSRN Electronic Journal";2026;"Khalil Helioui; Simon Quemin; Charles Weymuller";"FR; DE";"Stylized fact; Imperfect; Investment (military); Portfolio; Electricity; Business";"preprint";0;NA;"Incluido"
"W2100678980";"10.1184/r1/6723224";"Stratum Electricity Markets: Toward Multi-temporal Distributed Risk Management for Sustainable Electricity Provision";"KiltHub Repository";2012;"Zhiyong Wu";"US";"Electricity; Business; Electricity system; Natural resource economics; Electricity market; Electricity retailing";"dissertation";0;"Motivated by the overall challenge of ensuring long-term sustainable electricity service, we view this challenge as a long-term decision making problem under uncertainties. We start by recognizing that, independent of the industry organization, the uncertainties are enormous and often exogenous to the energy service providers. They are multi-dimensional and are result of fundamental drivers, ranging from the supply side, through the demand side, to the regulatory and policy sides. The basic contribution of this thesis comes from the recognition that long-term investments for ensuring reliable and stable electricity service critically depend on how these uncertainties are perceived, valued and managed by the different stakeholders within the complex industry organization such as the electric power industry. We explain several reasons why price signals obtained from current short-term electricity markets alone are not sufficient enough for long-term sustainable provision. Some enhancements are presented in the thesis to improve the short-term electricity market price signals to reflect the true cost of operation. New market mechanisms and instruments are needed to facilitate the stakeholders to better deal with long-term risks. The problems of ensuring long-term stable reliable service in the sense of the traditional resource adequacy requirements are revisited in both the restructuring industry and regulated industry. We introduce a so-called Stratum Electricity Market (SEM) design as the basic market mechanism for solving the problem of long-term reliable electricity service through a series of interactive multi-lateral market exchange platforms for risks communication, management and evaluations over various time horizons and by the different groups of stakeholders. In other words, our proposed SEM is a basic IT-enabled framework for the decision making processes by various parties over different time. Because of the uniqueness of electricity as a commodity, the values for the same amount of energy during different time and at different location can vary dramatically. Moreover, for the same hour, the values for the same amount of power at base load level or at peak load level are different due to the different generation technologies and other non-convex constraints like unit commitment. The multiple market products at zonal/nodal levels with different time horizon and time of use categories are designed to reflect more realistic demand and supply conditions at various temporal and spatial granularities. Detailed market rules, rights and regulations (3Rs) concerning the sub-markets interactions, product hierarchy and financial settlements are also examined.";"Incluido"
"W3131299405";"10.1186/s42162-019-0098-7";"Modeling Approach for Thermal Dependencies in Complex Industrial Energy Supply System";"TUbilio (Technical University of Darmstadt)";2019;"Thomas Kohne; Becker, Aron; Thomas Weber; Niklas Panten; Eberhard Abele";NA;"Model predictive control; Modular design; Computer science; Linear programming; Production (economics); Energy consumption";"article";0;"Rising digitization in industrial production sites and processes o ers the opportunity to implement optimization approaches for operational strategies of decentralized energy supply systems (DESS). Current model-based approaches like mixed integer linear programming (MILP) often neglect modeling temperature dependencies and thermal inertia in complex thermal grids in production sites. In this paper a modular MILP model is presented in a model predictive control (MPC) approach which integrates temperature dependencies and thermal inertia in complex DESS. The validation by simulation shows that the approach manages to map thermal dependencies successfully and reduce energy consumption and cost of the DESS by optimizing temperature levels. Hence the approach enables a stable optimized control of complex DESS.";"Incluido"
"W3026409641";"10.1186/s42162-019-0098-7";"Funergy, a hybrid game for energy awareness";"Virtual Community of Pathological Anatomy (University of Castilla La Mancha)";2019;"Piero Fraternali; Spartaco Albertarelli; Sergio Luis Herrera González";NA;"Computer science";"article";0;"In this demo we present FUNERGY, a hybrid game, consisting of a card game enhanced with a digital mobile application. FUNERGY aims at promoting energy knowledge and awareness in children and their family, integrating best practices of board and digital game design. Attendees will play a round with the game designers and learn the principles at the base of the construction and evaluation of the game.";"Incluido"
"W4416410942";"10.1016/bs.hesecc.2026.02.003";"The economics of climate innovation: technology, climate policy, and the clean energy transition";"Elsevier eBooks";2026;"Eugenie Dugoua; Jacob Moscona";"GB; US";"Clean technology; Climate change; Clean energy; Natural resource economics; Frontier; Climate policy";"book-chapter";0;NA;"Incluido"
"W7112717792";NA;"Scenarios for the future of European Union environmental directives and regulations and their implications for the European real estate sector - exploring risks, opportunities and strategies for MOME - broken foundations scenarios";"New University of Lisbon's Repository (New University of Lisbon)";2024;"Fratila, Andrei Razvan";NA;"European union; Futures studies; Work (physics); Real estate; Workforce; Realisation";"dissertation";0;"This work project applies the Intuitive Logics School to explore the future of EU environmental policies and their impact on the European real estate sector until 2030. Through a combination of interviews with EU employees, foresight experts, and industry leaders, as well as a collaborative workshop with MOME, the study analyzes plausible developments and their implications for market dynamics and regulatory adaptation. By addressing uncertainties such as ‘Supply Chain Stability’ and ‘Qualified Workforce Availability’, four scenarios are developed to enhance the sector’s preparedness for upcoming challenges. The work concludes with both scenario-specific and general strategic recommendations, providing MOME with actionable insights to ensure resilient operations through 2030.";"Incluido"
"W2512165900";"10.13140/rg.2.1.4103.1288";"Elmarknadens omvandling - Reglering, vägval och drivkrafter för elsystemets utveckling till 2050";"Lund University Publications (Lund University)";2016;"Max Åhman";NA;"Business administration; Political science; Humanities; Philosophy; Business";"book";0;"Elsystemet står inför en stor förändring som kommer av omställningen till ett utsläppsfritt samhälle. Elsystemet är en central del av vår samhälleliga infrastruktur och dess utveckling har till stor del styrts av politiska beslut även om marknaden fått allt större utrymme sedan 1990-talet. Stora tekniska system utvecklas alltid i samklang med samhällets institutioner där samhällets ramar och regleringar både anpassas efter tekniken och påverkar vilken teknik som utvecklas. Dagens omställning är ett tydligt exempel på detta. Rapporten tar som utgångspunkt att vi 2050 ska ha ett utsläppsfritt energisystem och analyserar från det hur elsystemet kan förändras och vilka krav detta ställer dels på samhällets institutioner i form av stöd till utveckling, reglering av marknadsregimer m.m. och dels på nya affärsmodeller hos marknadens aktörer såsom elbolag, energitjänsteföretag m.fl. Ett framtida elsystem utan CO2 utsläpp kan utvecklas efter tre principiellt olika (men inte uteslutande) spår; (i) centraliserat, storskaligt med fossil energi med CCS eller kärnkraft; (ii) centraliserat, storskaligt förnybart med vind- och solkraftparker; eller ett (iii) decentraliserat förnybart system med kraftverk i mindre skala. Dessa tre spår kommer att kräva olika marknadslösningar och regleringar. Graden av centralisering/decentralisering och skalan på produktionsanläggningarna är de viktigaste parametrarna. I dagsläget styr klimat- och energipolitiken inom EU mot ett system byggt på förnybar variabel el som har helt annan karaktär jämfört med det system som byggdes upp under 1900-talet baserat på stora reglerbara och centrala kraftverk. Ett förnybart elsystem ställer stora krav på både elbolag och regleringar som behöver anpassas efter den nya tekniken. Utvecklingen av elsystemet hittills har formats av den övergripande klimat- och energipolitiken och valet står nu mellan att bejaka en fortsatt förändring mot ett mer decentraliserat elsystem eller att bevara den existerande strukturen med stora centrala kraftverk. Samhället kan inte vara teknikneutralt i den här utvecklingsprocessen. Det framtida elsystemets tekniska utformning kommer att definieras av de strategiska val samhället gör i utformning av regler och styrmedel. Att det är mer än bara klimatmål som styr politiskt märks tydligt inom EU om man jämför medlemsländernas och EU-kommissionens respons på utmaningarna hittills. Oavsett vilka val som görs står det dock klart att elsystemets i framtiden kommer ha betydligt större fokus på distributionsdelen och på användarna jämfört med idag.";"Incluido"
"W3013346067";"10.36640/mjeal.9.1.uncovering";"Uncovering Wholesale Electricity Market Principles";"Michigan Journal of Environmental & Administrative Law";2020;"Michael Panfil; Rama Zakaria";"US";"Commission; Market power; Statutory law; Revenue; Industrial organization; Business";"article";0;"This paper examines, enunciates, and makes explicit a set of market principles historically relied upon by the Federal Energy Regulatory Commission (FERC) to regulate wholesale electricity markets as required under the Federal Power Act (FPA). These identified competitive market principles are supported by policy and legal foundations that run through a myriad of FERC orders and court decisions. This paper seeks to make that history and those implicit market principles explicit by distilling and organizing Commission Orders and court decisions. It concludes that five market principles, each with multiple subprinciples, can be identified as elemental to how FERC understands and implements its statutory authority. Clear articulation of these foundational principles should help guide engaged entities as wholesale power markets continue to evolve. Market Principle 1 states that wholesale market revenues should predominantly flow from well-designed energy and ancillary services markets. Market structures generally are found to be preferable to non-market structures. Moreover, energy and ancillary services markets, in relationship to wholesale capacity markets, are better able to efficiently promote a least-cost resource. Market Principle 2 states that when altering market design, FERC and Independent System Operators (ISOs) should focus on only those services that are clearly needed, and ensure that any market design change does not unduly discriminate between resources. Market design changes focused on technology-neutral and well-defined granular services will help ensure that the design change does not lead to undue discrimination or preference that effectively favors certain resources. When such an impact still occurs, strong evidence showing that the rules are not unreasonable and arbitrary and that no non-unduly discriminatory and preferential alternative exists must support the change. Market Principle 3 states that interventions that distort transparent and accurate pricing should be minimized. Out-of-market interventions, in particular, have the potential to distort price signals and undermine competition. Market Principle 4 states that FERC’s just and reasonable standard strongly favors rate decreasing outcomes. Markets are premised on the economic presumption that competition reduces prices, in furtherance of the just and reasonable standard. Market Principle 5 states that FERC and ISOs should facilitate and not undermine state public policy preferences. FERC and ISOs are not well-situated to serve as decision-makers in determining which state public policy preferences should be given effect. State public policy preferences that do not run afoul of FERC’s authority under the FPA should thus be given full effect.";"Incluido"
"W7117584970";"10.3386/w34601";"The Economics of Climate Innovation: Technology, Climate Policy, and the Clean Energy Transition";"National Bureau of Economic Research";2025;"Eugenie Dugoua; Jacob Moscona";NA;"Environmental science; Climate change; Clean energy; Natural resource economics; Clean technology; Energy (signal processing)";"report";0;"This chapter examines the economics of climate innovation and its role in the clean technology transition.It outlines the incentives, market failures, and policy levers that shape the development and diffusion of clean technologies; traces global patterns in technology development and deployment; and highlights frontier challenges and open questions related to climate adaptation, critical mineral supply chains, artificial intelligence, and geopolitics.The analysis explores the role of effective climate policy, stressing the relevance of coordinated approaches that match instruments to technology maturity and local context.";"Incluido"
"W7036749394";NA;"Considérations économiques sur la demande des marchés de l'électricité dans un contexte de transition énergétique";"theses.fr (ABES)";2023;"Cabot, Clément";"FR";"Humanities; Political science; Context (archaeology); Philosophy; Economics; Sociology";"dissertation";0;"Cette thèse complète la littérature existante sur la conception des marchés de l'électricité en se concentrant sur trois aspects majeurs : (i) analyser dans quelle mesure les conceptions actuelles des marchés de l'électricité ont permis l'émergence de la flexibilité de la demande, (ii) étudier les signaux prix à transmettre aux consommateurs dans un système électrique en transition et (iii) évaluer la perte de bien-être due à une coordination imparfaite entre l'offre et la demande dans un contexte d'électrification rapide. Les principaux résultats sont présentés ci-dessous.Premièrement, chaque sous-marché de l'électricité témoigne des contraintes géographiques et temporelles différentes. Si l'intégration de la demande améliore l'efficacité économique de l'ensemble des sous-marchés considérés, chacun nécessite une architecture de marché différente en fonction des objectifs poursuivis. Les cas de la France, de l'Allemagne et de la Pennsylvanie-New Jersey-Maryland, soulignent ainsi que les programmes actuels n'ont pas réussi à établir un cadre stable pour l'intégration de la demande dans les marchés de l'électricité. En outre, bien que le gisement de flexibilité de la demande identifié soit important, son intégration actuelle dans les marchés de l'électricité ne fournit que partiellement les services permettant à terme l'intégration des énergies renouvelables, ou la gestion de crise similaire à celle subie en 2021-2023.Deuxièmement, les tarifs dynamiques existants en France ne fournissent pas des signaux prix adéquats dans un contexte de croissance des énergies renouvelables. En effet, dans la mesure où la production d'énergies renouvelables va déterminer le profil des prix de l'électricité, les tarifs ayant une segmentation horaire fixe perdent progressivement de leur intérêt par rapport aux tarifs plus dynamiques. De fait, les tarifs à pointe mobile constituent une alternative à privilégier afin de réduire les pertes sèches pour les consommateurs. Leur adoption plus large nécessite cependant une flexibilité accrue et des possibilités de couverture de risques pour les consommateurs, sous peine de réduire leur taux d'adoption. En effet, le différentiel de prix entre période de pointe et période creuse est croissant dans les scénarios considérés, augmentant la perception du risque encouru.Troisièmement, le rythme d'électrification industrielle nécessaire pour atteindre les objectifs de décarbonation nécessite une bonne anticipation des prix à terme de l'électricité pour permettre aussi bien la décarbonation de l'offre que l'électrification de la demande. En effet, un scénario d'électrification accélérée qui ne tiendrait pas compte du rythme réalisable de l'augmentation de la production d'électricité risque d'entraîner une perte sèche de bien-être social. En faisant reposer la charge de la décarbonation sur la production d'électricité, la réduction des émissions des industries pourrait engendrer des effets adverses sur le secteur électrique si les investissements ne sont pas coordonnés, résultant par exemple en une hausse des prix de l'électricité ou un accroissement temporaire des émissions de gaz à effet de serre (GES). De fait, le rythme optimal de réductions de quotas d'émissions doit également être évalué à l'aune des investissements nécessaires du côté de la demande. Une réduction accélérée du nombre des quotas risque d'entraîner une perte de bien-être social si les industries ne sont pas en mesure de suivre un rythme similaire de réduction des émissions de GES, si celui-ci dépend de la capacité à s'approvisionner en électricité.";"Incluido"
"W3094110931";"10.2139/ssrn.3140080";"Economizing the Uneconomic: Markets for Reliable, Sustainable, and Price Efficient Electricity";"SSRN Electronic Journal";2018;"Mohammad Rasouli; Demosthenis Teneketzis";"US";"Electricity; Natural resource economics; Business; Economics; Environmental economics; Engineering";"preprint";0;NA;"Incluido"
"W4393176703";"10.70675/2c5e3412z16aez4de7z82c0z546d173a5ad4";"Economic considerations on the demand-side of electricity markets in a context of energy transition";NA;2023;"Clément Cabot";NA;"Demand side; Context (archaeology); Electricity; Energy transition; Transition (genetics); Environmental economics";"dissertation";0;"Considérations économiques sur la demande des marchés de l'électricité dans un contexte de transition énergétique Cette thèse complète la littérature existante sur la conception des marchés de l'électricité en se concentrant sur trois aspects majeurs : (i) analyser dans quelle mesure les conceptions actuelles des marchés de l'électricité ont permis l'émergence de la flexibilité de la demande, (ii) étudier les signaux prix à transmettre aux consommateurs dans un système électrique en transition et (iii) évaluer la perte de bien-être due à une coordination imparfaite entre l'offre et la demande dans un contexte d'électrification rapide. Les principaux résultats sont présentés ci-dessous.Premièrement, chaque sous-marché de l'électricité témoigne des contraintes géographiques et temporelles différentes. Si l'intégration de la demande améliore l'efficacité économique de l'ensemble des sous-marchés considérés, chacun nécessite une architecture de marché différente en fonction des objectifs poursuivis. Les cas de la France, de l'Allemagne et de la Pennsylvanie-New Jersey-Maryland, soulignent ainsi que les programmes actuels n'ont pas réussi à établir un cadre stable pour l'intégration de la demande dans les marchés de l'électricité. En outre, bien que le gisement de flexibilité de la demande identifié soit important, son intégration actuelle dans les marchés de l'électricité ne fournit que partiellement les services permettant à terme l'intégration des énergies renouvelables, ou la gestion de crise similaire à celle subie en 2021-2023.Deuxièmement, les tarifs dynamiques existants en France ne fournissent pas des signaux prix adéquats dans un contexte de croissance des énergies renouvelables. En effet, dans la mesure où la production d'énergies renouvelables va déterminer le profil des prix de l'électricité, les tarifs ayant une segmentation horaire fixe perdent progressivement de leur intérêt par rapport aux tarifs plus dynamiques. De fait, les tarifs à pointe mobile constituent une alternative à privilégier afin de réduire les pertes sèches pour les consommateurs. Leur adoption plus large nécessite cependant une flexibilité accrue et des possibilités de couverture de risques pour les consommateurs, sous peine de réduire leur taux d'adoption. En effet, le différentiel de prix entre période de pointe et période creuse est croissant dans les scénarios considérés, augmentant la perception du risque encouru.Troisièmement, le rythme d'électrification industrielle nécessaire pour atteindre les objectifs de décarbonation nécessite une bonne anticipation des prix à terme de l'électricité pour permettre aussi bien la décarbonation de l'offre que l'électrification de la demande. En effet, un scénario d'électrification accélérée qui ne tiendrait pas compte du rythme réalisable de l'augmentation de la production d'électricité risque d'entraîner une perte sèche de bien-être social. En faisant reposer la charge de la décarbonation sur la production d'électricité, la réduction des émissions des industries pourrait engendrer des effets adverses sur le secteur électrique si les investissements ne sont pas coordonnés, résultant par exemple en une hausse des prix de l'électricité ou un accroissement temporaire des émissions de gaz à effet de serre (GES). De fait, le rythme optimal de réductions de quotas d'émissions doit également être évalué à l'aune des investissements nécessaires du côté de la demande. Une réduction accélérée du nombre des quotas risque d'entraîner une perte de bien-être social si les industries ne sont pas en mesure de suivre un rythme similaire de réduction des émissions de GES, si celui-ci dépend de la capacité à s'approvisionner en électricité.";"Incluido"
"W7110468216";NA;"YEŞİL OLMANIN SERMAYE YATIRIMI İLE İLİŞKİSİ";"OpenMETU (Middle East Technical University)";2024;"Yılmaz, Berna Nisa";NA;"Investment (military); Quantile regression; Economics; Business; Capital (architecture); Econometrics";"dissertation";0;"This thesis investigates the impact of the greenness of a firm on its real capital investments for the NYSE-listed companies between 2002 and 2021. The study measures greenness by adjusting the Environmental component of a firm’s ESG score to reflect industry and market effects. Two distinct methodologies are utilized to examine the relationship between greenness and investment activities. Findings from the dynamic panel regressions indicate that greener firms tend to invest more, irrespective of how greenness is defined. The quantile regression results suggest that firms with lower levels of capital investment are inclined to increase their investments when they are greener, in contrast to those with higher investment levels. The findings corroborate Pastor, Stambaugh, and Taylor’s (2021) prediction that the market will progressively become greener, influenced by the higher levels of capital investment from greener firms compared to less green, or brown, firms.";"Incluido"
"W2489881432";NA;"Pouvoir de marché dans les marchés électriques en Europe : Les cas dans les marchés de gros de l'électricité français et allemand";"theses.fr (ABES)";2015;"Thao Pham";NA;"Humanities; Political science; Art";"dissertation";0;"Les deux derniers siècles ont connu une révolution exceptionnelle dans l'organisation des marchés électriques dans le monde entier. Ainsi, traditionnellement organisé autour de monopoles verticalement intégrés et soumis à la régulation, le secteur électrique connait un processus de réforme et évolue vers une organisation décentralisée qui favorise les mécanismes du marché. Le passage des tarifs régulés à des prix du marché, compte tenu des structures concentrées et les caractéristiques particulières de l'industrie électrique, accroît la possibilité que certaines entreprises puissent manipuler les prix du marché en exerçant leur pouvoir de marché. Les questions de ""pouvoir de marché"" dans un secteur donné ont été abondamment étudiées dans la littérature de l'économie Industrielle depuis la fin des années 1970, mais des études théoriques et empiriques de ""pouvoir de marché dans les marchés électriques"" n'ont été développées que récemment. Dans cette thèse, nous essayons de mener une recherche approfondie autour des questions de pouvoir de marché sur les marchés de gros de l'électricité en Europe. Nous conduisons des études empiriques dans deux des plus grands marchés européens: la France (sur des données 2009-2012) et l'Allemagne (sur des données de 2011), en utilisant des méthodes économétriques et des modèles de simulation des marchés électriques. Le sujet semble pertinent dans la période de transition énergétique en Europe";"Incluido"
"W2926234065";"10.12681/eadd/45019";"Information models and systems for next generation energy markets";NA;2019;"Μαγδαληνή Φώτη";NA;"Blockchain; Data science; Computer science; Computer security";"dissertation";0;"Το δίκτυο ηλεκτρικής ενέργειας θεωρείται το πιο πολύπλοκο σύστημα που έχει κατασκευαστεί από την ανθρωπότητα. Αυτό το σύστημα βιώνει σήμερα μια σημαντική μετάβαση. Μέσω αυτής της μετάβασης πρέπει αντιμετωπιστεί η αυξανόμενη ανάγκη για ενέργεια σε συνδυασμό με το πιεστικό πρόβλημα της κλιματικής αλλαγής. Ο κύριος στόχος της παρούσας διατριβής είναι να αξιοποιήσει τους τρόπους με τους οποίους η ενεργός συμμετοχή, τόσο από πλευράς ζήτησης όσο και από πλευράς προσφοράς, στις αγορές ενέργειας μπορεί να οδηγήσει σε ενεργειακή και οικονομική ισορροπία.Αυτή η διδακτορική διατριβή αφορά στην αξιοποίηση των πρόσφατων εξελίξεων στα Δίκτυα Ηλεκτρικής Ενέργειας, την Ανάλυση Δεδομένων, τη Θεωρία Παιγνίων, το Διαδίκτυο των πραγμάτων και της τεχνολογίας του Blockchain για να σχεδιάσει και να αναπτύξει ένα πρωτότυπο σύστημα που ενσωματώνει τα ακόλουθα επιθυμητά χαρακτηριστικά:1)Ενσωματώνει την επιχειρησιακή λογική σε συσκευές για συμμετοχή σε ανοικτές αγορές ενέργειας χωρίς μεσάζοντες, όπως για συσκευές που καταναλώνουν ενέργεια σε κατοικίες και κατανεμημένες πηγές ενέργειας που συνδέονται σε ένα έξυπνο δίκτυο.2)Παρέχει, μέσω της μηχανικής μάθησης, πληροφορίες για αυτές τις συσκευές που απαιτούνται για την αποτελεσματικότητα και τη σταθερότητα της αγοράς.3)Επιτρέπει την αποκέντρωση της αγοράς σχεδιάζοντας αποτελεσματικούς αλγόριθμους συναίνεσης προσαρμοσμένους στις ανάγκες του ηλεκτρικού δικτύου.4)Ενσωματώνει την ενεργειακή και την οικονομική σταθερότητα όσον αφορά τόσο τους φυσικούς νόμους, που ορίζουν την λειτουργία του δικτύου ηλεκτρικής ενέργειας όσο και τις κοινωνικές δυνατότητες των συμμετεχόντων στην αγορά.Τα πληροφοριακά μοντέλα και συστήματα που σχεδιάστηκαν και υλοποιήθηκαν σε αυτή την εργασία δοκιμάζονται με πειράματα μεγάλης κλίμακας, τα οποία προσομοιώνουν ηλεκτρικά δίκτυα με κατανεμημένη παραγωγή, υψηλή διείσδυση ανανεώσιμων πηγών ενέργειας και ενεργή ζήτηση που ανταποκρίνεται σε σήματα τιμής.";"Incluido"
"W3084027054";"10.33540/48";"When the Sun goes down";NA;2020;"Wouter Schram";NA;"Greenhouse gas; Environmental economics; Photovoltaic system; Electricity; Battery (electricity); Global warming";"dissertation";0;"Anthropogenic global warming poses a great challenge for our society and the earth's ecosystem, and this requires decisive action. Governments around the world have agreed that efforts are required to mitigate anthropogenic climate change. As a large share of anthropogenic greenhouse gas (GHG) emissions is energy-related, modelers agree that both deep decarbonization of electricity generation and fuel switching in end-user sectors play a central role in mitigating the adverse impacts of climate change. In this context, the deployment and integration of photovoltaic (PV) systems in the power system is investigated, as well as the integration of an increasing amount of electric vehicles (EVs) resulting from a switch from vehicles with an internal combustion engine (ICE) to EVs. The economic, technical and environmental potentials of PV coupled with batteries are investigated in three settings: individual home batteries, community batteries and EV batteries.";"Incluido"
"W4415918786";"10.1016/j.epsr.2026.113740";"Simplifying preference elicitation in local energy markets: Combinatorial clock exchange";"Electric Power Systems Research";2026;"S. P. Singhal; Lesia Mitridati";"DK";"Computer science; Transparency (behavior); Interdependence; Electricity market; Product (mathematics); Distributed generation";"article";0;"As distributed energy resources (DERs) proliferate, future power system will need new market platforms enabling prosumers to trade various electricity and grid-support products. However, prosumers often exhibit complex, product interdependent preferences and face limited cognitive capacity, hindering participation in prevailing markets with complex structures and bid formats. We address this challenge by introducing a multi-product market that allows prosumers to express complex preferences through an intuitive format, by fusing combinatorial clock exchange and machine learning (ML) techniques. The iterative mechanism only requires prosumers to report their preferred package of products at posted prices, eliminating the need for forecasting product prices or adhering to complex bid formats, while the ML-aided price discovery speeds up convergence. The linear pricing rule further enhances transparency and interpretability. Finally, numerical simulations demonstrate convergence to clearing prices in approximately 15 clock iterations.";"Incluido"
"W2800317445";NA;"Le marché de capacité français : la place des énergies renouvelables en présence d'incertitude";"theses.fr (ABES)";2018;"Tiphanie Fontaine";NA;"Political science; Humanities; Forestry; Geography; Philosophy";"other";0;"La problematique de cette these porte sur les impacts du marche de capacite francais sur le deploiement des energies renouvelables en presence d'incertitude. Ce marche est mis en place en France dans le but de couvrir les fortes pointes de consommation electrique. Il demande aux fournisseurs d’assurer la consommation de leurs clients lors de ces pointes en achetant des garanties aupres des producteurs d’electricite. Ce mecanisme remunere la capacite disponible durant les periodes de tension entre offre et demande,  et sa valorisation depend de sa contribution a la securite d’approvisionnement. Du fait de leur nature intermittente,  la remuneration des energies renouvelables est plus incertaine que pour les autres moyens de production electrique. Cette these etudie l'adequation entre un objectif de securite d'approvisionnement et un objectif de deploiement des energies renouvelables,  deux visees du gouvernement francais.";"Incluido"
"W1858784079";NA;"Valuation of an advanced combined cycle power plant and its cost of new entry (CONE) into the ERCOT market";"Texas ScholarWorks (Texas Digital Library)";2014;"Jeremy Ronald Zaborowski";NA;"Valuation (finance); Cone (formal languages); Market power; Operations management; Economics; Electrical engineering";"dissertation";0;"The Texas ERCOT market is one of the most open, deregulated electricity markets in the world. This open market brought electricity costs down for Texas residents and businesses, creating a much more competitive economic climate. However, these low prices currently generate insufficient revenue for generators to finance construction of new or replacement generation assets. In the instance of combined cycle advanced natural gas, the Independent Market Monitor 2012 annual report estimated that a plant needed to generate 2.5 times as much as revenue it did in 2012 to incent new generation. This author argues that while the gap is still significant, the continuous changes to the ERCOT market since its inception make an historical examination like that used by the IMM less accurate. New market rules such as price caps or changes in fuel markets through new technologies like hydraulic fracturing create a very different valuation gap than a model based on historical activity alone. This analysis attempts to get a more accurate approximation of the gap through the use of publicly traded futures contracts for natural gas and electricity. Electricity futures reflect market expectations of revenue based on current and future market rules. Gas futures reflect price expectations in light of market changes like fracturing, potential LNG exports, and other changes. Financial positions can be maintained in both markets to give a fixed rate of return. Using this method, one can create a very conservative valuation model that still more accurately reflects market sentiment. This thesis starts with a brief history of ERCOT deregulation from the early 2000s to present in order to clarify for the reader the changes that have taken place in the market. It then demonstrates the futures-valuation model using an advanced combined cycle power plant as an example.";"Incluido"
"W7126064781";"10.2172/3015243";"Commercialization of Pumped Storage Hydropower Technologies";NA;2025;"Office of Renewable Energy. Water Power Technologies Office USDOE Office of Energy Efficiency and Renewable Energy (EERE); Cathy Milostan; Ritu Philip; Gregory Stark; Vladimir Koritarov";"US";"Commercialization; Best practice; Hydropower; Engineering; Engineering management; Business";"report";0;"Argonne National Laboratory and the National Laboratory of the Rockies were tasked by the U.S. Department of Energy’s Water Power Technology Office (WPTO) to conduct the Commercialization of Pumped Storage Hydropower Technologies study to investigate commercialization challenges faced by developers of pumped storage hydropower (PSH) projects and technologies by going beyond literature review to gather direct industry insights, lessons learned and best practices from interviews and webinars with industry specialists to create this report for PSH stakeholders and the general public. Researchers explored key challenges faced by PSH developers and innovators seeking to commercialize new technologies to improve PSH design, siting, construction, and operations. Along with highlighting challenges, the study sought to identify the best practices in developing and deploying new PSH projects and innovations. This report is designed to present insights, lessons learned, and best practices relevant to those with an interest in highlighting, informing, or advancing these PSH commercialization efforts. Along with highlighting challenges and best practices, the study sought to identify avenues by which DOE and national laboratories can help support and streamline PSH commercialization and project development processes.";"Incluido"
"W3162489651";NA;"The structural determinants of carbon prices in the EU-ETS";"HAL (Le Centre pour la Communication Scientifique Directe)";2020;"Anouk Faure";NA;"Emissions trading; Economics; Carbon price; European union; Carbon leakage; Cornerstone";"dissertation";0;"The European Union Emissions Trading Scheme (EU-ETS) is referred to as the cornerstone of the EU's fight against climate change. However, carbon prices delivered have been judged too low and volatile to durably place the economy on a low-carbon trajectory. Price outcomes were largely attributed to a supply imbalance of permits due to external shocks: supply-side reforms, reviewed in a first chapter, were in turn conducted to shield the EU-ETS from them, with limited success.Yet, most prospective analyses of the EU-ETS rest on archetypal models of emission trading, which disregard the inner market structure and fundamentals. Therefore, this dissertation contributes to better understand price formation in the European carbon market by investigating structural drivers of permit prices, appraising their impact on market outcomes and policy design. Motivated by transaction and compliance data, the second and third chapters provide ex-post analyses of the second (2008-2012) and third (2013-2020) trading periods. We find that the market structure is unstable, with consequences on prices and supply-side policies. Our results question the benefits of a carbon price floor to remedy these instabilities, by helping market actors anchor expectations about future carbon prices. A fourth chapter thus conducts a comparative ex-ante analysis of the EU-ETS power sector under three plausible price floor policies. Our results suggest that no such complementary policies are necessary, because of the MSR's ability to quickly cutback on the number of allowances in circulation.";"Incluido"
