"id","doi","title","journal","publication_year","authors","countries","concepts","type","cited_by_count","abstract_text","status"
"W2042679548","10.1109/tpwrs.2015.2412376","Empirical Analysis of the Merit-Order Effect and the Missing Money Problem in Power Markets With High RES Shares","IEEE Transactions on Power Systems",2015,"Marcus Hildmann; Andreas Ulbig; Göran Andersson","CH","Marginal cost; Economics; Tariff; Renewable energy; Wind power; Electricity market","article",80,"An on-going debate in the energy economics and power market community raises the question if energy-...","Incluido"
"W2143968629","","The green game changer: An empirical assessment of the effects of wind and solar power on the merit order","RePEc: Research Papers in Economics",2013,"Veit Böckers; Leonie Giessing; Jürgen Rösch","DE","Renewable energy; Figure of merit; Wind power; Grid parity; Production (economics); Economics","preprint",85,"We estimate the impact of renewable energy sources on the merit order and the wholesale price in Spa...","Incluido"
"W2954315483","10.3390/en12132566","On the Stability of Energy-Only Markets with Government-Initiated Contracts-for-Differences","Energies",2019,"Paul Simshauser","AU","Spot market; Business; Spot contract; Hedge; Forward market; Renewable energy","article",65,"Rising levels of variable renewable energy (VRE) in Australia’s National Electricity Market have bee...","Incluido"
"W2552445594","10.1016/j.eneco.2016.11.018","System integration of wind and solar power in integrated assessment models: A cross-model evaluation of new approaches","Energy Economics",2016,"Robert Pietzcker; Falko Ueckerdt; Samuel Carrara; Harmen Sytze de Boer; Jacques Després; Shinichiro Fujimori; Nils Johnson; Alban Kitous; Yvonne Scholz; Patrick Sullivan; Gunnar Luderer","DE; FR; IT; NL; JP; AT; BE; US","Variable renewable energy; Renewable energy; Computer science; Wind power; Software deployment; Representation (politics)","article",177,"","Incluido"
"W2990482855","10.1016/j.rser.2019.109540","Review of wind generation within adequacy calculations and capacity markets for different power systems","Renewable and Sustainable Energy Reviews",2019,"Lennart Söder; Egill Tómasson; Ana Estanqueiro; Damian Flynn; Bri‐Mathias Hodge; Juha Kiviluoma; Magnus Korpås; Emmanuel Neau; António Couto; Danny Pudjianto; Goran Štrbac; Daniel J. Burke; Tomás Gómez San Román; Kaushik Das; Nicolaos Antonio Cutululis; Dirk Van Hertem; Hanspeter Höschle; Julia Matevosyan; Serafin von Roon; Enrico Maria Carlini; Mauro Caprabianca; Laurens de Vries","SE; PT; IE; FI; NO; FR; GB; ES; DK; BE; DE; IT; NL","Wind power; Renewable energy; Electricity generation; Electricity; Nameplate capacity; Environmental economics","article",82,"The integration of renewable energy sources, including wind power, in the adequacy assessment of ele...","Incluido"
"W2559858966","10.1016/j.rser.2016.11.256","Gas generation and wind power: A review of unlikely allies in the United Kingdom and Ireland","Renewable and Sustainable Energy Reviews",2016,"Joseph Devlin; Kang Li; Paraic Higgins; Aoife Foley","GB","Renewable energy; Wind power; Electricity generation; Natural gas; Energy security; Natural resource economics","article",40,"No single solution currently exists to achieve the utopian desire of zero fossil fuel electricity ge...","Incluido"
"W1952114538","10.1016/j.apenergy.2015.09.090","Least-cost options for integrating intermittent renewables in low-carbon power systems","Applied Energy",2015,"Anne Sjoerd Brouwer; Machteld van den Broek; William Zappa; Wim Turkenburg; André Faaij","NL","Renewable energy; Electric power system; Electricity generation; Environmental science; Reliability engineering; Electricity","article",263,"","Incluido"
"W2038236969","10.1016/j.enpol.2010.08.023","Vertical integration, credit ratings and retail price settings in energy-only markets: Navigating the Resource Adequacy problem","Energy Policy",2010,"Paul Simshauser","","Government (linguistics); Investment (military); Business; Resource (disambiguation); Electricity; Industrial organization","article",46,"","Incluido"
"W2549401932","10.1088/1748-9326/11/11/114010","The role of capital costs in decarbonizing the electricity sector","Environmental Research Letters",2016,"Lion Hirth; Jan Christoph Steckel","DE","Weighted average cost of capital; Cost of capital; Renewable energy; Economics; Carbon price; Greenhouse gas","article",207,"Low-carbon electricity generation, i.e. renewable energy, nuclear power and carbon capture and stora...","Incluido"
"W3146628490","10.1002/wene.398","Wind power costs driven by innovation and experience with further reductions on the horizon","Wiley Interdisciplinary Reviews Energy and Environment",2021,"Philipp Beiter; Aubryn Cooperman; Eric Lantz; Tyler Stehly; Matt Shields; Ryan Wiser; Thomas Telsnig; Lena Kitzing; Volker Berkhout; Y. Kikuchi","US; NL; DK; DE; JP","Horizon; Wind power; Time horizon; Power (physics); Environmental economics; Environmental science","article",59,"Abstract The costs of wind power have declined to levels on par with or below those of conventional ...","Incluido"
"W2787190816","10.1016/j.eneco.2019.01.030","A survey on electricity market design: Insights from theory and real-world implementations of capacity remuneration mechanisms","Energy Economics",2019,"Andreas Bublitz; Dogan Keles; Florian Zimmermann; Christoph Fraunholz; Wolf Fïchtner","DE","Remuneration; Electricity; Implementation; Electricity market; Renewable energy; Economics","article",237,"In recent years, electricity markets have been characterized by a growing share of fluctuating renew...","Incluido"
"W2794182874","10.1016/j.apenergy.2018.01.057","How do demand response and electrical energy storage affect (the need for) a capacity market?","Applied Energy",2018,"Agha Salman M. Khan; Remco Verzijlbergh; Özgür Can Sakinci; Laurens J. de Vries","NL","Flexibility (engineering); Environmental economics; Electricity market; Investment (military); Scarcity; Renewable energy","article",85,"To ensure security of supply and incentivize reliable investment in generation capacity, capacity ma...","Incluido"
"W3175146006","10.1002/er.6897","Renewable energy penetration and energy security in electricity markets","International Journal of Energy Research",2021,"Juan Pablo Ríos‐Ocampo; Santiago Arango‐Aramburo; Erik R. Larsen","AU; CO; DK","Renewable energy; Electricity; Penetration (warfare); Energy security; Environmental economics; Market penetration","article",44,"Summary The transition from fossil fuels to renewable energies such as wind and solar is being encou...","Incluido"
"W4213093501","10.1016/j.adapen.2022.100090","Island in the Sea: The prospects and impacts of an offshore wind power hub in the North Sea","Advances in Applied Energy",2022,"Malte Jansen; Connor Duffy; T.C. Green; Iain Staffell","GB","Offshore wind power; Submarine pipeline; Oceanography; Wind power; North sea; Power (physics)","article",58,"Europe's offshore wind capacity is increasing rapidly, with larger turbines installed further from s...","Incluido"
"W2755327423","10.1016/j.jup.2017.09.003","The effectiveness of capacity markets in the presence of a high portfolio share of renewable energy sources","Utilities Policy",2017,"Pradyumna Bhagwat; Kaveri K. Iychettira; Jörn C. Richstein; Émile Chappin; Laurens J. de Vries","IT; NL; DE","Portfolio; Renewable energy; Investment (military); Imperfect; Economics; Margin (machine learning)","article",61,"The effectiveness of a capacity market is analyzed by simulating three conditions that may cause sub...","Incluido"
"W1523443465","10.1109/eem.2015.7216609","Energy-only markets with deferrable demand","",2015,"Anthony Papavasiliou; Yves Smeers","BE","Demand response; Market demand schedule; Renewable energy; Wind power; Energy market; Microeconomics","conference-paper",4,"In addition to its adverse impacts on power system operations, the large-scale integration of renewa...","Incluido"
"W3022617081","10.5547/01956574.40.6.pfal","Renewables, Allowances Markets, and Capacity Expansion in Energy-Only Markets","The Energy Journal",2019,"Paolo Falbo; Cristian Pelizzari; Luca Taschini","IT; GB","Renewable energy; Electricity; Economics; Production (economics); Fossil fuel; Marginal cost","article",9,"We investigate the combined effect of an Emissions Trading System (ETS) and renewable energy sources...","Incluido"
"W4406325199","10.1016/j.joule.2024.11.016","System impacts of wind energy developments: Key research challenges and opportunities","Joule",2025,"Russell McKenna; Johan Lilliestam; Heidi Heinrichs; Jann Michael Weinand; Johannes Schmidt; Iain Staffell; Andrea N. Hahmann; Peter Burgherr; Arne Burdack; Monika Bucha; Ruihong Chen; Michael Klingler; Paul Lehmann; Jens Lowitzsch; Riccardo Novo; James Price; Romain Sacchi; Patrick Scherhaufer; Eva Maria Schöll; Piero Visconti; Paola Velasco‐Herrejón; Marianne Zeyringer; Luis Ramirez Camargo","DK","Key (lock); Wind power; Engineering; Environmental science; Systems engineering; Construction engineering","article",110,"Context & scale Wind energy is currently one of the cheapest renewable energy technologies and p...","Incluido"
"W4383371596","10.1007/s13369-023-07966-8","The Life Cycle Assessment and Merit Order Effect of Green Hydrogen-Fueled Gas Turbine Power Plant","Arabian Journal for Science and Engineering",2023,"H. Heidary; Karel Janda","GB; CZ","Cost of electricity by source; Renewable energy; Electricity; Capital cost; Stand-alone power system; Electricity generation","article",9,"","Incluido"
"W2094827197","10.1016/j.jclepro.2014.05.063","Techno-economic evaluation of innovative steel production technologies","Journal of Cleaner Production",2014,"Manfred Fischedick; Joachim M. Marzinkowski; Petra Winzer; Max Weigel","DE","Production (economics); Steelmaking; Blast furnace; Renewable energy; Raw material; Profitability index","article",298,"","Incluido"
"W4391554387","10.1016/j.apenergy.2024.122695","Can an energy only market enable resource adequacy in a decarbonized power system? A co-simulation with two agent-based-models","Applied Energy",2024,"Ingrid Sanchez Jimenez; David Ribó-Pérez; Milos̆ Cvetković; Johannes Kochems; Christoph Schimeczek; Laurens J. de Vries","NL; ES; DE","Resource (disambiguation); Energy (signal processing); Computer science; Physics; Computer network; Quantum mechanics","article",18,"Future power systems, in which generation will come almost entirely from variable Renewable Energy S...","Incluido"
"W2980237116","10.3390/en12203869","Merit Order Effect Modeling: The Case of the Hellenic Electricity Market","Energies",2019,"Stelios Loumakis; Eugenia Giannini; Z.B. Maroulis","GR","Electricity market; Electricity; Renewable energy; Market penetration; Economics; Econometrics","article",11,"A simple effective model is proposed for the day-ahead electricity market. The model considers the m...","Incluido"
"W3210198468","10.1111/1467-8489.12457","What’s next for the Renewable Energy Target – resolving Australia’s integration of energy and climate change policy?*","Australian Journal of Agricultural and Resource Economics",2021,"Tim Nelson; Tahlia Nolan; Joel Gilmore","","Renewable energy; Climate change; Commonwealth; Electricity; Investment (military); Energy policy","article",50,"Australian climate change policy and its integration with Australia’s electricity markets have been ...","Incluido"
"W2548753537","10.1016/j.renene.2016.11.001","Assessing the cost of renewable energy policy options – A Spanish wind case study","Renewable Energy",2016,"Patrick Bean; Jorge Blázquez; N. Nezamuddin","SA","Investment (military); Wind power; Renewable energy; Electricity; Capital cost; Government (linguistics)","article",41,"This paper assesses the cost effectiveness of wind energy policy options by using a cost–benefit ana...","Incluido"
"W1976156305","10.1016/j.enpol.2011.06.024","The efficiency of Ireland's Renewable Energy Feed-In Tariff (REFIT) for wind generation","Energy Policy",2011,"R. E. Doherty; Mark O’Malley","IE","Tariff; Renewable energy; Feed-in tariff; Electricity; Wind power; Electricity market","article",36,"","Incluido"
"W4385460712","10.3389/fsuep.2023.1204650","Electricity price modeling from the perspective of start-up costs: incorporating renewable resources in non-convex markets","Frontiers in Sustainable Energy Policy",2023,"Presley K. Wesseh; Jiaying Chen; Boqiang Lin","CN","Marginal cost; Electricity market; Economics; Electricity; Wind power; Renewable energy","article",30,"This paper constructs a comprehensive electricity market model in the context of China, highlighting...","Incluido"
"W2944287250","10.1007/s40565-019-0527-4","Power system flexibility: an overview of emergence to evolution","Journal of Modern Power Systems and Clean Energy",2019,"Alireza Akrami; Meysam Doostizadeh; Farrokh Aminifar","IR","Electric power system; Renewable energy; Flexibility (engineering); Leverage (statistics); Risk analysis (engineering); Variable renewable energy","article",204,"Power systems are evolving to the networks with proliferated penetration of renewable energy resourc...","Incluido"
"W1478843765","10.25561/15420","Evaluating Renewable Energy Policy: A Review of Criteria and Indicators for Assessment","Bristol Research (University of Bristol)",2014,"Jack Nicholls; RK Mawhood; Robert Gross; Renzo Castillo","GB","Renewable energy; Energy policy; Environmental economics; Natural resource economics; Business; Economics","book",33,"This paper investigates criteria and indicators used to evaluate renewable energy deployment policie...","Incluido"
"W3160947196","10.3390/su13105613","Rooftop PV and the Renewable Energy Transition; a Review of Driving Forces and Analytical Frameworks","Sustainability",2021,"Sam Wilkinson; Michele John; Gregory M. Morrison","AU","Renewable energy; Energy transition; Photovoltaics; Electricity; Electricity system; Environmental economics","article",36,"Rooftop solar photovoltaics (PV) are accelerating the transition towards low carbon electricity syst...","Incluido"
"W2504070372","10.2172/1239242","Capacity Payments in Restructured Markets under Low and High Penetration Levels of Renewable Energy","",2016,"Thomas Jenkin; Philipp Beiter; Robert Margolis","US","Business; Payment; Revenue; Variable renewable energy; Incentive; Inefficiency","report",17,"There is considerable debate about the degree to which restructured markets perform successfully in ...","Incluido"
"W2267578347","","A Capacity Market for Electricity Sectors with Promotion of Renewable Energy","Econstor (Econstor)",2014,"Sebastian Schäfer; Lisa Schulten","","Renewable energy; Flexibility (engineering); Incentive; Economics; Investment (military); Promotion (chess)","report",5,"A capacity mechanism next to the energy-only market provides necessary investment incentives that sp...","Incluido"
"W2346366689","10.5547/01956574.37.si2.cbol","Foreword to the Special Issue on “High Shares of Renewable Energy Sources and Electricity Market Reform”","The Energy Journal",2016,"Carlo Andrea Bollino; Reinhard Madlener","IT","Renewable energy; Electricity market; Electricity; Economics; Electricity retailing; Business","editorial",14,"This special issue is dedicated to the widespread belief that the supply of electricity from high sh...","Incluido"
"W2947287590","","Cost and revenue related impacts of integrating electricity from variable renewable energy into the power system - A review of recent literature","TNO Repository",2014,"Jos Sijm","","Variable renewable energy; Renewable energy; Electricity; Environmental economics; Revenue; Variable (mathematics)","report",41,"-","Incluido"
"W3157201572","10.1049/enc2.12031","Spot electricity market design for a power system characterized by high penetration of renewable energy generation","Energy Conversion and Economics",2021,"Jiajia Yang; Zhao Yang Dong; Fushuan Wen; Qixin Chen; Bomiao Liang","AU; EE; CN","Renewable energy; Electricity market; Variable renewable energy; Spot market; Electric power system; Electricity generation","article",34,"Abstract The continuous growth of renewable generation in power systems brings serious challenges to...","Incluido"
"W2791889707","10.1016/j.enpol.2018.02.020","An optimal mix of conventional power systems in the presence of renewable energy: A new design for the German electricity market","Energy Policy",2018,"Andreas Coester; M.W. Hofkes; Elissaios Papyrakis","NL; GB","Electricity market; Renewable energy; Electricity; Profitability index; German; Environmental economics","article",38,"In this paper we develop a new market design for the German electricity market. Our new market desig...","Incluido"
"W2899155315","10.3390/en11112974","Influence of Wind Power on Intraday Electricity Spot Market: A Comparative Study Based on Real Data","Energies",2018,"Pedro Frade; João V. G. A. Vieira-Costa; Gerardo J. Osório; João Santana; João P. S. Catalào","PT","Electricity; Electricity market; Renewable energy; Spot contract; Electricity retailing; Environmental economics","article",18,"Overtime, in the electricity sector, there has been a technological transfer to renewable electricit...","Incluido"
"W4386885475","10.1016/j.eneco.2023.106958","Capacity expansion in liberalized electricity markets with locational pricing and renewable energy investments","Energy Economics",2023,"Fernando S. Oliveira; Bertrand William-Rioux; Axel Pierru","NZ; SA","Renewable energy; Investment (military); Electricity market; Electricity; Economics; Incentive","article",14,"We study the long-term incentives for expanding production capacity in liberalized electricity marke...","Incluido"
"W2884435868","10.1016/j.rser.2018.07.023","The challenging paradigm of interrelated energy systems towards a more sustainable future","Renewable and Sustainable Energy Reviews",2018,"Nelson Soares; António Gomes Martins; Ariovaldo Lopes de Carvalho; Carla Caldeira; Chunhui Du; Érica Geraldes Castanheira; Eugénio Rodrigues; Gyselle Ribeiro de Carvalho Oliveira; Guillermo Ivan Pereira; Joana Bastos; João Pedro Ferreira; Lauro André Ribeiro; Nuno Carvalho Figueiredo; N. Šahović; Pedro Miguel; Rita Garcia","PT; US; BR","Sustainability; Environmental economics; Promotion (chess); Multidisciplinary approach; Renewable energy; Sustainable development","article",85,"","Incluido"
"W270070261","","Benefits of an integrated European electricity market","RePEc: Research Papers in Economics",2013,"Veit Böckers; Justus Haucap; Ulrich Heimeshoff","","Harmonization; Electricity market; Electricity; Business; Market integration; Industrial organization","preprint",74,"This paper analyses the benefits of further market integration of European wholesale electricity mar...","Incluido"
"W4305072348","10.1016/j.eap.2022.10.001","The role of electricity flows and renewable electricity production in the behaviour of electricity prices in Spain","Economic Analysis and Policy",2022,"Daniela Pereira Macedo; António Cardoso Marques; Olivier Damette","PT; FR","Electricity; Volatility (finance); Electricity market; Renewable energy; Electricity generation; Electricity price","article",25,"Electricity markets are becoming increasingly interconnected, in part, to deal with unpredictability...","Incluido"
"W2191067099","10.1016/j.enpol.2015.11.022","Business case uncertainty of power plants in future energy systems with wind power","Energy Policy",2015,"Anne Sjoerd Brouwer; Machteld van den Broek; Özge Özdemir; Paul Koutstaal; André Faaij","NL","Profitability index; Revenue; Wind power; Software deployment; Business; Environmental economics","article",21,"","Incluido"
"W3117846943","10.1016/j.enpol.2020.111987","Can liberalised electricity markets support decarbonised portfolios in line with the Paris Agreement? A case study of Central Western Europe","Energy Policy",2020,"William Zappa; Martin Junginger; Machteld van den Broek","NL","Electricity; Renewable energy; Electricity market; Variable renewable energy; Natural resource economics; Greenhouse gas","article",21,"We model the evolution of the Central Western Europe power system until 2040 with an increasing carb...","Incluido"
"W4388581457","10.1016/j.erss.2023.103335","The political economy of electricity system resource adequacy and renewable energy integration: A comparative study of Britain, Italy and California","Energy Research & Social Science",2023,"Giulia Ragosa; Jim Watson; Michael Grubb","GB","Stakeholder; Resource (disambiguation); Liberalization; Politics; Corporate governance; Economic system","article",26,"The need to integrate growing shares of variable renewable resources, like solar and wind, into the ...","Incluido"
"W3033591636","10.17863/cam.57980","Merchant utilities and boundaries of the firm: vertical integration in energy-only markets","RePEc: Research Papers in Economics",2020,"Paul Simshauser","","Commit; Business; Incentive; Electricity market; Investment (military); Renewable energy","preprint",5,"A central feature of electricity market reforms involved restructuring monopoly utilities. In the Ge...","Incluido"
"W2943416110","10.1016/j.enpol.2019.04.016","Why fully liberalised electricity markets will fail to meet deep decarbonisation targets even with strong carbon pricing","Energy Policy",2019,"Oscar Kraan; Gert Jan Kramer; Igor Nikolić; Émile Chappin; Vinzenz Koning","NL","Renewable energy; Electricity; Electricity market; Incentive; Environmental economics; Remuneration","article",45,"Full decarbonisation of the electricity system is one of the key elements to limit global warming. A...","Incluido"
"W3024041686","10.3390/ijgi9050324","Integrating Land-Use and Renewable Energy Planning Decisions: A Technical Mapping Guide for Local Government","ISPRS International Journal of Geo-Information",2020,"Jiaao Guo; Victoria Fast; Philip Teri; Kirby Calvert","CA","Land use; Renewable energy; Business; Setback; Environmental resource management; Environmental economics","article",18,"Land-based, utility-scale renewable energy (RE) systems using wind or solar resources to generate el...","Incluido"
"W4205734984","10.1016/j.glt.2021.12.001","Does the greening of banks impact the logics of sustainable financing? The case of bank lending to merchant renewable energy projects in the Philippines","Global Transitions",2021,"Varsolo Sunio; Jaime Mendejar; Justin Reginald Nery","PH","Renewable energy; Business; Sustainability; Government (linguistics); Finance; Mandate","article",22,"As the Philippines pursues its mission of decarbonization in the energy sector by 2030, a target whi...","Incluido"
"W4389627923","10.1016/j.eneco.2023.107233","On static vs. dynamic line ratings in renewable energy zones","Energy Economics",2023,"Paul Simshauser","AU; GB","Renewable energy; Environmental science; Asset (computer security); Environmental economics; Grid; Electric power transmission","article",12,"Scaling-up Variable Renewable Energy will face critical bottlenecks vis-a-vis requisite transmission...","Incluido"
"W4281665849","10.1016/j.enpol.2022.113073","The impact of renewables on the incidents of negative prices in the energy spot markets","Energy Policy",2022,"Oleksandr Prokhorov; Dina Dreisbach","DE","Bidding; Renewable energy; Economics; Market clearing; Spot market; Spot contract","article",68,"In this paper we analyze the impact of growing renewable energy generation on the instances of negat...","Incluido"
"W4281918656","10.1016/j.apenergy.2022.119356","An insurance mechanism for electricity reliability differentiation under deep decarbonization","Applied Energy",2022,"Farhad Billimoria; Filiberto Fele; Iacopo Savelli; Thomas Morstyn; Malcolm McCulloch","GB","Flexibility (engineering); Reliability (semiconductor); Environmental economics; Risk analysis (engineering); Business; Demand response","article",18,"Securing an adequate supply of dispatchable resources is critical for keeping a power system reliabl...","Incluido"
"W2518227138","10.2172/1262198","Impact of Market Behavior, Fleet Composition, and Ancillary Services on Revenue Sufficiency","",2016,"Bethany Frew; G. Gallo; Gregory Brinkman; Michael Milligan; Kara Clark; Aaron Bloom","US","Revenue; Production (economics); Marginal cost; Variable cost; Marginal revenue; Economics","report",9,"Revenue insufficiency, or the missing money problem, occurs when the revenues that generators earn f...","Incluido"
"W2807613866","10.1016/j.jclepro.2018.05.233","The typologies of power: Energy utility business models in an increasingly renewable sector","Journal of Cleaner Production",2018,"Scott T. Bryant; Karla Straker; Cara Wrigley","AU","Prosumer; Business model; Renewable energy; Environmental economics; Facilitator; Business","article",95,"","Incluido"
"W4382935375","10.1109/eem58374.2023.10161990","Improving wind power market value with various aspects of diversification","",2023,"Til Kristian Vrana; Harald Svendsen; Magnus Korpås; António Couto; Ana Estanqueiro; Damian Flynn; Hannele Holttinen; Philipp Härtel; Matti Koivisto; Eric Lantz; Bethany Frew","NO; PT; DE; US","Wind power; Diversification (marketing strategy); Bidding; Flexibility (engineering); Business; Environmental economics","conference-paper",8,"The wind generation share in many European bidding zones is now large enough to affect the market va...","Incluido"
"W3034840877","10.2172/1631679","Impacts of High Variable Renewable Energy Futures on Electric-Sector Decision Making: Demand-Side Effects","Lawrence Berkeley National Laboratory",2020,"Joachim Seel; Andrew Mills; Cody Warner; Bentham Paulos; Ryan Wiser","US","Variable renewable energy; Futures contract; Renewable energy; Environmental economics; Electricity; Demand side","report",10,"Previous work by the Berkeley Lab describes how high shares of variable renewable energy (VRE) such ...","Incluido"
"W3122104797","10.1109/pes.2011.6039218","The long-term impact of wind power on electricity prices and generating capacity","",2011,"Richard Green; Nicholas Vasilakos","GB","Marginal cost; Oligopoly; Wind power; Economics; Electricity; Variable renewable energy","conference-abstract",9,"This paper uses a market equilibrium model to calculate how the mix of generating capacity would cha...","Incluido"
"W2795963514","10.26889/9781784671068","Renewable auction design in theory and practice","",2018,"Michael Hochberg; Rahmatallah Poudineh","GB","Renewable energy; Computer science; Economics; Microeconomics; Environmental economics; Engineering","report",27,"Competitive tendering has become one of the preferred methods of contracting renewable energy genera...","Incluido"
"W3036215084","10.1016/j.enpol.2020.111683","Economic consequences of a capacity market implementation: The case of Poland","Energy Policy",2020,"Aleksandra Komorowska; Pablo Benalcazar; Przemysław Kaszyński; Jacek Kamiński","PL","Electricity market; Market clearing; Market mechanism; Market power; Factor market; Electricity","article",31,"This paper investigates the potential economic consequences of setting up a capacity market in Polan...","Incluido"
"W2164150124","10.14710/ijred.4.3.171-180","Promotion of Renewable Energy Sources in the European Union","International Journal of Renewable Energy Development",2015,"Roland Menges; Wolfgang Pfaffenberger","DE","Renewable energy; Incentive; European union; Feed-in tariff; Renewable energy credit; Environmental economics","article",6,"One of the important goals of European energy policy is to increase the share of renewable energy re...","Incluido"
"W2175170524","10.1016/j.enpol.2015.09.012","Electricity market design for generator revenue sufficiency with increased variable generation","Energy Policy",2015,"Todd Levin; Audun Botterud","US","Variable renewable energy; Revenue; Economics; Wind power; Electricity market; Electricity","article",92,"","Incluido"
"W4387125212","10.1016/j.ref.2023.100495","The impact of market design and clean energy incentives on strategic generation investments and resource adequacy in low-carbon electricity markets","Renewable energy focus",2023,"Jonghwan Kwon; Todd Levin; Zhi Zhou; Audun Botterud; Mahdi Mehrtash; Benjamin F. Hobbs","US","Electricity market; Incentive; Environmental economics; Renewable energy; Electricity; Electricity generation","article",21,"","Incluido"
"W4250652607","10.2172/1333042","Capacity Payments in Restructured Markets under Low and High Penetration Levels of Renewable Energy","",2016,"Thomas Jenkin; Philipp Beiter; Robert Margolis","US","Variable renewable energy; Renewable energy; Market penetration; Variable (mathematics); Payment; Business","report",9,"Growing levels of variable renewable energy resources arguably create new challenges for capacity ma...","Incluido"
"W4301586839","10.1016/j.enpol.2022.113273","Why the sustainable provision of low-carbon electricity needs hybrid markets","Energy Policy",2022,"Jan Horst Keppler; Simon Quemin; Marcelo Saguan","FR; DE; GB","Investment (military); Electricity; Investment decisions; Industrial organization; Economics; Marginal cost","article",44,"Deep decarbonization of energy systems poses considerable challenges to electricity markets and ther...","Incluido"
"W2617816084","10.5547/01956574.39.1.dnew","What Future(s) for Liberalized Electricity Markets: Efficient, Equitable or Innovative?","The Energy Journal",2017,"David Newbery","GB","Remuneration; Subsidy; Tariff; Economics; Electricity; Renewable energy","article",40,"Well-designed electricity liberalization has delivered efficiency gains, but political risks of deca...","Incluido"
"W4214545088","10.1007/s40518-021-00200-9","Electricity Market Design and Zero-Marginal Cost Generation","Current Sustainable/Renewable Energy Reports",2022,"William W. Hogan","US","Dispatchable generation; Electricity market; Marginal cost; Electricity; Electricity generation; Variable renewable energy","article",58,"Abstract Purpose of Review Competitive electricity systems arose in the context of thermal generatio...","Incluido"
"W2944519893","10.22004/ag.econ.277525","Renewable Electricity Grids, Battery Storage and Missing Money: An Alberta Case Study","RePEc: Research Papers in Economics",2018,"Jun Duan; Andrew McKenna; G. Cornelis van Kooten; S. Liu; Duan, J.; McKenna, A.; Van Kooten, G.C.; Liu, S.","","Renewable energy; Environmental economics; Carbon tax; Fossil fuel; Wind power; Stand-alone power system","preprint",1,"In this study, we simulate a hybrid renewable energy system with battery storage to power the Albert...","Incluido"
"W2339422722","","Markets to Facilitate Wind and Solar Energy Integration in the Bulk Power Supply: An IEA Task 25 Collaboration; Preprint","University of North Texas Digital Library (University of North Texas)",2012,"M. Milligan; Hannele Holttinen; Lennart Söder; Caitlyn Clark; I. Pineda","US","Wind power; Flexibility (engineering); Business; Electricity; Revenue; Solar power","conference-paper",7,"Wind and solar power will give rise to challenges in electricity markets regarding flexibility, capa...","Incluido"
"W1769889581","","Impacts of capacity remunerative mechanisms on cross-border trade","LUTPub (LUT University)",2015,"Olga Gore","","Electricity; Renewable energy; Business; International trade; Industrial organization; Economics","dissertation",9,"The European ambitious targets to increase the share of renewable generation pose a challenge&#1...","Incluido"
"W4407151406","10.1177/01956574241309557","Day-ahead and Reserve Prices in a Renewable-based Power System: Adapting Electricity-market Design for Energy Storage","The Energy Journal",2025,"Laureen Deman; Afzal S. Siddiqui; Cédric Clastres; Quentin Boucher","FR; SE; FI","Flexibility (engineering); Renewable energy; Remuneration; Economics; Reserve requirement; Environmental economics","article",7,"Decarbonizing the power mix will require investments in storage and flexibility options to replace t...","Incluido"
"W4206415394","10.2172/1559881","2018 Wind Technologies Market Report","",2019,"Ryan Wiser; Mark Bollinger","US","Computer science; Business","report",26,"The 2018 Wind Technologies Market Report—now in its thirteenth consecutive year—provides an overview...","Incluido"
"W4307210111","10.2172/1893263","Land-Based Wind Market Report: 2022 Edition","",2022,"None None","","Environmental science; Meteorology; Geography","report",18,"Wind power additions in the United States totaled 13.4 gigawatts (GW) in 2021. Recent growth is supp...","Incluido"
"W4407713945","10.1155/er/8850556","Wind, PV, and Hybrid Power Plant Operation in Competitive Nordic Electricity Market With High Profit Cannibalization","International Journal of Energy Research",2025,"Simeon Seppälä; Sanna Syri","FI","Cannibalization; Electricity; Electricity market; Profit (economics); Industrial organization; Business","article",8,"This study presents a technoeconomic analysis of a hybrid wind‐PV (photovoltaic) power plant (HPP) c...","Incluido"
"W4413808867","10.1049/enc2.70020","Impact of capacity market mechanism on high renewable penetration systems with long‐term energy storage","Energy Conversion and Economics",2025,"Ying Yang; Yuting Mou; Jun Li; Beibei Wang; Changling Li; Xiaolei Yang","CN; BG","Renewable energy; Energy storage; Penetration (warfare); Term (time); Market penetration; Business","article",7,"Abstract Capacity markets (CMs) have been widely analysed and implemented in various regions to enha...","Incluido"
"W4415716174","10.1016/j.ijepes.2025.111277","Impacts of market power from renewables with different market concentrations on electricity markets under high renewable penetration","International Journal of Electrical Power & Energy Systems",2025,"Junxuan Zou; Yuxin Zhang; Xinyu Chen; Qiuwei Wu","CN; GB","Bidding; Renewable energy; Electricity market; Electricity; Business; Economics","article",7,"• The interactions between strategic bidding behaviors and electricity markets under different marke...","Incluido"
"W3105300167","10.1016/j.apenergy.2020.116050","Assessing the need for flexibility technologies in decarbonized power systems: A new model applied to Central Europe","Applied Energy",2020,"Mattia Maeder; Olga Weiß; Konstantinos Boulouchos","CH","Renewable energy; Electricity generation; Electricity; Flexibility (engineering); Wind power; Environmental economics","article",57,"The increasing use of renewable energy leads to a higher share of intermittent and volatile electric...","Incluido"
"W2894810329","10.2870/013463","The EU clean energy package","Cadmus - EUI Research Repository (European University Institute)",2018,"Leonardo Meeus; Athir Nouicer","","Environmental science; Business","report",41,"The EU Clean Energy Package sets the EU energy efficiency and renewable energy ambitions for the 203...","Incluido"
"W3093905224","10.1109/eem49802.2020.9221884","Investment decision support for zero subsidy wind and solar – An optimization based simulation approach","",2020,"Florian Rothenberg; Sebastian Braun; Florian Zimmermann; Dogan Keles; Wolf Fïchtner","DE","Cannibalization; Renewable energy; Subsidy; Investment (military); Wind power; Economics","conference-paper",1,"In the past decade, variable renewable energy sources became increasingly competitive due to rapidly...","Incluido"
"W2346039693","10.1016/j.tej.2016.04.007","Climate and electricity policy integration: Is the South Australian electricity market the canary in the coalmine?","The Electricity Journal",2016,"Tim Nelson; Fiona Orton","AU","Electricity; Electricity market; Climate change; Mains electricity; Volatility (finance); Business","article",17,"","Incluido"
"W4294118509","10.1016/j.enpol.2022.113213","A unit commitment and economic dispatch model of the GB electricity market – Formulation and application to hydro pumped storage","Energy Policy",2022,"Chi Kong Chyong; David Newbery","GB","Revenue; Variable renewable energy; Arbitrage; Electricity market; Electricity; Operating expense","article",27,"We present a calibrated unit commitment dispatch model of the GB electricity market applied to an ec...","Incluido"
"W2304123892","","Evaluation of strategy of power generation business under large-scale integration of renewable energy","RePEc: Research Papers in Economics",2016,"Gert Brunekreeft; Marius Buchmann; Toru Hattori; Roland Meyer","","Renewable energy; Industrial organization; Business; Nuclear decommissioning; Revenue; Business model","preprint",5,"The German energy transition massively alters the market structure of electricity supply and forces ...","Incluido"
"W4213389008","10.2172/1818841","Land-Based Wind Market Report: 2021 Edition","",2021,"Ryan Wiser; Mark Bolinger; Ben Hoen; Dev Millstein; Joe Rand; Galen Barbose; Naïm Darghouth; Will Gorman; Seongeun Jeong; Andrew Mills; B. Paulos","US","Meteorology; Computer science; Geography","report",15,"The Land-Based Wind Market Report: 2021 Edition provides an overview of developments and trends in t...","Incluido"
"W3111779639","10.5547/01956574.42.5.apap","Market Design Considerations for Scarcity Pricing: A Stochastic Equilibrium Framework","The Energy Journal",2020,"Anthony Papavasiliou; Yves Smeers; Gauthier de Maere d’Aertrycke","GB; BE","Scarcity; Electricity market; Economics; Valuation (finance); Electricity; Microeconomics","article",19,"Scarcity pricing is a mechanism for improving the valuation of reserve capacity in real-time electri...","Incluido"
"W3004958172","10.24251/hicss.2020.378","Capacity Markets versus Energy-Only Markets: A Comparison under Increasing Wind Penetration","Proceedings of the ... Annual Hawaii International Conference on System Sciences/Proceedings of the Annual Hawaii International Conference on System Sciences",2020,"Cody Hohl; Chiara Lo Prete","","Wind power; Revenue; Market penetration; Penetration (warfare); Business; Energy market","conference-paper",1,"We compare the ability to support resource adequacy and revenue sufficiency under two market designs...","Incluido"
"W4293163136","10.2172/1882594","Land-Based Wind Market Report: 2022 Edition","Lawrence Berkeley National Laboratory",2022,"Ryan Wiser; Mark Bolinger; Ben Hoen; Dev Millstein; Joseph Rand; Galen Barbose; Naïm Darghouth; Will Gorman; Seongeun Jeong; B. Paulos","US","Wind power; Offshore wind power; Nameplate capacity; Pace; Wind speed; Electricity","report",57,"The U.S. Department of Energy's 2022 edition of its Land-Based Wind Market Report provides an overvi...","Incluido"
"W3049314596","10.1016/j.epsr.2020.106708","An incentive mechanism for generation capacity investment in a price-capped wholesale power market","Electric Power Systems Research",2020,"Egill Tómasson; Mohammad Reza Hesamzadeh; Lennart Söder; Darryl R. Biggar","SE; AU","Electricity market; Complementarity (molecular biology); Microeconomics; Electricity; Investment (military); Incentive","article",18,"In electricity markets, market rules such as price caps defer proper investment in generation. The r...","Incluido"
"W4280558519","10.1016/j.enpol.2022.113008","Simultaneity of green energy and hydrogen production: Analysing the dispatch of a grid-connected electrolyser","Energy Policy",2022,"David Schlund; Philipp Theile","DE","Power to gas; Hydrogen production; Energy carrier; Electricity; Renewable energy; Electricity market","article",33,"","Incluido"
"W4294833609","10.3390/en15176446","Profitability and Revenue Uncertainty of Wind Farms in Western Europe in Present and Future Climate","Energies",2022,"Bastien Alonzo; Silvia Concettini; Anna Créti; Philippe Drobinski; Peter Tankov","FR","Wind power; Revenue; Climate change; Natural resource economics; Profitability index; Electricity","article",12,"Investments into wind power generation may be hampered by the uncertainty of future revenues caused ...","Incluido"
"W2017001495","10.3790/vjh.81.1.73","Braucht Deutschland Kapazitätsmechanismen für Kraftwerke Eine Analyse des deutschen Marktes für Stromerzeugung","Vierteljahrshefte zur Wirtschaftsforschung",2012,"Veit Böckers; Leonie Giessing; Justus Haucap; Ulrich Heimeshoff; Jürgen Rösch","DE","Political science; Renewable energy; Welfare economics; Humanities; Physics; Economics","article",5,"Im Zuge der von der Bundesregierung eingeleiteten Energiewende wird zunehmend die Frage diskutiert, ...","Incluido"
"W4407193658","10.3390/en18030752","Power Shift: Decarbonization and the New Dynamics of Energy Markets","Energies",2025,"Ricardo Raineri","CL","Power (physics); Dynamics (music); Energy (signal processing); Economics; Environmental science; Economic system","article",10,"This paper examines the transformative effects of decarbonization on electricity market design, emph...","Incluido"
"W805485517","","Three essays on the economics of renewable energy in small island economies","University of Birmingham Institutional Research Archive (University of Birmingham)",2015,"Şener Salcı","","Renewable energy; Wind power; Economics; Electricity; Electricity generation; Electricity market","dissertation",1,"In chapter 1, we introduce mechanism and present results of an integrated investment appraisal of an...","Incluido"
"W2054994875","10.3790/verw.47.3.313","Neues Regulierungsrecht im Anschluss an die Energiewende","Die Verwaltung",2014,"Michael Fehling","","Renewable energy; Energy law; Environmental economics; Electricity market; Energy security; Feed-in tariff","article",3,"<bold>New Regulatory Law Following the Transformation of Energy</bold> This article addr...","Incluido"
"W3089960586","10.5547/01956574.42.2.chic","The Variation in Capacity Remunerations Requirements in European Electricity Markets","The Energy Journal",2020,"Conor Hickey; Derek W. Bunn; Paul Deane; Celine McInerney; Brian Ó Gallachóir","IE; GB","Remuneration; Context (archaeology); Investment (military); Electricity; Economics; Business","article",6,"This paper provides the first EU wide analysis of the variation in Capacity Remuneration Requirement...","Incluido"
"W2520690622","","Capacity mechanisms driving dynamic capacity investment decision making with increased renewable energy sources","Lirias (KU Leuven)",2013,"Hanspeter Höschle; Dirk Van Hertem","","Electricity market; Renewable energy; Remuneration; Business; Investment (military); Electricity","conference-paper",1,"Electricity markets face major challenges in Europe. While the generation mix for electricity change...","Incluido"
"W4205985855","10.1007/s41471-021-00126-4","Electricity Markets in a Time of Change: A Call to Arms for Business Research","Schmalenbach Journal of Business Research",2022,"Martin Bichler; Hans Ulrich Buhl; Johannes Knörr; Felipe Maldonado; Paul Schott; Stefan Waldherr; Martin Weibelzahl","DE; NL","Electricity; Energy transition; Electricity market; Flexibility (engineering); Electricity retailing; Renewable energy","article",30,"Abstract Europe’s clean energy transition is imperative to combat climate change and represents an e...","Incluido"
"W4386276603","10.2172/1993624","Price Formation and Grid Operation Impacts from Variable Renewable Energy Resources","",2022,"Brittany Tarufelli; Xueqing Sun; Sumitrra Ganguli; Daniel Boff; Abhishek Somani","US","Variable renewable energy; Variable (mathematics); Renewable energy; Grid; Natural resource economics; Environmental economics","report",2,"Variable renewable energy resources (VREs) are zero marginal cost resources that displace more expen...","Incluido"
"W3041543668","10.5547/01956574.43.5.mbre","Stranded Asset Risk and Political Uncertainty: The Impact of the Coal Phase-Out on the German Coal Industry","The Energy Journal",2021,"Miriam Breitenstein; Carl-Philipp Anke; Duc Khuong Nguyen; Thomas Walther","DE; VN; NL","Nuclear decommissioning; Coal; Asset (computer security); Renewable energy; Economics; German","article",24,"We assess the value of stranded coal-fired power plants in Germany in the light of the critical deci...","Incluido"
"W2997755007","10.3390/electronics9010090","Degradation Cost Analysis of Li-Ion Batteries in the Capacity Market with Different Degradation Models","Electronics",2020,"Ahmed Gailani; Maher Al‐Greer; Michael Short; Tracey Crosbie","GB","Charge cycle; Battery (electricity); Renewable energy; Profit (economics); Degradation (telecommunications); Reliability engineering","article",35,"Increased deployment of intermittent renewable energy plants raises concerns about energy security a...","Incluido"
"W2808535839","10.2478/pomr-2018-0041","Increasing Power Supply Safety in the Aspect of Supporting the Renewable Energy Sources by Conventional and Virtual Power Stores","Polish Maritime Research",2018,"Damian Jakowski; Marek Dzida","PL","Renewable energy; Electric energy; Electric power; Environmental economics; Business; Power (physics)","article",3,"Abstract This paper presents characteristics and purposefulness of supporting the renewable energy s...","Incluido"
"W2297970530","10.17192/es2024.0380","Efficient Promotion of Renewable Energy with Reverse Auctions","RePEc: Research Papers in Economics",2024,"Sebastian Schäfer; Lisa Schulten","","Net metering; Renewable energy; Common value auction; Call for bids; Subsidy; Business","preprint",1,"Despite negative experiences with auctioning off subsidies for renewable energy in some countries, t...","Incluido"
"W3170254361","10.1016/j.eneco.2021.105354","Decreasing market value of variable renewables can be avoided by policy action","arXiv (Cornell University)",2020,"Tom Brown; Lina Reichenberg","DE; SE; FI","Economics; Revenue; Renewable energy; Subsidy; Market share; Variable (mathematics)","preprint",119,"Although recent studies have shown that electricity systems with shares of wind and solar above 80% ...","Incluido"
"W4387992498","10.5547/01956574.45.3.gtho","Resource Adequacy through Operating Reserve Demand Curves: Design Options and their Impact on the Market Equilibrium","The Energy Journal",2023,"Georg Thomaßen; Thomas Brückner","BE; DE","Economics; Resource (disambiguation); General equilibrium theory; Microeconomics; Supply and demand; Partial equilibrium","article",2,"Operating reserve demand curves (ORDCs) have become part of the electricity market design in several...","Incluido"
"W4244226193","10.2172/1414901","Marginal Cost Pricing in a World without Perfect Competition: Implications for Electricity Markets with High Shares of Low Marginal Cost Resources","",2017,"Bethany Frew; Kara Clark; Aaron Bloom; Michael Milligan","US","Marginal cost; Competition (biology); Economics; Electricity; Microeconomics; Natural resource economics","report",15,"A common approach to regulating electricity is through auction-based competitive wholesale markets. ...","Incluido"
"W2966341089","10.17863/cam.41237","Can wholesale electricity prices support “subsidy-free” generation investment in Europe?","RePEc: Research Papers in Economics",2019,"Chi Kong Chyong; Michael G. Pollitt; R. Cruise","","Renewable energy; Subsidy; Electricity generation; Electricity market; Investment (military); Electricity","preprint",2,"Using a Pan-European electricity dispatch model we find that with higher variable renewable energy (...","Incluido"
"W2611779173","10.1007/s40565-017-0292-1","Impact of increased renewables on natural gas markets in eastern United States","Journal of Modern Power Systems and Clean Energy",2017,"Neha Nandakumar; Anuradha M. Annaswamy","US","Natural gas prices; Natural gas; Renewable energy; Economics; Volatility (finance); Natural resource economics","article",12,"This paper explores the market structures of natural gas and electricity as well as the interdepende...","Incluido"
"W136828006","","RENEWABLE ENERGY AT WHAT COST? ASSESSING THE EFFECT OF FEED-IN TARIFF POLICIES ON CONSUMER ELECTRICITY PRICES IN THE EUROPEAN UNION","DigitalGeorgetown (Georgetown University Library)",2012,"Christopher A. Klein","","Tariff; Feed-in tariff; Renewable energy; Electricity; European union; Natural resource economics","dissertation",3,"M.P.P.","Incluido"
"W1898027252","10.1007/s10100-015-0413-8","ATLANTIS: techno-economic model of the European electricity sector","Central European Journal of Operations Research",2015,"H. Stigler; Udo Bachhiesl; Gernot Nischler; Gerald Feichtinger","AT","Electricity; Renewable energy; Electricity generation; Electricity market; Nuclear power; Shut down","article",26,"Since the nuclear accident in Fukushima the European electricity economy has been in transition. The...","Incluido"
"W4377287002","10.3390/en16104241","Capacity Market and Investments in Power Generations: Risk-Averse Decision-Making of Power Producer","Energies",2023,"Naoki Makimoto; Ryuta Takashima","JP","Electricity market; Economics; Microeconomics; Profit (economics); Investment (military); Electricity","article",2,"The penetration of power generations from renewable energy sources into the power market has a signi...","Incluido"
"W3171933504","10.3390/en14113226","The Effectiveness of Energy Cooperatives Operating on the Capacity Market","Energies",2021,"Jakub Jasiński; Mariusz Kozakiewicz; Maciej Sołtysik","PL","Profitability index; Work (physics); Energy market; Business; Renewable energy; Restructuring","article",32,"The European Green Deal aims to make Europe the world’s first climate-neutral continent by 2050 by s...","Incluido"
"W3170736649","10.1016/j.apenergy.2021.118194","How flexible electricity demand stabilizes wind and solar market values: The case of hydrogen electrolyzers","Applied Energy",2021,"Oliver Ruhnau","DE","Renewable energy; Electricity market; Economics; Wind power; Electricity; Market price","article",92,"Wind and solar energy are often expected to fall victim to their own success: the higher their share...","Incluido"
"W2623634658","","Revenue Sufficiency and Reliability in a Zero Marginal Cost Future: Preprint","OSTI OAI (U.S. Department of Energy Office of Scientific and Technical Information)",2016,"Bethany Frew; Michael Milligan; Greg Brinkman; Aaron Bloom; Kara Clark; Paul Denholm","","Preprint; Reliability (semiconductor); Revenue; Marginal revenue; Natural resource economics; Economics","other",3,"Features of existing wholesale electricity markets, such as administrative pricing rules and policy-...","Incluido"
"W3017039082","10.3390/en13081952","A Generalized Unit Commitment and Economic Dispatch Approach for Analysing the Polish Power System under High Renewable Penetration","Energies",2020,"Marcin Pluta; Artur Wyrwa; Wojciech Suwała; Janusz Zyśk; Maciej Raczyński; Stanisław Tokarski","PL","Dispatchable generation; Electric power system; Renewable energy; Power system simulation; Wind power; Environmental economics","article",19,"The achievement of carbon neutrality requires a deep transformation of the Polish power sector. This...","Incluido"
"W2856989006","10.1596/1813-9450-8519","Taking Stock of Wholesale Power Markets In Developing Countries: A Literature Review","World Bank, Washington, DC eBooks",2018,"Hugh Rudnick; Constantin Velásquez","CL","Stock (firearms); Business; Economics; Financial economics; Industrial organization; Commerce","book",26,"Although many developing countries have yet to meet the considerable prerequisites for establishing ...","Incluido"
"W2903250328","10.2139/ssrn.3146774","Too Good to Be True? How Time-Inconsistent Renewable Energy Policies Can Deter Investments","SSRN Electronic Journal",2018,"Nils May; Chiapinelli Olga","DE","Incentive; Renewable energy; Software deployment; Economics; Dynamic inconsistency; Energy transition","preprint",2,"","Incluido"
"W2781805365","10.24251/hicss.2018.326","The Use of Marginal Energy Costs in the Design of U.S. Capacity Markets","Proceedings of the ... Annual Hawaii International Conference on System Sciences/Proceedings of the Annual Hawaii International Conference on System Sciences",2018,"Robert Moye; Sean Meyn","","Marginal cost; Incentive; Economics; Microeconomics; Scarcity; Electricity","conference-paper",7,"This paper surveys the development of marginal cost theories used in the optimal allocation of scarc...","Incluido"
"W4391669440","10.1016/j.esr.2024.101323","CO2 reduction potentials and abatement costs of renewables and flexibility options – A linear optimization approach for the German sector-coupled energy system until 2045","Energy Strategy Reviews",2024,"Steffi Misconel","IT; DE","Flexibility (engineering); Renewable energy; Reduction (mathematics); German; Cost reduction; Economics","article",16,"Exploring pathways for transitioning to clean energy to achieve climate change mitigation goals is e...","Incluido"
"W4385737834","10.3390/en16165910","Energy Price Decoupling and the Split Market Issue","Energies",2023,"Thomas Weyman–Jones","GB","Electricity market; Economics; Marginal cost; Electricity; Renewable energy; Decoupling (probability)","article",3,"Load scheduling and dispatch by merit order on electricity generation networks has used a wholesale ...","Incluido"
"W4399035886","10.1016/j.eneco.2024.107639","Consequences of the missing risk market problem for power system emissions","Energy Economics",2024,"Emil Dimanchev; Steven A. Gabriel; Lina Reichenberg; Magnus Korpås","NO; US; SE","Economics; Natural resource economics; Econometrics; Environmental economics; Environmental science","article",20,"Liberalized power markets are characterized by a missing market problem: a limited availability of l...","Incluido"
"W4322503287","10.3390/en16052259","Integrated Policies to Reduce Australia’s Electricity Sector Greenhouse Gas Emissions to Net Zero by 2050","Energies",2023,"Stephanie Byrom; Geoff Bongers; Paul Dargusch; Andrew Garnett","AU","Dispatchable generation; Renewable energy; Greenhouse gas; Electricity market; Environmental economics; Electricity generation","article",5,"Recent events within the Australian National Electricity Market have demonstrated that the system of...","Incluido"
"W2530618644","10.4233/uuid:9dddbede-5c19-40a9-9024-4dd8cbbe3062","Security of supply during the energy transition","Research Repository (Delft University of Technology)",2016,"Pradyumna Bhagwat","","Renewable energy; Business; Portfolio; Context (archaeology); Nameplate capacity; Electricity market","dissertation",9,"The push for clean energy has caused a rapid growth of renewables in the electricity supply mix of t...","Incluido"
"W3214587080","10.2172/1659808","Impacts of Price Formation Efforts Considering High Renewable Penetration Levels and System Resource Adequacy Targets","",2020,"Robin Hytowitz; Bethany Frew; Gord Stephen; Erik Ela; Nikita Singhal; Aaron Bloom; Jessica Lau","US","Renewable energy; Renewable resource; Revenue; Incentive; Environmental economics; Resource (disambiguation)","report",17,"Future markets with very high penetrations of renewable energy could have many low- to zero-cost per...","Incluido"
"W3211699996","","Electricity supply industry reform and design of a competitive electricity market in Malaysia","Oxford University Research Archive (ORA) (University of Oxford)",2021,"Maragatham Kumar; Rahmatallah Poudineh; Amanuddin Shamsuddin","","Electricity market; Electricity retailing; Business; Electric power industry; Electricity; Restructuring","report",12,"&lt;p&gt;This paper examines electricity supply industry reform in Malaysia and analyses iss...","Incluido"
"W2738950136","10.1051/epjconf/201714800005","Power system and market integration of renewable electricity","EPJ Web of Conferences",2017,"Georg Erdmann","DE","Renewable energy; Electricity generation; Electricity; Environmental economics; Profitability index; Photovoltaic system","conference-paper",3,"This paper addresses problems of power generation markets that arise under high shares of intermitte...","Incluido"
"W3166362689","10.2172/1785331","Research Priorities and Opportunities in United States Wholesale Electricity Markets","",2021,"Yinong Sun; Todd Levin; Jonghwan Kwon; Qingyu Xu; Nikita Singhal; Erik Ela; Zhi Zhou; Cristina Crespo Montañés; Bethany Frew; Robin Hytowitz; Andrew Mills; Majid Heidarifar; Phillip de Mello; Audun Botterud; Benjamin F. Hobbs","US","Software deployment; Leverage (statistics); National laboratory; Environmental economics; Renewable energy; Business","report",19,"The power system is currently undergoing a number of changes, including a rapidly evolving resource ...","Incluido"
"W4220907343","10.3390/en15072314","Analyzing Intersectoral Benefits of District Heating in an Integrated Generation and Transmission Expansion Planning Model","Energies",2022,"Henrik Schwaeppe; Luis Böttcher; Klemens Schumann; Lukas Hein; Philipp Hälsig; Simon Thams; Paula Baquero Lozano; Albert Moser","DE","Flexibility (engineering); Grid; Renewable energy; Energy storage; Investment (military); Thermal energy storage","article",15,"In the field of sector integration, the expansion of district heating (DH) is traditionally discusse...","Incluido"
"W3168403086","10.32479/ijeep.11321","EVALUATING THE FEED-IN TARIFF POLICY IN THE PHILIPPINES","International Journal of Energy Economics and Policy",2021,"Joyce Marie Lagac; Josef T. Yap","GB","Tariff; Economics; International economics; Natural resource economics","article",3,"To address the problems of climate change and energy security, the Philippines enacted the Renewable...","Incluido"
"W3209709883","10.1016/j.rser.2021.111720","Solar, wind and logistic substitution in global energy supply to 2050 – Barriers and implications","Renewable and Sustainable Energy Reviews",2021,"Robert Lowe; Paul Drummond","GB","Substitution (logic); Wind power; Business; Logistic regression; Environmental economics; Natural resource economics","article",150,"","Incluido"
"W2946192470","","On the design of an EU climate and energy policy framework for 2030 - with special reference to renewable energy","Repository hosted by TU Delft Library (TU Delft)",2014,"J.C. Jansen","","Renewable energy; Energy policy; Energy (signal processing); Climate change; Environmental economics; Political science","report",1,"-","Incluido"
"W3153109036","10.32479/ijeep.10991","IMPACT OF THE NATURE OF ENERGY MANAGEMENT AND RESPONSES TO POLICIES REGARDING SOLAR AND WIND PRICING: A QUALITATIVE STUDY OF THE AUSTRALIAN ELECTRICITY MARKETS","International Journal of Energy Economics and Policy",2021,"Yasir Alsaedi; Gurudeo Anand Tularam; Victor Wong","SA; AU","Electricity; Renewable energy; Electricity market; Electricity retailing; Wind power; Business","article",3,"The present study employed various qualitative techniques to investigate the nature and influence of...","Incluido"
"W4286675784","10.2172/1877029","Price Formation in Zero-Carbon Electricity Markets: The Role of Hydropower","",2022,"Zhi Zhou; Audun Botterud; Todd Levin","US","Hydroelectricity; Renewable energy; Hydropower; Variable renewable energy; Electricity; Industrial organization","report",11,"In April 2019, Water Power Technologies Office (WPTO) launched the HydroWIRES Initiative to understa...","Incluido"
"W2791392401","10.1016/j.renene.2018.01.092","Barriers to investment in utility-scale variable renewable electricity (VRE) generation projects","Renewable Energy",2018,"Jing Hu; Robert Harmsen; Wina Crijns‐Graus; Ernst Worrell","NL","Variable renewable energy; Renewable energy; Investment (military); Electricity; Environmental economics; Variable (mathematics)","article",70,"To effectively mitigate climate change, variable renewable electricity (VRE) is expected to substitu...","Incluido"
"W3125599284","10.22004/ag.econ.126529","THE HIDDEN SYSTEM COSTS OF WIND GENERATION IN A DEREGULATED ELECTRICITY MARKET","RePEc: Research Papers in Economics",2011,"Timothy D. Mount; Surin Maneevitjit; Alberto J. Lamadrid; Ray D. Zimmerman; Robert J. Thomas; Mount, Timothy D.; Maneevitjit, Surin; Lamadrid, Alberto J.; Zimmerman, Ray D.; Thomas, Robert J.","","Payment; Reliability (semiconductor); Reserve requirement; Environmental economics; Electricity; Business","preprint",2,"Earlier research has shown that adding wind capacity to a network can lower the total annual operati...","Incluido"
"W4387516336","","Why the Sustainable Provision of Low-Carbon Electricity Needs Hybrid Markets: The Conceptual Basics","HAL (Le Centre pour la Communication Scientifique Directe)",2021,"Jan Horst Keppler; Simon Quemin; Marcelo Sagan","FR","Electricity; Business; Environmental economics; Carbon fibers; Electricity system; Conceptual framework","preprint",2,"Deep decarbonization of energy systems poses considerable challenges to electricitymarkets and there...","Incluido"
"W2899443716","10.26889/9781784671228","Electricity sector transition in the national electricity market of Australia","",2018,"Farhad Billimoria; Rahmatallah Poudineh","GB","Electricity; Electricity market; Electricity retailing; Business; Transition (genetics); Market economy","report",4,"Australia’s National Electricity Market is an important global test case of the impacts of electrici...","Incluido"
"W2466379628","10.1557/mre.2016.6","Bringing the social costs and benefits of electric energy from photovoltaics versus fossil fuels to light","MRS Energy & Sustainability",2016,"Carol Olson; Frank Lenzmann","NL","Cost of electricity by source; Renewable energy; Electricity; Photovoltaic system; Electricity generation; Photovoltaics","article",5,"","Incluido"
"W2226261725","","Impacts of German energy policies on the competitiveness of national energy intensive industries","RePEc: Research Papers in Economics",2013,"Robert Beestermöller; Ulrich Fahl","DE","German; Energy (signal processing); Business; Energy policy; Economics; Natural resource economics","preprint",2,"The aim of this paper is to assess the impacts of German energy policies on the competitiveness of n...","Incluido"
"W2896610181","10.26889/9781784671198","Decarbonized market design","",2018,"Farhad Billimoria; Rahmatallah Poudineh","GB","Business","report",3,"In the face of challenges to energy-only market design under the electricity sector transition, an o...","Incluido"
"W2946136088","10.3390/en12101944","Identifying the Drivers of Wind Capacity Additions: The Case of Spain. A Multiequational Approach","Energies",2019,"Consolación Quintana-Rojo; Fernando E. Callejas-Albiñana; Miguel-Angel Tarancón; Pablo del Rı́o","ES","Wind power; Economics; Renewable energy; Econometrics; Electricity; Explanatory power","article",5,"An abundant volume of literature has been devoted to the analysis of the drivers of renewable electr...","Incluido"
"W4386308004","10.5194/gmd-16-4977-2023","Bidirectional coupling of the long-term integrated assessment model REgional Model of INvestments and Development (REMIND) v3.0.0 with the hourly power sector model Dispatch and Investment Evaluation Tool with Endogenous Renewables (DIETER) v1.0.2","Geoscientific model development",2023,"Chen Chris Gong; Falko Ueckerdt; Robert Pietzcker; Adrian Odenweller; Wolf-Peter Schill; Martin Kittel; Gunnar Luderer","DE","Variable renewable energy; Investment (military); Computer science; Economics; Renewable energy; Econometrics","article",17,"Abstract. Integrated assessment models (IAMs) are a central tool for the quantitative analysis of cl...","Incluido"
"W4386276613","10.2172/1995800","Capacity Markets for Transactive Energy Systems","",2022,"Brittany Tarufelli; Brent Eldridge; Abhishek Somani","US","Transactive memory; Business; Energy (signal processing); Computer science; Knowledge management; Mathematics","report",4,"Capacity markets provide important incentives for resource adequacy in electricity markets and may b...","Incluido"
"W4414594686","10.1016/j.eneco.2026.109213","Price formation in a highly-renewable, sector-coupled energy system","Energy Economics",2026,"Julian Geis; Fabian Neumann; Michael Lindner; Philipp Härtel; Tom Brown","DE","Economics; Flexibility (engineering); Bidding; Variable renewable energy; Renewable energy; Microeconomics","article",5,"As variable renewable energy increases and more demand is electrified, we expect price formation in ...","Incluido"
"W2792100413","10.1016/j.energy.2018.03.092","Investment in the future electricity system - An agent-based modelling approach","Energy",2018,"Oscar Kraan; Gert Jan Kramer; Igor Nikolić","NL","Electricity; Renewable energy; Energy transition; Electricity market; Investment decisions; Imperfect","article",66,"Now that renewable technologies are both technically and commercially mature, the imperfect rational...","Incluido"
"W2510832929","10.1016/j.est.2016.08.010","Maximising the value of electricity storage","Journal of Energy Storage",2016,"Iain Staffell; Mazda Rustomji","GB","Revenue; Arbitrage; Environmental economics; Futures studies; Electricity; Profit (economics)","article",179,"Grid-scale energy storage promises to reduce the cost of decarbonising electricity, but is not yet e...","Incluido"
"W2593512129","10.5445/ir/1000065970","Electricity market design options for promoting low carbon technologies","Repository KITopen (Karlsruhe Institute of Technology)",2015,"Rupert Hartel; Dogan Keles; Wolf Fïchtner","","Restructuring; Renewable energy; Electricity market; Cost of electricity by source; Industrial organization; Business","book",4,"The increasing share of electricity production from renewables is achieved by political promotion st...","Incluido"
"W3171638479","10.1002/2050-7038.12950","Island mode operation in intelligent microgrid—Extensive analysis of a case study","International Transactions on Electrical Energy Systems",2021,"B. Hartmann; István Táczi; Attila Talamon; I. Vokony","HU","Microgrid; Islanding; Flexibility (engineering); Renewable energy; Reliability engineering; Smart grid","article",8,"Arguably, the most important challenge nowadays in the energy industry is the utilization of intermi...","Incluido"
"W7131086772","10.1016/j.nxener.2026.100532","Cross-sector barriers and integrated solution pathways for solar, wind and hydropower energy systems","Next Energy",2026,"Roya Eidi; Daniel Gilmour; M.Ehsan Jorat","GB","Software deployment; Renewable energy; Hydropower; Flexibility (engineering); Risk analysis (engineering); Environmental economics","article",2,"Large-scale deployment of renewable energy systems is central to global decarbonisation strategies, ...","Incluido"
"W2328460818","10.1016/j.tej.2016.02.005","Wholesale electricity market design with increasing levels of renewable generation: Revenue sufficiency and long-term reliability","The Electricity Journal",2016,"Michael Milligan; Bethany Frew; Aaron Bloom; Erik Ela; Audun Botterud; Aaron Townsend; Todd Levin","US","Variable cost; Revenue; Environmental economics; Renewable energy; Electricity; Electricity market","article",91,"","Incluido"
"W4405475750","10.3390/en17246342","Carbon Capture and Storage (CCS) Implementation as a Method of Reducing Emissions from Coal Thermal Power Plants in Poland","Energies",2024,"Michał Kopacz; Dominika Matuszewska; Piotr Olczak","PL","Renewable energy; Electricity generation; Electricity; Energy mix; Environmental economics; Coal","article",4,"The Polish economy, and especially the energy sector, is facing an energy transformation. For decade...","Incluido"
"W2502284235","10.2172/1233695","Electricity Market Manipulation: How Behavioral Modeling Can Help Market Design","",2015,"G. Gallo","US","Renewable energy; Electricity; Variable renewable energy; Electricity market; Electric power system; Set (abstract data type)","report",2,"The question of how to best design electricity markets to integrate variable and uncertain renewable...","Incluido"
"W3100048472","10.4236/me.2017.84043","Electricity Market Mechanism regarding the Operational Flexibility of Power Plants","Modern Economy",2017,"Cem Kiyak; Andreas de Vries","DE","Electricity market; Flexibility (engineering); Electricity; Renewable energy; Environmental economics; Spot market","article",5,"Electricity market mechanisms designed to steer sustainable generation of electricity play an import...","Incluido"
"W2186050878","10.1016/j.erss.2015.11.002","Putting an energy system transformation into practice: The case of the German Energiewende","Energy Research & Social Science",2015,"Eva Schmid; Brigitte Knopf; Anna Pechan","DE","Vision; German; Electricity; Electricity system; Energy transition; Economic system","article",127,"","Incluido"
"W4386575418","10.1016/j.eneco.2023.107011","High renewable electricity penetration: Marginal curtailment and market failure under “subsidy-free” entry","Energy Economics",2023,"David Newbery","GB","Renewable energy; Electricity; Economics; Subsidy; Electricity market; Natural resource economics","article",47,"Ambitious plans to decarbonise electricity will require high levels of variable renewable electricit...","Incluido"
"W4288520605","10.1051/rees/2022009","Heading towards democratic and sustainable electricity systems – the example of Austria","Renewable Energy and Environmental Sustainability",2022,"Reinhard Haas; Hans Auer; Gustav Resch","AT","Electricity; Electricity market; Electricity retailing; Flexibility (engineering); Mains electricity; Renewable energy","article",7,"In recent years rising quantities of electricity generated from new variable renewable energy source...","Incluido"
"W237520661","","Public Utility and the Low Carbon Future","",2014,"William Boyd","US","Economics; Public economics; Natural resource economics; Business; Political science","article",18,"Substantial reductions in global power sector emissions will be needed by midcentury to avoid signif...","Incluido"
"W4200571089","10.1016/j.renene.2021.12.081","Economic analysis of the early market of centralized photovoltaic parks in Sweden","Renewable Energy",2021,"Johan Lindahl; David Lingfors; Åsa Elmqvist; Ingrid Mignon","SE","Photovoltaic system; Cost of electricity by source; Incentive; Electricity; Capital cost; Photovoltaics","article",44,"Sweden are one of the countries that experience growing installation volumes of Solar photovoltaic. ...","Incluido"
"W4399655663","10.1016/j.isci.2024.110246","Leveraging automotive fuel cells can supply zero-emission peak power in the near-term","iScience",2024,"Emilia Chojkiewicz; Amol Phadke","US","Automotive industry; Fossil fuel; Zero emission; Software deployment; Profitability index; Environmental science","article",3,"An increasingly decarbonized yet resilient power grid requires the corresponding build-out of dispat...","Incluido"
"W4400141407","10.2172/2377334","Grid Value and Cost of Utility-Scale Wind and Solar: &lt;em&gt;Potential Implications for Consumer Electricity Bills&lt;/em&gt; [Slides]","Lawrence Berkeley National Laboratory",2024,"Ryan Wiser; Mark Bolinger; Dev Millstein; Joachim Seel","US","Grid; Electricity; Value (mathematics); Scale (ratio); Environmental economics; Grid parity","report",1,"Wind and solar cost declines and wholesale power price fluctuations have once again brought the “hed...","Incluido"
"W4283711520","10.1002/wene.449","The decarbonization transition and U.S. electricity markets: Impacts and innovations","Wiley Interdisciplinary Reviews Energy and Environment",2022,"John P. Banks","US","Variable renewable energy; Renewable energy; Business; Industrial organization; Environmental economics; Electricity market","article",10,"Abstract Several factors in recent years have converged in the U.S. to spur a focused effort on deca...","Incluido"
"W2963792989","10.17863/cam.42414","A Unit Commitment and Economic Dispatch Model of the GB Electricity Market – Formulation and Application to Hydro Pumped Storage","RePEc: Research Papers in Economics",2019,"C-K. Chyong; David Newbery; T. A. McCarty","","Arbitrage; Revenue; Electricity market; Business; Electricity; Microeconomics","preprint",5,"We present a well calibrated unit commitment and economic dispatch model of the GB electricity marke...","Incluido"
"W2338352461","10.1093/oxrep/grw003","Electricity in Europe: exiting fossil fuels?","Oxford Review of Economic Policy",2016,"Richard Green; Iain Staffell","US; PK","Electricity; Economics; Fossil fuel; Natural resource economics; Physics; Engineering","article",72,"There are many options for generating electricity with low carbon emissions, and the electrification...","Incluido"
"W3164560063","10.17863/cam.69993","Strategic Reserves Versus Market-Wide Capacity Mechanisms","RePEc: Research Papers in Economics",2021,"Pär Holmberg; Thomas Tangerås","","Electricity market; Electricity; Business; Investment (military); Economic shortage; Natural resource economics","preprint",1,"Many electricity markets use capacity mechanisms to support generation owners. Capacity payments can...","Incluido"
"W2738129727","10.22606/ijper.2017.12001","Promoting Nuclear Energy: Market Pricing or Regulated Tariffs?","International Journal of Power and Energy Research",2017,"Jacques Percebois","FR","Business; Economics; Industrial organization","article",1,"In Europe, the ability for nuclear power to compete in the energy market is undermined by two interc...","Incluido"
"W3044820208","10.1088/2516-1083/ab9894","Energy storage in long-term system models: a review of considerations, best practices, and research needs","Progress in Energy",2020,"John Bistline; Wesley Cole; Giovanni Damato; Joseph F. DeCarolis; Will Frazier; Vikram Linga; Cara Marcy; Chris Namovicz; Kara Podkaminer; Ryan Sims; Manussawee Sukunta; David Young","US","Software deployment; Energy storage; Renewable energy; Computer science; Risk analysis (engineering); Scale (ratio)","article",69,"Abstract Technological change and policy support have heightened expectations for the role of energy...","Incluido"
"W3216014828","10.5445/ir/1000140411","On the Role of Risk Aversion and Market Design in Capacity Expansion Planning","Repository KITopen (Karlsruhe Institute of Technology)",2021,"Christoph Fraunholz; Kim K. Miskiw; Emil Kraft; Wolf Fïchtner; Christoph S. Weber","","Risk aversion (psychology); Electricity market; Profitability index; Microeconomics; Economics; Interdependence","book",2,"Investment decisions in competitive power markets are based upon thorough profitability assessments....","Incluido"
"W4403546306","10.1177/01956574241287500","Efficient Frontiers for Short-term Sales of Spot and Forward Wind Energy in Texas","The Energy Journal",2024,"Kang Cao; Han Qi; C.K. Woo; Jay Zarnikau; Raymond Li","HK; CN; US; AU","Wind power; Spot contract; Economics; Revenue; Forward contract; Portfolio","article",3,"Texas’s windfarm construction continues unabated, despite wind energy’s cannibalization effect on wi...","Incluido"
"W3150023750","10.1016/j.rser.2021.111001","Cost allocation in integrated community energy systems - A review","Renewable and Sustainable Energy Reviews",2021,"Na Li; Rudi A. Hakvoort; Zofia Lukszo","NL","Tariff; Cost allocation; Key (lock); Environmental economics; Electricity; Computer science","article",74,"Integrated community energy systems (ICESs) emerged in the reform of local energy systems during the...","Incluido"
"W2914581153","10.2172/1493402","An Introduction to Grid Services: Concepts, Technical Requirements, and Provision from Wind","",2019,"Paul Denholm; Yinong Sun; Trieu T. Mai","US","Grid; Wind power; Reliability (semiconductor); Hydroelectricity; Computer science; Power grid","report",70,"As the role of wind energy grows in the U.S. power grid, there is increased interest and requirement...","Incluido"
"W1542553160","10.4324/9781936331864-20","Building Blocks: Investment in Renewable and Nonrenewable Technologies","",2010,"James Bushnell","US","Non-renewable resource; Renewable energy; Natural resource economics; Investment (military); Business; Economics","book-chapter",73,"Although not obvious at first glance, these two trends, restructuring and environmental regulation, ...","Incluido"
"W4214664954","10.26434/chemrxiv-2022-kdd5s","Spatial variation in cost of electricity-driven continuous ammonia production in the United States","ChemRxiv",2022,"Abhishek Bose; Nikifar Lazouski; Michal L. Gala; Karthish Manthiram; Dharik S. Mallapragada","US","Cost of electricity by source; Ammonia production; Environmental science; Renewable energy; Tonne; Variable renewable energy","preprint",4,"Cost-effective, low-carbon ammonia production is necessary for decarbonizing its existing uses, but ...","Incluido"
"W7128599845","10.3390/technologies14020112","Resilient Grid Architectures for High Renewable Penetration: Electrical Engineering Strategies for 2030 and Beyond","Technologies",2026,"Hilmy Awad; Ehab H. E. Bayoumi","EG","Dispatchable generation; Modular design; Grid; Renewable energy; Systems engineering; Scalability","article",5,"The global shift toward decarbonized power systems is driving unprecedented penetration of variable ...","Incluido"
"W2981302203","10.1016/j.energy.2019.116367","The marginal-cost pricing for a competitive wholesale district heating market: A case study in the Netherlands","Energy",2019,"Wen Liu; Diederik Klip; William Zappa; Sytse Jelles; Gert Jan Kramer; Machteld van den Broek","NL","Marginal cost; Investment (military); Revenue; Remuneration; Perfect competition; Business","article",52,"District heating represents a viable way to reduce carbon dioxide emissions in the built environment...","Incluido"
"W2803238726","10.2172/1437346","IEA Wind TCP Task 26: Impacts of Wind Turbine Technology on the System Value of Wind in Europe","",2017,"Eric Lantz; Alberto Dalla Riva; János Hethey; Aisma Vītiņa","US; DK","Turbine; Wind power; Grid; Context (archaeology); Renewable energy; Market penetration","report",18,"This report analyzes the impact of different land-based wind turbine designs on grid integration and...","Incluido"
"W2586748461","","Equilibrium Modeling of a Power Market with a Capacity Market Designed to Promote Flexible Capacity","Duo Research Archive (University of Oslo)",2016,"Petter N Christiansen","","Market power; Power market; Capacity development; Power (physics); Industrial organization; Business","dissertation",1,"Higher penetration of Renewable Energy Sources (RES) in the European power system has led to reducti...","Incluido"
"W2937556860","10.17863/cam.39728","Strengths and Weaknesses of the British Market Model","RePEc: Research Papers in Economics",2019,"David Newbery","","Incentive; Business; Industrial organization; Spare part; Renewable energy; Finance","preprint",1,"The UK privatized the electricity supply industry from 1989 in the expectation that private ownershi...","Incluido"
"W4200553972","10.2172/1835259","Big Adaptive Rotor Phase I (Final Report)","",2021,"Nick Johnson; Josh Paquette; Pietro Bortolotti; Nicole Mendoza; Mark Bolinger; Ernesto Camarena; Evan Anderson; Brandon Ennis","US","Renewable energy; Wind power; Grid; Task (project management); Turbine; Work (physics)","report",9,"The Big Adaptive Rotor (BAR) project was initiate by DOE in 2018 with the goal of identifying novel ...","Incluido"
"W3048614777","10.3390/en13164178","Economic Feasibility of Semi-Underground Pumped Storage Hydropower Plants in Open-Pit Mines","Energies",2020,"Michael Wessel; Reinhard Madlener; Christoph Hilgers","DE; NO","Net present value; Present value; Cash flow; Revenue; Profit (economics); Investment (military)","article",36,"This work aims at the economic evaluation of a semi-underground pumped hydro storage power plant ere...","Incluido"
"W4214560310","10.1016/j.rser.2022.112228","Short term wholesale electricity market designs: A review of identified challenges and promising solutions","Renewable and Sustainable Energy Reviews",2022,"Lina Silva-Rodriguez; Anibal Sanjab; Elena Fumagalli; Ana Virag; Madeleine Gibescu","NL; BE","Electricity market; Electricity; Variety (cybernetics); Context (archaeology); Risk analysis (engineering); Renewable energy","article",51,"","Incluido"
"W4389338953","10.1038/s41560-023-01401-w","The enduring role of contracts for difference in risk management and market creation for renewables","Nature Energy",2023,"Philipp Beiter; Jérôme Guillet; Malte Jansen; Elizabeth J. Wilson; Lena Kitzing","US; GB; DK","Renewable energy; Business; Industrial organization; Economics; Natural resource economics; Engineering","article",61,"","Incluido"
"W950301090","10.1016/j.jup.2016.02.002","A coordinated strategic reserve to safeguard the European energy transition","Utilities Policy",2016,"Karsten Neuhoff; Jochen Diekmann; Friedrich Kunz; Sophia Rüster; Wolf-Peter Schill; Sebastian Schwenen","DE","Safeguard; Transition (genetics); Business; Energy transition; Energy (signal processing); Economic system","article",53,"","Incluido"
"W3123354280","10.1016/j.eneco.2021.105354","Decreasing market value of variable renewables can be avoided by policy action","Energy Economics",2021,"Tom Brown; Lina Reichenberg","DE; SE; FI","Revenue; Economics; Subsidy; Renewable energy; Market share; Variable (mathematics)","article",16,"Although recent studies have shown that electricity systems with shares of wind and solar above 80% ...","Incluido"
"W2339292001","","A zero-carbon European power system in 2050: proposals for a policy package","TNO Repository",2010,"Pieter Boot; B. van Bree; Energieonderzoek Centrum Nederland","","Commercialization; Environmental economics; Business case; Business; Outreach; Investment (military)","report",26,"-","Incluido"
"W2972615043","10.4337/9781788979955.00015","Lessons from Australia's National Electricity Market 1998-2018: strengths and weaknesses of the reform experience","Edward Elgar Publishing eBooks",2021,"Paul Simshauser","AU; GB","Tariff; Electricity; Politics; Economics; Electricity market; Market economy","book-chapter",21,"Australia's National Electricity Market (NEM) commenced in 1998. The centrepiece of NEM reforms was ...","Incluido"
"W2973164828","10.1016/j.erss.2019.101278","Unpacking ‘regime resistance’ in low-carbon transitions: The case of the British Capacity Market","Energy Research & Social Science",2019,"Matthew Lockwood; Catherine Mitchell; Richard Hoggett","GB","Unpacking; Context (archaeology); Electricity; Process tracing; Government (linguistics); Process (computing)","article",61,"The ability of powerful incumbent actors to resist technological or institutional changes that threa...","Incluido"
"W4385621297","10.1016/j.enconman.2023.117458","Grid-supported electrolytic hydrogen production: Cost and climate impact using dynamic emission factors","Energy Conversion and Management",2023,"Linus Engstam; Leandro Janke; Cecilia Sundberg; Åke Nordberg","SE; DE","Environmental science; Electricity; Marginal cost; Bidding; Renewable energy; Wind power","article",40,"Hydrogen production based on a combination of intermittent renewables and grid electricity is a prom...","Incluido"
"W3093382414","10.1016/j.enpol.2020.111926","The Swiss energy transition: Policies to address the Energy Trilemma","Energy Policy",2020,"Olga Weiß; Giacomo Pareschi; Gil Georges; Konstantinos Boulouchos","CH","Trilemma; Environmental economics; Sustainability; Energy transition; Electricity; Energy supply","article",59,"We present a power market model that couples short-term electricity markets of five interconnected c...","Incluido"
"W2568238829","10.1016/j.erss.2016.12.009","Electricity security in the European Union—The conflict between national Capacity Mechanisms and the Single Market","Energy Research & Social Science",2017,"Graeme Hawker; Keith Bell; Simon Gill","GB","Scarcity; Electricity market; Electricity; Competition (biology); Investment (military); Business","article",61,"","Incluido"
"W4391025024","10.3390/en17020496","Scenario Development for Evaluating Carbon Capture and Utilization Concepts Using Steel Mill Exhaust Gases with Linear Optimization Models","Energies",2024,"Matthias Sadlowski; Chae Eon Lim","DE","Boom; Key (lock); Computer science; Greenhouse gas; Renewable energy; Biochemical engineering","article",2,"Utilizing exhaust gases from the steel mill generation to produce chemicals presents a promising ave...","Incluido"
"W3124518739","10.1016/j.eneco.2021.105637","Efficient pricing of electricity revisited","Energy Economics",2021,"Mathias Mier","DE","Renewable energy; Incentive; Electricity; Electricity market; Microeconomics; Economics","article",1,"","Incluido"
"W2920632063","10.1016/j.esr.2019.01.003","The future relevance of electricity balancing markets in Europe - A 2030 case study","Energy Strategy Reviews",2019,"André Ortner; Gerhard Totschnig","AT","Variable renewable energy; Electricity; Electricity market; Context (archaeology); Revenue; Economics","article",55,"In the context of an increasing share of variable renewable electricity in the European generation m...","Incluido"
"W4400594606","10.69955/ajoeee.2023.v3i2.50","Performance Analysis of Different Grid Substations with Demand-Side-Management-Based Optimal Power Usage","Asian Journal of Electrical and Electronic Engineering.",2023,"Farhad Uddin; Dilip Kumar Tripura; Syed Munimus Salam; Muhammad Mahbubur Rashid","BD; MY","Grid; Computer science; Electric power transmission; Renewable energy; Reliability engineering; Schematic","article",1,"This study is centered on analyzing the performance of two power grid stations in the southern grid ...","Incluido"
"W3113542078","10.1109/access.2020.3047885","A Permissioned Blockchain System to Reduce Peak Demand in Residential Communities via Energy Trading: A Real-World Case Study","IEEE Access",2020,"Shivam Saxena; Hany E. Z. Farag; Aidan Brookson; Hjalmar Turesson; Henry Kim","CA","Blockchain; Computer science; Computer security","article",45,"Residential energy trading systems (RETS) enable homeowners with distributed energy resources (DERs)...","Incluido"
"W4408404996","10.1016/j.energy.2025.135608","Energy potential and economic viability of small-scale wind turbines","Energy",2025,"Jakub Jurasz; Bogdan Bochenek; Joanna Wieczorek; Adam Jaczewski; Alexander Kies; Mariusz Figurski","PL; DK; DE; ZA","Wind power; Scale (ratio); Environmental science; Energy (signal processing); Marine engineering; Natural resource economics","article",19,"Small-scale wind turbines (SWTs) have the potential to complement residential PV systems, but their ...","Incluido"
"W7154219840","10.17863/cam.129391","Are Gas Turbines ‘Bankable’ in Transitioning Energy-Only Markets?","Apollo (University of Cambridge)",2025,"P. Simshauser","","Economics; Electricity market; Scarcity; Spot market; Revenue; Electricity","report",0,"From their inception, the energy-only electricity market design has been characterised by policymake...","Incluido"
"W4409787797","10.1016/j.egyr.2025.04.005","Facets of hydro power and future trends in a Nordic Context","Energy Reports",2025,"Dany Josue Tome-Robles; Frédéric Maurer; Jonas Kristiansen Nøland; Mayank Panwar; Sambeet Mishra; Thomas Øyvang","NO; US","Context (archaeology); Power (physics); Engineering physics; Engineering; Physics; Geography","article",2,"Hydropower technologies bolster high penetration of variable renewable energies (VREs) in the net ze...","Incluido"
"W7202201327","10.2139/ssrn.7225658","Beyond the Merit-Order Effect: Curtailment Cost and Gas-Hedge Value of Variable Renewables in Peru","SSRN Electronic Journal",2026,"Francisco Porles-Ochoa","PE","Economics; Econometrics; Renewable energy; Wind power; Marginal cost; Variable (mathematics)","preprint",0,"","Incluido"
"W4386469303","10.1016/j.egyr.2023.08.042","LCOE distribution of PV for single-family dwellings in Sweden","Energy Reports",2023,"Sebastian Zainali; Johan Lindahl; Johan Lindén; Bengt Stridh","SE","Cost of electricity by source; Photovoltaic system; Investment (military); Electricity; Net present value; Environmental economics","article",18,"In Sweden, the installations of solar photovoltaic systems are growing rapidly, and especially the m...","Incluido"
"W3214532109","10.1016/j.epsr.2021.107669","Inclusion of frequency stability constraints in unit commitment using separable programming","Electric Power Systems Research",2021,"C.J. Ferrandon-Cervantes; Behzad Kazemtabrizi; Matthias C. M. Troffaes","GB","Power system simulation; Mathematical optimization; Stability (learning theory); Convergence (economics); MATLAB; Computer science","article",38,"","Incluido"
"W4417424598","10.3390/en18246585","Unlocking Demand-Side Flexibility in Cement Manufacturing: Optimized Production Scheduling for Participation in Electricity Balancing Markets","Energies",2025,"Sebastián Rojas-Innocenti; Enrique Baeyens; Alejandro Martín-Crespo; Sergio Saludes-Rodil; Fernando Frechoso","ES","Electricity; Flexibility (engineering); Renewable energy; Environmental economics; Scheduling (production processes); Procurement","article",1,"The growing share of variable renewable energy sources in power systems is increasing the need for s...","Incluido"
"W4318540186","10.5281/zenodo.7582268","Advanced energy planning of Smart Islands","Zenodo (CERN European Organization for Nuclear Research)",2022,"Marko Mimica","HR","Energy planning; Computer science; Architectural engineering; Engineering; Renewable energy; Electrical engineering","article",1,"Climate change represents one of the greatest challenges of our time. Human activity is causing glob...","Incluido"
"W3089319933","10.1088/1742-6596/1618/4/042039","Optimization of Wind Farm Design for Objectives Beyond LCOE","Journal of Physics Conference Series",2020,"Katherine Dykes","DK","Cost of electricity by source; Environmental science; Meteorology; Computer science; Geography; Electricity generation","conference-paper",20,"Abstract For wind farms that participate actively in electricity markets versus receiving a fixed ki...","Incluido"
"W2966238831","10.1016/j.esr.2019.100381","Reconciling high renewable electricity ambitions with market economics and system operation: Lessons from Ireland's power system","Energy Strategy Reviews",2019,"F. Gaffney; Paul Deane; Brian Ó Gallachóir","IE","Electricity market; Flexibility (engineering); Electricity; Variable renewable energy; Renewable energy; Electric power system","article",18,"The integration of variable generation challenges electricity systems globally. Using Ireland's elec...","Incluido"
"W4368352169","10.5547/01956574.45.2.hzha","When and Under What Conditions Does an Emission Trading Scheme Become Cost Effective?","The Energy Journal",2023,"Hongyan Zhang; Lin Zhang; Ning Zhang","CN","Marketization; Enforcement; Emissions trading; Renminbi; China; Business","article",20,"This paper studies when and under what conditions the actions undertaken by the power plants involve...","Incluido"
"W4412130767","10.1016/j.isci.2026.116176","An advanced reliability reserve incentivizes flexibility investments while safeguarding the electricity market","iScience",2026,"Franziska Klaucke; Karsten Neuhoff; Alexander Röth; Wolf-Peter Schill; Leon Stolle","DE; BE","Safeguarding; Business; Flexibility (engineering); Electricity market; Reliability (semiconductor); Electricity","article",1,"To ensure security of supply in the power sector, many countries are considering capacity mechanisms...","Incluido"
"W3139226106","10.1016/j.eneco.2021.105755","Ring the alarm! Electricity markets, renewables, and the pandemic","Energy Economics",2021,"David Benatia","CA; FR","Electricity market; Electricity; Renewable energy; Economics; Revenue; Natural resource economics","article",19,"","Incluido"
"W2961599337","10.1016/j.erss.2019.101218","Ambiguous interventions: Capacity remuneration mechanisms and the politics of energy transition in Britain and Germany","Energy Research & Social Science",2019,"Ronan Bolton; Thies Clausen","GB","Remuneration; Energy transition; Electricity; Renewable energy; Politics; Psychological intervention","article",21,"This paper analyses the introduction of capacity remuneration mechanisms (CRMs) in Europe, focusing ...","Incluido"
"W4404437933","10.1016/j.eneco.2024.108042","Interactions and distortions of different support policies for green hydrogen","Energy Economics",2024,"Alexander Hoogsteyn; Jelle Meus; Kenneth Bruninx; Erik Delarue","BE; NL","Economics; Environmental economics","article",29,"","Incluido"
"W1513652480","","Dynamic modelling of generation capacity investment in electricity markets with high wind penetration","ERA",2012,"D. Eager","","Penetration (warfare); Electricity; Investment (military); Wind power; Electricity market; Electricity system","dissertation",5,"The ability of liberalised electricity markets to trigger investment in the generation capacity requ...","Incluido"
"W3167330041","10.26267/unipi_dione/763","EU Target Model Implementation towards sustainability - The case study of Greek power market","Dione (University of Piraeus)",2021,"Eleftherios Venizelos; Ελευθέριος Βενιζέλος","","Harmonization; Energy market; Transparency (behavior); Sustainability; Spot market; Renewable energy","dissertation",1,"From the 1st of November 2020, the Greek Power Market is re-organized and operates according to the ...","Incluido"
"W4385818650","10.2139/ssrn.4537161","Long-Term Issues with the Energy-Only Market Design in the Context of Deep Decarbonization","SSRN Electronic Journal",2023,"Alexis Lebeau; Marie Petitet; Simon Quemin; Marcelo Saguan","FR; SA; DE; GB","Term (time); Context (archaeology); Energy (signal processing); Energy market; Environmental science; Economics","preprint",0,"","Incluido"
"W3122066394","10.3390/en14030567","Equilibrium Pricing with Duality-Based Method: Approach for Market-Oriented Capacity Remuneration Mechanism","Energies",2021,"Perica Ilak; Lin Herenčić; Ivan Rajšl; Sara Raos; Željko Tomšić","HR","Remuneration; Dual (grammatical number); Electricity; Shadow price; Environmental economics; Order (exchange)","article",10,"The crucial design elements of a good capacity remuneration mechanism are market orientation, insura...","Incluido"
"W3134598600","","Batteries and energy arbitrage: A techno-economic analysis of electricity arbitrage opportunities for utility-scale battery energy storage in the Netherlands","Research Repository (Delft University of Technology)",2020,"Dorine Hugenholtz","","Arbitrage; Energy storage; Renewable energy; Electricity; Environmental economics; Electricity market","dissertation",1,"As the variable renewable energy share keep on increasing throughout the energy transition, power sy...","Incluido"
"W2344502475","10.2172/1215266","Modeling and Analysis of Wholesale Electricity Market Design. Understanding the Missing Money Problem. December 2013 - January 2015","",2015,"A. Papalexopoulos; C. Hansen; D. Perrino; Rod Frowd","","Revenue; Variable cost; Marginal cost; Electricity; Electricity market; Environmental economics","report",0,"This project examined the impact of renewable energy sources, which have zero incremental energy cos...","Incluido"
"W3211993659","10.1016/j.apenergy.2021.118155","Cost allocation in integrated community energy systems — Performance assessment","Applied Energy",2021,"Na Li; Rudi A. Hakvoort; Zofia Lukszo","NL","Predictability; Cost allocation; Key (lock); Environmental economics; Optimal allocation; Computer science","article",32,"Integrated community energy systems (ICESs) are a modern development of local energy systems by inte...","Incluido"
"W4376114421","10.3846/jbem.2023.19050","UNDERSTANDING ELECTRICITY PRICE EVOLUTION – DAY-AHEAD MARKET COMPETITIVENESS IN ROMANIA","Journal of Business Economics and Management",2023,"Adela Bârã; Simona‐Vasilica Oprea; Irina Georgescu","RO","Economics; Context (archaeology); Quantile regression; Electricity market; Inflation (cosmology); Econometrics","article",26,"The unexpected pandemic eruption in March 2020, the European efforts to diminish the gas house emiss...","Incluido"
"W2137427324","10.1109/pesgm.2014.6939455","Market designs for high levels of variable generation","",2014,"Michael Milligan; Hannele Holttinen; Juha Kiviluoma; Antje Orths; Muireann Á. Lynch; Lennart Söder","US; DK; FI; IE; SE","Variable renewable energy; Renewable energy; Flexibility (engineering); Electricity generation; Electricity; Electricity market","conference-paper",7,"Variable renewable generation is increasing in penetration in modern power systems, leading to highe...","Incluido"
"W2417632417","","From local to global value: the transformational nature of community energy","Open Research Exeter (University of Exeter)",2015,"Iain Soutar","","Transformational leadership; Value (mathematics); Environmental science; Political science; Public relations; Mathematics","dissertation",2,"The UK energy system has in the past been characterised by the ownership and control of large-scale ...","Incluido"
"W4392531411","10.70675/72df199fz97cfz4408z8838z0cd091c48e0c","Electricity market design for long-term capacity adequacy in a context of energy transition","",2019,"Ahmed Ousman Abani","ML","Term (time); Context (archaeology); Energy transition; Electricity; Transition (genetics); Environmental economics","dissertation",3,"Architectures des marchés de l'électricité pour la sécurité d'approvisionnement à long terme dans un...","Incluido"
"W2902026152","","Electricity markets are broken – can they be fixed?","Oxford University Research Archive (ORA) (University of Oxford)",2016,"Malcolm Keay","","Electricity; Economics; Natural resource economics; Investment (military); Marginal cost; Market economy","report",62,"This paper argues that electricity markets in Europe are broken. The increasing penetration of subsi...","Incluido"
"W2796368065","10.2172/1430827","The Use of Statistically Based Rolling Supply Curves for Electricity Market Analysis: A Preliminary Look","",2018,"Thomas Jenkin; Andrew J. Larson; Mark Ruth; B. King; Paul Spitsen","US","Electricity; Econometrics; Economics; Mains electricity; Supply and demand; Renewable energy","report",2,"In light of the changing electricity resource mixes across the United States, an important question ...","Incluido"
"W4386913029","10.1016/j.apenergy.2023.121938","Transition risk: Investment signals in a decarbonising electricity system","Applied Energy",2023,"William Blyth; Robert Gross; Jamie Rickman; Callum MacIver; Keith Bell","GB","Renewable energy; Electricity; Investment (military); Context (archaeology); Revenue; Energy transition","article",13,"","Incluido"
"W4396495875","10.1016/j.rser.2024.114450","Profitability dynamics of offshore wind from auction to investment decision","Renewable and Sustainable Energy Reviews",2024,"Simon Malleret; Malte Jansen; Ahti Simo Laido; Lena Kitzing","GB; DK","Profitability index; Offshore wind power; Investment (military); Submarine pipeline; Business; Environmental science","article",11,"Offshore wind auctions in Europe have recently seen considerable price decreases, with resulting sup...","Incluido"
"W2603930655","10.1016/j.jup.2017.03.005","Cross-border effects of capacity mechanisms in interconnected power systems","Utilities Policy",2017,"Pradyumna Bhagwat; Jörn C. Richstein; Émile Chappin; Kaveri K. Iychettira; Laurens J. de Vries","IT; NL; DE","Business; Electricity market; Industrial organization; Electricity; Environmental economics; Economics","article",44,"The cross-border effects of a capacity market and a strategic reserve in interconnected electricity ...","Incluido"
"W4404526019","10.2139/ssrn.5022127","The Role of Electricity Flow and Renewable Electricity Production on the Behaviour of the Spanish Electricity Price","SSRN Electronic Journal",2024,"António Cardoso Marques","PT","Electricity; Electricity price; Renewable energy; Production (economics); Electricity retailing; Electricity market","preprint",0,"","Incluido"
"W4367052153","10.3390/en16093704","A Systematic Review of European Electricity Market Design Options","Energies",2023,"Samuli Honkapuro; Jasmin Jaanto; Salla Annala","FI","Systematic review; Management science; Electricity market; Electricity; Face (sociological concept); Inclusion (mineral)","review",22,"The European electricity market model continues to evolve in the face of new challenges. This system...","Incluido"
"W3029781633","10.1186/s42500-020-00013-4","Comparing negative emissions and high renewable scenarios for the European power system","BMC Energy",2020,"F. Gaffney; Paul Deane; G. Drayton; James Glynn; Brian Ó Gallachóir","IE","Renewable energy; Environmental economics; Greenhouse gas; Electricity; Electricity system; Electric power system","article",9,"Abstract Emerging literature highlights the essential role played by decarbonised electricity genera...","Incluido"
"W3034573270","10.3390/en13112967","District Energy Systems: Challenges and New Tools for Planning and Evaluation","Energies",2020,"Steffen Wehkamp; Lucas Schmeling; Lena Vorspel; Fabian Roelcke; Kai-Lukas Windmeier","DE","Energy planning; Flexibility (engineering); Usability; Seven Management and Planning Tools; Energy supply; Computer science","article",46,"The change from a centralized to a decentralized energy supply creates new challenges in the plannin...","Incluido"
"W3032994675","10.17863/cam.61816","Is the NEM broken? Policy discontinuity and the 2017-2020 investment megacycle","RePEc: Research Papers in Economics",2020,"Paul Simshauser; Joel Gilmore","","Investment (military); Business; Market power; Industrial organization; Electricity; Resource (disambiguation)","preprint",10,"The recent history of Australia’s National Electricity Market (NEM) from 2012-2017 has been problema...","Incluido"
"W4385492019","10.1016/j.joule.2023.07.002","Contract design for storage in hybrid electricity markets","Joule",2023,"Farhad Billimoria; Paul Simshauser","GB; AU","Management; Officer; Chief executive officer; Engineering; Power (physics); Political science","article",22,"","Incluido"
"W2995279102","10.1016/j.enpol.2020.112014","On the role of electricity storage in capacity remuneration mechanisms","Energy Policy",2020,"Christoph Fraunholz; Dogan Keles; Wolf Fïchtner","DE; DK","Remuneration; Electricity; Environmental economics; Renewable energy; Electricity generation; Electricity market","article",50,"In electricity markets around the world, the substantial increase of intermittent renewable electric...","Incluido"
"W1920572761","10.13118/miriello-caterina_phd2011","Regulating the development of renewable energy: a model-based analysis of electricity utilities in Europe","Open MIND",2011,"Caterina Miriello","","Electricity; Renewable energy; Subsidy; Electricity market; Investment (military); Incentive","other",0,"The thesis analyses some features of the liberalised electricity markets, from the perspective of it...","Incluido"
"W4221153907","","Long-term issues with the energy-only market design in the context of electricity decarbonization: Insights from a system dynamics simulation model","HAL (Le Centre pour la Communication Scientifique Directe)",2022,"Alexis Lebeau; Marie Petitet; Marcelo Saguan; Simon Quemin","FR","Term (time); Context (archaeology); System dynamics; Electricity; Dynamics (music); Electricity market","preprint",0,"There has been fierce controversy in the literature over the long-run efficiency of the energy-only ...","Incluido"
"W7132962731","","Increasing variable wind energy production: Who will benefit?","Tampere University Institutional Repository (Tampere University)",2024,"Jussi Räkköläinen","","Wind power; Renewable energy; Grid parity; Economics; Variable renewable energy; Environmental economics","dissertation",0,"The European Union (EU) Renewable Energy Directive, from 2009, has legally binding targets for the r...","Incluido"
"W2803337315","10.11575/prism/31868","Solutions for the Resource Adequacy Issue in Alberta: Capacity Market, Scarcity Pricing, or Single Buyer Model","Libraries and Cultural Resources (University of Calgary)",2018,"Tianjiao Bao","","Scarcity; Resource (disambiguation); Industrial organization; Business; Microeconomics; Economics","dissertation",0,"This thesis focuses on possible solutions to resolve the resource adequacy issue in an energy-only m...","Incluido"
"W2508001331","","Market designs for a 100 % renewable energy system","LUTPub (LUT University)",2016,"Olga Gore; Dmitry Bogdanov; Kaisa Salovaara; Samuli Honkapuro","","Renewable energy; Business; Economics; Environmental economics; Natural resource economics; Engineering","report",0,"","Incluido"
"W7154963214","10.1016/j.est.2026.122256","What moves the profitability of battery energy storage in the Pennsylvania-New Jersey-Maryland interconnection of the United States?","Journal of Energy Storage",2026,"C.K. Woo; K.H. Cao; H.S. Qi; Y.S. Cheng; I. Milstein; A. Tishler; J. Zarnikau; Y.-T. Chen","HK; CN; IL; US","Profitability index; Interconnection; Energy storage; Battery (electricity); Automotive engineering; Battery storage","article",0,"Applying a two-part methodology to a sample of daily observations in 2016–2024, we answer the questi...","Incluido"
"W4388291588","10.1257/jep.37.4.181","The Economics of Electricity Reliability","The Journal of Economic Perspectives",2023,"Severin Borenstein; James Bushnell; Erin T. Mansur","SE; US","Deregulation; Monopoly; Mains electricity; Electricity market; Balance (ability); Supply and demand","article",43,"The physics of an electrical grid requires that the supply injected into the grid is always in balan...","Incluido"
"W4405307648","10.2172/2478818","Consumer Benefits of Clean Energy: Renewable Energy","Lawrence Berkeley National Laboratory",2024,"Mark Bolinger; Natalie Frick","US","Renewable energy; Environmental economics; Clean energy; Business; Environmental science; Energy (signal processing)","report",0,"Meeting national and state decarbonization goals requires a transition to clean energy technologies....","Incluido"
"W2958911741","10.5547/01956574.43.4.szac","The Integration of Variable Generation and Storage into Electricity Capacity Markets","The Energy Journal",2021,"Stan Zachary; Amy L. Wilson; Chris Dent","GB","Variable (mathematics); Electricity; Business; Environmental economics; Industrial organization; Environmental science","article",32,"We show how to value both variable generation and energy storage to enable them to be integrated fai...","Incluido"
"W3117317435","10.1016/j.segan.2020.100421","Insights on the capacity value of photovoltaics, community batteries and electric vehicles","Sustainable Energy Grids and Networks",2020,"Wouter Schram; Hamid Aghaie; Ioannis Lampropoulos; Wilfried van Sark","NL; AT","Context (archaeology); Battery (electricity); Photovoltaic system; Photovoltaics; Electric vehicle; Smart grid","article",13,"The Capacity Value Ratio (CVR), or the part of its capacity that a technology can supply during peak...","Incluido"
"W4413792211","10.1038/s41467-025-62952-y","Assessment of carbon-abatement pricing to maximize the value of electrolytic hydrogen in emissions-intensive power sectors","Nature Communications",2025,"Ayodeji Okunlola; Matthew Davis; Amit Kumar","CA","Value (mathematics); Carbon fibers; Environmental science; Environmental economics; Hydrogen; Business","article",7,"Electrolytic hydrogen can support the decarbonization of the power sector. Achieving cost-effective ...","Incluido"
"W4309632004","10.1016/j.eneco.2022.106412","Wind, water and wires: Evaluating joint wind and interconnector capacity expansions in hydro-rich regions","Energy Economics",2022,"David Newbery","GB","Renewable energy; Investment (military); Wind power; Natural resource economics; Joint (building); Value (mathematics)","article",9,"Countries or regions with a high share of storage hydro and good renewables resources may be able to...","Incluido"
"W2937899354","10.17645/pag.v7i1.1791","Energy Security Concerns versus Market Harmony: The Europeanisation of Capacity Mechanisms","Politics and Governance",2019,"Merethe Dotterud Leiren; Kacper Szulecki; Tim Rayner; Catherine Banet","NO; GB","Business; Commission; Energy security; Energy policy; Domestic market; Electricity market","article",17,"The impact of renewables on the energy markets–falling wholesale electricity prices and lower invest...","Incluido"
"W2992159662","10.5547/01956574.41.2.jges","Optimal Storage, Investment and Management under Uncertainty: It is Costly to Avoid Outages!","The Energy Journal",2019,"Joachim Geske; Richard Green","GB","Arbitrage; Energy storage; Investment (military); Electricity; Storage model; Renewable energy","article",41,"We show how electricity storage is operated optimally when the load net of renewable output is uncer...","Incluido"
"W2910721477","10.17323/2500-2597.2018.3.20.28","The Future of the Italian Electricity Generation Sector. An Analysis of the Possible Strategic Models","Foresight-Russia",2018,"Vincenzo Bianco","IT","Restructuring; Software deployment; Electricity generation; Renewable energy; Electricity market; Generator (circuit theory)","article",6,"The present paper investigates the possible future evolution of the Italian power system. In particu...","Incluido"
"W3092310352","10.5547/01956574.41.si1.phol","Optimal Capacity Mechanisms for Competitive Electricity Markets","The Energy Journal",2020,"Pär Holmberg; Robert A. Ritz","GB","Externality; Electricity market; Electricity; Microeconomics; Industrial organization; Payment","article",16,"Capacity mechanisms are increasingly used in electricity market design around the world yet their ro...","Incluido"
"W3122541953","10.2139/ssrn.2922409","System Integration of Wind and Solar Power in Integrated Assessment Models: A Cross-Model Evaluation of New Approaches","SSRN Electronic Journal",2017,"Robert Pietzcker; Samuel Carrara; Shinichiro Fujimori; Nils Johnson; Alban Kitous; Yvonne Scholz; Patrick Sullivan","DE; IT; JP; FR; AT; NL; BE; US","Variable renewable energy; Renewable energy; Computer science; Wind power; Software deployment; Representation (politics)","preprint",0,"","Incluido"
"W3136869357","10.5547/01956574.44.2.obov","Firms and Households during the Pandemic: What Do We Learn from Their Electricity Consumption?","The Energy Journal",2022,"Olympia Bover; Natalia Fabra; Sandra García-Uribe; Aitor Lacuesta; Roberto Ramos","ES","Electricity; Consumption (sociology); Mains electricity; Coronavirus disease 2019 (COVID-19); Electricity demand; Economics","article",10,"We analyze the impact of the COVID-19 pandemic on electricity consumption patterns. We highlight the...","Incluido"
"W4360993076","10.1109/tempr.2023.3262127","A Comparative Study of Capacity Market Demand Curve Designs Considering Risk-Averse Market Participants","IEEE Transactions on Energy Markets Policy and Regulation",2023,"Steffen Kaminski; Kenneth Bruninx; Erik Delarue","BE; NL","Demand curve; Economics; Futures studies; Remuneration; Reliability (semiconductor); Comparative statics","article",10,"While capacity remuneration mechanisms are emerging around the globe, a variety of capacity demand c...","Incluido"
"W3178414306","10.5445/ir/1000133282","Market Design for the Transition to Renewable Electricity Systems","Repository KITopen (Karlsruhe Institute of Technology)",2021,"Christoph Fraunholz","","Electricity market; Flexibility (engineering); Electricity; Environmental economics; Industrial organization; Renewable energy","dissertation",5,"The research carried out in this thesis aims to shed light on the role of the European electricity m...","Incluido"
"W4313681604","10.1016/j.egyr.2022.12.145","Improving energy system design with optimization models by quantifying the economic granularity gap: The case of prosumer self-consumption in Germany","Energy Reports",2023,"Seyedfarzad Sarfarazi; Shima Sasanpour; Karl‐Kiên Cao","DE","Prosumer; Granularity; Energy market; Computer science; Energy consumption; Risk analysis (engineering)","article",16,"Energy system models are widely used to inform the political decisions required to successfully miti...","Incluido"
"W1925808460","10.1051/epjconf/20159806001","Economics of electricity","EPJ Web of Conferences",2015,"Georg Erdmann","DE","Electricity; Homogeneous; Electricity market; Homogeneity (statistics); Mains electricity; Economics","conference-paper",9,"The following text is an introduction into the economic theory of electricity supply and demand. The...","Incluido"
"W4320015725","10.2139/ssrn.4343013","High Renewable Electricity Penetration: Marginal Curtailment and Market Failure Under “Subsidy-Free” Entry","SSRN Electronic Journal",2023,"David Newbery","GB","Subsidy; Renewable energy; Market failure; Market penetration; Electricity market; Penetration (warfare)","preprint",5,"","Incluido"
"W2058319189","10.1109/tpwrs.2015.2414722","Foreword for the Special Section on Wind and Solar Energy: Uncovering and Accommodating Their Impacts on Electricity Markets","IEEE Transactions on Power Systems",2015,"Pierre Pinson; Mark O’Malley","DK; IE","Dispatchable generation; Electricity; Renewable energy; Electricity market; Wind power; Electricity retailing","article",6,"The articles in this special section focus on wind and solar energy and the impact these energy tech...","Incluido"
"W4403973067","10.2172/2467433","Utility-Scale Solar, 2024 Edition: Empirical Trends in Deployment, Technology, Cost, Performance, PPA Pricing, and Value in the United States [Slides]","Lawrence Berkeley National Laboratory",2024,"Joachim Seel; Julie Mulvaney-Kemp; Anna Cheyette; Dev Millstein; Will Gorman; Seongeun Jeong; Dana Robson; Rachman Setiawan; Mark Bolinger","US","Software deployment; Scale (ratio); Value (mathematics); Computer science; Operations research; Engineering","report",15,"Technology Trends Data: Project-level metadata are sourced from a combination of Form EIA-860, FERC ...","Incluido"
"W7128562752","","The French capacity market : the place of renewable energies in the presence of uncertainty","theses.fr (ABES)",2018,"Tiphanie Fontaine","","Economy; Political science; Humanities; Economics; Welfare economics; Work (physics)","dissertation",0,"La problématique de cette thèse porte sur les impacts du marché de capacité français sur le déploiem...","Incluido"
"W4293116252","10.1007/s40518-021-00199-z","Market Mechanisms and Technology Transition in Australia’s National Electricity Market","Current Sustainable/Renewable Energy Reports",2022,"Luke Marshall; Anna Bruce; Iain MacGill","AU","Variable renewable energy; Electricity market; Bidding; Renewable energy; Electricity; Electricity retailing","article",4,"Abstract Purpose of Review To investigate the interaction between restructured electricity market de...","Incluido"
"W4405316392","10.1016/j.eneco.2024.108132","Hedging and tail risk in electricity markets","Energy Economics",2024,"Farhad Billimoria; Jacob Mays; Rahmatallah Poudineh","GB; US","Economics; Electricity; Tail risk; Financial economics; Natural resource economics; Econometrics","article",17,"","Incluido"
"W3194202313","10.3390/en14165151","Can Decarbonisation and Capacity Market Go Together? The Case Study of Poland","Energies",2021,"Aleksandra Komorowska","PL","Remuneration; Context (archaeology); Electric power system; Nameplate capacity; Fossil fuel; Energy market","article",13,"In recent years, numerous countries have introduced or considered capacity markets as remuneration m...","Incluido"
"W3124025201","10.21314/jem.2016.150","Systematic analysis of the evolution of electricity and carbon markets under deep decarbonization","The Journal of Energy Markets",2016,"Derek W. Bunn; William Blyth; Michail Chronopoulos; José Ignacio Muñoz-Hernández","CM; ES","Stylized fact; Electricity; Liberalization; Task (project management); Electricity market; Industrial organization","article",4,"The decarbonization of electricity generation presents policy makers in many countries with the deli...","Incluido"
"W2277517127","10.2139/ssrn.2537463","Systematic Analysis of the Evolution of Electricity and Carbon Markets Under Deep Decarbonisation","SSRN Electronic Journal",2014,"William Blyth; Derek W. Bunn; Michail Chronopoulos; José Muñoz","GB; NO; ES","Electricity market; Electricity; Subsidy; Industrial organization; Liberalization; Investment (military)","preprint",4,"","Incluido"
"W2733447637","","The total cost renewable energy : integrating variable generation in today's electric power system","Comillas Repository (Comillas Pontifical University)",2014,"Henry Balderston","","Variable renewable energy; Renewable energy; Variable (mathematics); Electricity generation; Electric power; Electric energy","dissertation",0,"","Incluido"
"W1850816961","","Scenarios for the development of smart grids in the UK: literature review","ORCA Online Research @Cardiff (Cardiff University)",2014,"Dimitrios Xenias; Colin J. Axon; Nazmiye Balta‐Ozkan; Liana Cipcigan; Peter Connor; Rosemary Davidson; Alexa Spence; Gareth Taylor; Lorraine Whitmarsh","","Smart grid; Electricity; Mains electricity; Business; Energy management; Risk analysis (engineering)","book",14,"No abstract","Incluido"
"W4237056384","10.26889/9781784670474","Electricity markets are broken","",2016,"Malcolm Keay","","Electricity; Business; Economics; Commerce; Engineering; Electrical engineering","report",27,"This paper argues that electricity markets in Europe are broken. The increasing penetration of subsi...","Incluido"
"W4285119797","10.1007/978-3-030-86884-0_8","Hydropower","",2022,"Eike Blume-Werry; Martin Everts","DE","Hydropower; Renewable energy; Electricity generation; Small hydro; Electricity; Pumped-storage hydroelectricity","book-chapter",7,"Abstract Hydropower is one of the oldest power generation technologies and the source of the largest...","Incluido"
"W2747847657","","The Role of Energy Storage Technologies for the Integration of Renewable Electricity into the German Energy System","mediaTUM – the media and publications repository of the Technical University Munich (Technical University Munich)",2016,"Jan Michalski","","Renewable energy; Electricity; Electricity market; Energy storage; Electricity system; Context (archaeology)","dissertation",6,"7 EEX AG was founded in 2002 as a merger of the European Energy Exchange based in Frankfurt and the ...","Incluido"
"W2396061326","10.14279/depositonce-4291","The economics of wind and solar variability","DepositOnce",2014,"Lion Hirth","","Environmental science; Meteorology; Geography","dissertation",4,"Die Variabilität von Wind- und Solarenergie hat signifikanten Einfluss auf Stromsysteme und Elektriz...","Incluido"
"W2941233203","","Performance of electricity markets & power plant investments in the transition to a low-carbon power system","Minerva Access (University of Melbourne)",2018,"Daniel Marshman","","Economics; Wind power; Electricity generation; Renewable energy; Electricity market; Electricity","dissertation",6,"© 2018 Dr. Daniel Marshman","Incluido"
"W4317669875","10.48550/arxiv.2301.07997","From prosumer to flexumer: Case study on the value of flexibility in decarbonizing the multi-energy system of a manufacturing company","RePEc: Research Papers in Economics",2023,"Markus Fleschutz; Markus Bohlayer; Marco Braun; Michael D. Murphy","","Flexibility (engineering); Environmental economics; Electricity; Demand response; Fossil fuel; Renewable energy","preprint",3,"Digitalization and sector coupling enable companies to turn into flexumers. By using the flexibility...","Incluido"
"W2284688230","","Cross-border effects of capacity mechanisms: Do uncoordinated market design policies countervail the goals of European market integration?","Econstor (Econstor)",2014,"Roland Meyer; Olga Gore","","Business; Industrial organization; Economics","report",5,"This article analyses cross-border effects of capacity mechanisms and discusses whether such mechani...","Incluido"
"W4401250339","10.15446/sicel.v11.109698","Operating Reserve Demand Curves for the Integration of Variable Renewable Energies in the Chilean Power System","Simposio Internacional sobre la Calidad de la Energía Eléctrica - SICEL",2024,"Sergio Díaz Pizarro; Esteban Gil; Jorge Berríos","EC; CL","Variable renewable energy; Renewable energy; Variable (mathematics); Economics; Electric power system; Power (physics)","article",0,"When incorporating non-dispatchable renewable sources into an electric power system, it's important ...","Incluido"
"W2491481604","10.14279/depositonce-4497","Integrating variable electricity supply from wind and solar PV into power systems","DepositOnce",2015,"Falko Ueckerdt","","Photovoltaic system; Wind power; Variable (mathematics); Stand-alone power system; Grid parity; Electricity","dissertation",4,"Die Stromerzeugung aus Windkraft und Photovoltaik unterscheidet sich von fossilen und nuklearen Kraf...","Incluido"
"W2186230774","10.2172/1095932","New wholesale power market design using linked forward markets :","",2013,"Cesar Silva Monroy; Verne Loose; James A. Ellison; Ryan Elliott; Raymond H. Byrne; Ross Guttromson; Leigh Tesfatsion","","Procurement; Investment (military); Business; Industrial organization; Product (mathematics); Electric power system","report",10,"This report proposes a reformulation of U.S. ISO/RTO-managed wholesale electric power mar- kets for ...","Incluido"
"W3174986708","10.20944/preprints202102.0133.v2","Economic Sustainability of Small-Scale Hydroelectric Plants on National Scale – The Italian Case Study","Preprints.org",2021,"A. Raimondi; Filippo Bettoni; Alberto Bianchi; Gianfranco Becciu","IT; US","Hydroelectricity; Sustainability; Emergy; Context (archaeology); Incentive; Electricity","preprint",5,"The feasibility of hydroelectric plants depends on a variety of factors: water resource regime, geo-...","Incluido"
"W4415276227","10.1016/j.enpol.2026.115518","Impact of renewable energy communities on the Italian day-ahead electricity market: A scenario analysis","Energy Policy",2026,"Maksym Koltunov; Filippo Beltrami; Luigi Grossi; Nicola Blasuttigh","IT","Renewable energy; Environmental economics; Electricity; Counterfactual thinking; Software deployment; Prosumer","article",0,"","Incluido"
"W4288280370","10.48550/arxiv.1907.12370","Design and Field Implementation of Blockchain Based Renewable Energy\n Trading in Residential Communities","arXiv (Cornell University)",2019,"Shivam Saxena; Hany E. Z. Farag; Aidan Brookson; Hjalmar Turesson; Henry Kim","","Blockchain; Microgrid; Smart contract; Clearing; Renewable energy; Environmental economics","preprint",0,"This paper proposes a peer to peer (P2P), blockchain based energy trading\nmarket platform for resid...","Incluido"
"W4242802707","10.26889/9781907555602","Decarbonisation of the electricity sector","",2012,"Malcolm Keay; John Rhŷs; David Robinson","","Electricity; Business; Natural resource economics; Environmental science; Industrial organization; Economics","report",7,"Governments across the OECD are committed to ambitious reductions in CO2 emissions. Electricity is c...","Incluido"
"W4410604726","10.3390/en18112670","Lower-Carbon Substitutes for Natural Gas for Use in Energy-Intensive Industries: Current Status and Techno-Economic Assessment in Lithuania","Energies",2025,"Aurimas Lisauskas; Nerijus Striūgas; Adolfas Jančauskas","LT","Natural gas; Current (fluid); Natural resource economics; Energy (signal processing); Carbon fibers; Natural (archaeology)","article",2,"Significant shortfalls in meeting the climate mitigation targets and volatile energy markets make ev...","Incluido"
"W7153420694","","Capacity mechanisms within the EU internal electricity market as a response to security of supply and energy transition","Dione (University of Piraeus)",2026,"Maria Arvaniti; Μαρία Αρβανίτη","","Economics; Per capita; Renewable energy; Electricity market; Cournot competition; Electricity","dissertation",0,"The thesis aims to answer whether and under which conditions capacity mechanisms (CMs) can effective...","Incluido"
"W4410444294","10.3390/en18102578","Assessing the Implications of Integrating Small Modular Reactors in Modern Power Systems","Energies",2025,"Christos K. Simoglou; I. Kaissas; Pandelis N. Biskas","GR","Modular design; Power (physics); Computer science; Systems engineering; Nuclear engineering; Engineering","article",6,"This paper investigates the long-term impact of integrating emerging Small Modular Reactors (SMR) in...","Incluido"
"W2972817401","10.1016/j.ifacol.2019.08.246","Mechanism Design for Virtual Power Plant with Independent Distributed Generators","IFAC-PapersOnLine",2019,"Alfiya Kulmukhanova; Ali T. Al‐Awami; Ibrahim El‐Amin; Jeff S. Shamma","SA","Dispatchable generation; Virtual power plant; Distributed generation; Electricity; Grid; Electricity market","article",9,"Penetration of distributed energy resources (DERs) in the legacy grid is leading to lower wholesale ...","Incluido"
"W4229492711","10.26889/9781784670948","Electricity market design for a decarbonised future","",2017,"Rahmatallah Poudineh; Donna Peng","GB","Electricity market; Electricity; Business; Computer science; Engineering; Electrical engineering","report",6,"In recent years, the debate on electricity market design in the EU has focused on the fitness-for-pu...","Incluido"
"W3096905602","","Can renewable energy, with LNG for flexibility, replace nuclear energy as a base-load option in South Africa?","Boloka Institutional Repository (North-west University)",2020,"F.S. Espinheira","","Renewable energy; Flexibility (engineering); Natural resource economics; Engineering; Business; Environmental economics","dissertation",0,"As a result of the low prices realised in Bid Window 4 of the REIPPP programme, a growing number of ...","Incluido"
"W2962999774","10.5445/ir/1000096476","Capacity remuneration mechanisms for electricity markets in transition","Repository KITopen (Karlsruhe Institute of Technology)",2019,"Andreas Bublitz","","Remuneration; Electricity; Business; Transition (genetics); Economics; Labour economics","dissertation",3,"","Incluido"
"W3081628074","10.3390/su12177139","Managing Wind Turbine Generators with a Profit Maximized Approach","Sustainability",2020,"Dominik McInnis; Massimiliano Capezzali","CH","Tariff; Electricity; Subsidy; Electricity market; Profit (economics); Revenue","article",4,"In Europe, at least 3 GW installed capacity of wind turbine generators (WTG) will fall out of subsid...","Incluido"
"W3002865939","10.33223/epj/109994","A review of the 2018 Polish capacity market auctions","Polityka Energetyczna – Energy Policy Journal",2019,"Aleksandra Komorowska; Jacek Kamiński","PL","Common value auction; Business; Economics; Microeconomics","article",15,"A review of the 2018 Polish capacity","Incluido"
"W4405080779","10.5194/wes-9-2283-2024","Designing wind turbines for profitability in the day-ahead market","Wind energy science",2024,"Mihir Kishore Mehta; Michiel Zaaijer; Dominic von Terzi","NL","Wind power; Profitability index; Business; Environmental science; Engineering; Finance","article",4,"Abstract. Traditionally, wind turbine and wind farm designs have been optimized to minimize the cost...","Incluido"
"W4392507363","10.3390/commodities3010007","Green Ammonia Production in Stochastic Power Markets","Commodities",2024,"Ezio Lauro; Amélie Têtu; Hélyette Geman","GB; US; NO","Renewable energy; Flexibility (engineering); Procurement; Electricity; Production (economics); Environmental economics","article",5,"Real assets in the energy market are subject to ecological uncertainty due to the penetration of ren...","Incluido"
"W2531493895","10.13140/rg.2.2.22845.67048","Long-term dynamics of investment decisions in electricity markets with variable renewables development and adequacy objectives","HAL (Le Centre pour la Communication Scientifique Directe)",2016,"Marie Petitet","FR","Humanities; Economy; Political science; Economics; Art","dissertation",4,"Les marchés électriques libéralisés sont supposés assurer la coordination de long terme des investis...","Incluido"
"W4210913289","10.1016/j.eneco.2022.105853","An analysis of zonal electricity pricing from a long-term perspective","Energy Economics",2022,"Quentin Lété; Yves Smeers; Anthony Papavasiliou","","Electricity market; Economics; Electricity; Cash flow; Microeconomics; Complementarity (molecular biology)","article",19,"In an era of energy transition, it is crucial to ensure that the design of the short-term electricit...","Incluido"
"W2961521169","10.5547/01956574.39.5.zcse","Technology Choices in the U.S. Electricity Industry before and after Market Restructuring","The Energy Journal",2018,"Zsuzsanna Csereklyei; David I. Stern","AU","Restructuring; Electricity; Coal; Natural gas prices; Electricity market; Economics","article",10,"We study the drivers of the adoption of electricity generation technologies between 1970 and 2014 in...","Incluido"
"W2428470557","10.2139/ssrn.2808636","Current and Future Challenges Facing the European Union's Energy System","SSRN Electronic Journal",2016,"Daniel J. Tulloch; Ben Caldecott","GB","European union; Current (fluid); Political science; International trade; Business; Engineering","preprint",1,"","Incluido"
"W4378628009","10.35833/mpce.2023.000061","Achievements and Challenges in European Energy Markets","Journal of Modern Power Systems and Clean Energy",2023,"Christoph Weber","DE","European union; Competition (biology); Electricity; Sustainability; Energy market; Industrial organization","article",7,"The European electricity and gas markets have been deregulated more than two decades before. From ra...","Incluido"
"W2149153412","10.17863/cam.5687","Melting-pots and salad bowls: the current debate on electricity market design for RES integration","RePEc: Research Papers in Economics",2013,"Jean‐Michel Glachant; Arthur Henriot","IT","Software deployment; Electricity; Remuneration; Flexibility (engineering); Industrial organization; Renewable energy","preprint",4,"This paper discusses a series of issues regarding the economic integration of intermittent renewable...","Incluido"
"W3083010823","10.3390/en13184596","Evaluation of the Administrative Phase-Out of Coal Power Plants on the Italian Electricity Market","Energies",2020,"Michele Fiorelli; Dogan Keles; Francesco Montana; Giovanni Lorenzo Restifo; Eleonora Riva Sanseverino; Gaetano Zizzo","DE; IT","Electricity; Electricity market; Electricity generation; Coal; Stand-alone power system; Environmental economics","article",3,"Although decarbonisation is one of the most important macro-trends of this century, electricity gene...","Incluido"
"W3094227448","10.1016/j.tej.2020.106863","Scarcity pricing and the missing European market for real-time reserve capacity","The Electricity Journal",2020,"Anthony Papavasiliou","BE","Scarcity; Economics; Valuation (finance); Electricity market; Business; Electricity","article",25,"Scarcity pricing is a valuable step towards the evolution of electricity markets that rely increasin...","Incluido"
"W3033176352","10.3390/en13112816","Lifetime Degradation Cost Analysis for Li-Ion Batteries in Capacity Markets using Accurate Physics-Based Models","Energies",2020,"Ahmed Gailani; Maher Al‐Greer; Michael Short; Tracey Crosbie; Nashwan Dawood","GB","Degradation (telecommunications); Battery (electricity); Charge cycle; Battery capacity; Depth of discharge; Electrolyte","article",8,"Capacity markets (CM) are energy markets created to ensure energy supply security. Energy storage de...","Incluido"
"W4385469346","10.1007/s40518-023-00223-4","The EU Commission’s Proposal for Improving the Electricity Market Design: Treading Water, but not Drowning","Current Sustainable/Renewable Energy Reports",2023,"Carlos Batlle; Tim Schittekatte; Paolo Mastropietro; Pablo Rodilla","US; IT; ES","Remuneration; Flexibility (engineering); Electricity; Commission; Electricity market; Business","article",10,"Abstract Purpose of Review On March 14, 2023, the European Commission (EC) published the much awaite...","Incluido"
"W7106330116","10.11575/prism/50721","Decarbonizing Alberta’s Oil Sands: Integrating Electrothermal Energy Storage and Renewable Energy to Reduce Greenhouse Gas Emissions from Steam Production","Open MIND",2025,"Asiamah, Victor","","Renewable energy; Greenhouse gas; Waste management; Electricity; Natural resource economics; Production (economics)","report",0,"Electrothermal energy storage (ETES) presents a promising pathway for decarbonizing steam production...","Incluido"
"W2938334209","10.26889/9781784671341","The limits of auctions","",2019,"Malcolm Keay; David Robinson","GB","Common value auction; Business; Computer science; Economics; Microeconomics","report",7,"This paper looks at the deployment of auctions in electricity systems, and in particular at the pred...","Incluido"
"W4324131037","10.5463/thesis.65","Economics of sustainable electricity supply: The German electricity market","",2023,"Andreas Coester","","Renewable energy; Natural resource economics; Electricity; Greenhouse gas; Mains electricity; Nuclear power","dissertation",0,"The industrial activities that our modern civilization depends upon have increased CO2 and other gre...","Incluido"
"W2400556064","","Unbundling of electricity transmission system operators in Germany: An experience report","RePEc: Research Papers in Economics",2014,"Gert Brunekreeft; Mika Goto; Roland Meyer; Masahiro Maruyama; Toru Hattori","DE","Unbundling; Competition (biology); Industrial organization; Electricity; Business; Process (computing)","preprint",5,"The purpose of this research is to evaluate the impact of vertical unbundling on German electric uti...","Incluido"
"W4285008691","10.1080/02646811.2022.2088175","Regulating radical innovations in the EU electricity markets: time for a robust sandbox","Journal of Energy & Natural Resources Law",2022,"Kanerva Sunila; Ari Ekroos","FI","Sandbox (software development); Pace; Legislation; Electricity; Business; Industrial organization","article",6,"During the last decade, the level of detail and complexity in the EU electricity market legislation ...","Incluido"
"W2557608535","10.5445/ir/1000059424","Group Formation in Smart Grids : Designing Demand Response Portfolios","Repository KITopen (Karlsruhe Institute of Technology)",2016,"Johannes Gärttner","","Demand response; Group (periodic table); Computer science; Engineering; Electricity; Chemistry","dissertation",7,"","Incluido"
"W4400380074","10.2139/ssrn.4887443","3-Party Covenant Financing Of ‘Semi-Regulated’ Pumped Hydro Assets","SSRN Electronic Journal",2024,"Paul Simshauser; Nicholas Gohdes","","Covenant; Business; Finance; Political science; Law","preprint",1,"","Incluido"
"W4294562814","10.36687/inetwp191","Navigating the crises in European energy: Price Inflation, Marginal Cost Pricing, and Principles for Electricity Market Redesign in an Era of Low-Carbon Transition","",2022,"Michael Grubb","SE; GB","Electricity; Economics; Revenue; Electricity market; Marginal cost; Electricity generation","report",12,"The energy crisis engulfing Europe is a crisis of both gas and electricity markets, with huge cost i...","Incluido"
"W4289866375","10.1016/j.ejor.2022.07.052","Long-run optimal pricing in electricity markets with non-convex costs","European Journal of Operational Research",2022,"Conleigh Byers; Gabriela Hug","CH","Economic surplus; Economics; Microeconomics; Convex hull; Transfer pricing; Marginal cost","article",19,"Determining optimal prices in non-convex markets remains an unsolved challenge. Non-convex costs are...","Incluido"
"W2781558467","10.2514/6.2018-1872","Nonlinear Guidance and Autopilot Design for Lunar Soft Landing","2018 AIAA Guidance, Navigation, and Control Conference",2018,"Avijit Banerjee; Radhakant Padhi","IN","Autopilot; Soft landing; Nonlinear system; Aerospace engineering; Moon landing; Computer science","conference-paper",2,"In this paper a nonlinear suboptimal guidance and autopilot design is presented for the powered brak...","Incluido"
"W2919638040","","An interdisciplinary assessment of energy security risks in the Finnish energy market","Aaltodoc (Aalto University)",2019,"Jaakko Jääskeläinen","","Energy (signal processing); Energy security; Business; Risk analysis (engineering); Engineering; Renewable energy","other",2,"Climate change is currently one of the most compelling global threats, and energy sector accounts fo...","Incluido"
"W2945839443","","Large-Scale Balancing with Norwegian Hydro Power in the Future European Electricity Market","TNO Repository",2017,"Paul Koutstaal; M. va. Hout","","Volatility (finance); Electricity market; Electricity; Economics; Industrial organization; Hydroelectricity","report",3,"In this study insights are gained on the impact of a future expansion of Norwegian Hydro Power. Two ...","Incluido"
"W3124617025","","Innovation in the energy sector","RePEc: Research Papers in Economics",2013,"Klaus S. Friesenbichler","","Business; Software deployment; Industrial organization; Subsidy; Economics; Environmental economics","preprint",0,"This study analyses the diffusion of renewable energy (RE) technologies. It analyses the transition ...","Incluido"
"W4388564047","10.32479/ijeep.14833","Capacity Payments in the Turkish Electricity Market: A Necessity or Policy?","International Journal of Energy Economics and Policy",2023,"Aysun Korucan; Okan Yardımcı","TR","Scope (computer science); Payment; Turkish; Environmental economics; Electricity; Industrial organization","article",2,"Capacity mechanisms have been implemented in different forms for various purposes. Contrary to alter...","Incluido"
"W3132297181","10.3390/en14041124","Re-Designing GB’s Electricity Market Design: A Conceptual Framework Which Recognises the Value of Distributed Energy Resources","Energies",2021,"Thomas Pownall; Iain Soutar; Catherine Mitchell","GB","Electricity market; Electricity; Distributed generation; Electricity retailing; Industrial organization; Business","article",12,"The design of electricity markets determines the technologies, services and modes of operation that ...","Incluido"
"W7166943559","","Analysis of the Impact of Wind and Solar Generation on Wholesale Electricity Prices in the Spanish Electricity Market, 2020–2025","Lund University Publications Student Papers (Lund University)",2026,"Ignacio Biosca Ferrando","","Renewable energy; Electricity; Ordinary least squares; Electricity generation; Econometrics; Economics","other",0,"This thesis analyses how the growth of wind and solar PV generation has affected wholesale electrici...","Incluido"
"W4402789222","10.1088/1748-9326/ad7edd","A bottom–up regional potential assessment of bioenergy with carbon capture and storage in Germany","Environmental Research Letters",2024,"Mohammad Sadr; Danial Esmaeili Aliabadi; Matthias Jordan; Daniela Thrän","DE","Carbon capture and storage (timeline); Bioenergy; Environmental science; Carbon fibers; Bio-energy with carbon capture and storage; Carbon sequestration","article",11,"Abstract Bioenergy with Carbon Capture and Storage (BECCS) is a bio-based Carbon Dioxide Removal Tec...","Incluido"
"W3004630673","10.15495/epub_ubt_00004544","Potentials of energy informatics to incentivize flexibility in the energy system in a short- and long-term perspective","ERef Bayreuth (University of Bayreuth)",2020,"Michael Schöpf","DE","Perspective (graphical); Term (time); Flexibility (engineering); Energy (signal processing); Computer science; Economics","dissertation",0,"To mitigate climate change, international agreements aim on decarbonization of energy supply. With e...","Incluido"
"W2337527832","10.5547/01956574.38.2.mlyn","Investment vs. Refurbishment: Examining Capacity Payment Mechanisms Using Stochastic Mixed Complementarity Problems","The Energy Journal",2016,"Muireann Á. Lynch; Mel T. Devine","IE","Complementarity (molecular biology); Remuneration; Payment; Mixed complementarity problem; Investment (military); Electricity","article",20,"Capacity remuneration mechanisms exist in many electricity markets. Capacity mechanism designs do no...","Incluido"
"W4402765004","10.3390/en17184752","Review and Assessment of Decarbonized Future Electricity Markets","Energies",2024,"Ali Darudi; Hannes Weigt","CH","Electricity; Natural resource economics; Economics; Business; Engineering; Electrical engineering","article",4,"The electricity sector plays a key role in achieving zero emissions targets. The required transition...","Incluido"
"W4311258325","10.5109/5909055","Demand Elasticity Estimation from the Japanese National Electricity Grid Considering Wholesale Market Price","Proceedings of International Exchange and Innovation Conference on Engineering & Sciences (IEICES)",2022,"Mohamed Saad Suliman; Hooman Farzaneh","JP","Price elasticity of demand; Elasticity (physics); Electricity market; Estimation; Wholesale market; Electricity","conference-paper",1,"Estimating the electricity demand elasticity is the fundamental step in designing an efficient deman...","Incluido"
"W4387529788","10.21314/jem.2023.024","Incremental wind energy development in the Midcontinent Independent System Operator electricity markets of the United States","The Journal of Energy Markets",2023,"Han Qi; Kang Cao; C.K. Woo; Raymond Li","HK; AU","Incentive; Wind power; Investment (military); Natural gas prices; Economics; Offset (computer science)","article",0,"In this paper we project how much incremental wind energy development may occur without causing inad...","Incluido"
"W2613359066","","Electricity market integration of stochastic renewable resources : efficiency and risk tradeoffs","DSpace@MIT (Massachusetts Institute of Technology)",2017,"Ian Schneider","","Renewable energy; Electricity market; Environmental economics; Electricity; Business; Natural resource economics","dissertation",2,"Thesis: S.M. in Technology and Policy, Massachusetts Institute of Technology, School of Engineering,...","Incluido"
"W7160731559","","Isolated by Design: An Analysis of the Texas Energy Grid","Fordham Research Commons (Fordham University)",2026,"Samantha Prado","US","Climate change; Renewable energy; Electricity; Energy security; Natural resource economics; Energy policy","article",0,"This paper examines how climate change impacts Texas’s energy grid and identifies strategies for bui...","Incluido"
"W4407771372","10.5772/intechopen.1009105","The Economics of Integrating Distributed Energy Resources into the Electricity System","IntechOpen eBooks",2025,"Matthew E. Oliver","US","Distributed generation; Electricity; Electricity system; Environmental economics; Electricity retailing; Energy (signal processing)","book-chapter",0,"This chapter provides a broad overview of current economic issues related to integrating distributed...","Incluido"
"W2993834030","10.5445/ir/1000095229","Engineering Local Electricity Markets for Residential Communities","Repository KITopen (Karlsruhe Institute of Technology)",2019,"Esther Mengelkamp","","Electricity market; Electricity; Microgrid; Smart grid; Grid; Computer science","dissertation",26,"In line with the progressing decentralization of electricity generation, local electricity markets (...","Incluido"
"W4302011062","10.21919/remef.v17i4.795","Market-value of Renewables in the Young Mexican Power Market","Revista Mexicana de Economía y Finanzas",2022,"David Talavera-Zabre","","Renewable energy; Electricity market; Investment (military); Economics; Electricity; Wind power","article",0,"This research aims to find the effect that renewables have to reduce the electricity price (the meri...","Incluido"
"W4414140111","10.1016/j.enpol.2025.114875","A review of determining reliability standards for electricity supply via value of lost load and cost of new entry in the EU","Energy Policy",2025,"Rudolf Kapeller; Jakob Kulawik; Katharina Rusch; Melanie Knöbl; Christina Kockel; Jan Priesmann; Johannes Reichl; Aaron Praktiknjo","AT; DE","Comparability; Reliability (semiconductor); Industrial organization; Business; Electricity; Environmental economics","article",4,"Ensuring security of supply is a cornerstone of European energy policy, particularly in the light of...","Incluido"
"W4412699161","10.3390/en18154019","Price Impacts of Energy Transition on the Interconnected Wholesale Electricity Markets in the Northeast United States","Energies",2025,"Jay Zarnikau; C.K. Woo; Kang Cao; Han Qi","US; HK; CN","Hydroelectricity; Renewable energy; Electricity; Electricity market; Order (exchange); Economics","article",0,"Our regression analysis documents that energy policies to promote renewable energy development, as w...","Incluido"
"W4408566271","10.1016/j.jup.2025.101926","The capacity market debate: What is the underlying market failure?","Utilities Policy",2025,"Darryl R. Biggar; Mohammad Reza Hesamzadeh","AU; SE","Market failure; Economics; Business; Industrial organization; Microeconomics","article",4,"Investment in liberalized wholesale electricity markets is typically not driven by spot and forward ...","Incluido"
"W2563697653","10.22149/teee.v2i1.77","Redefinition of the Scarcity Price: lessons and recommendations from the Colombian electricity market","Transactions on Environment and Electrical Engineering",2016,"Emanuel J. Llanos-Perez; Laura M. Hinestroza-Olascuaga","PT","Scarcity; Electricity market; Diversification (marketing strategy); Market failure; Electricity; Economics","article",2,"The Colombian government introduced a capacity market in order to promote the diversification in the...","Incluido"
"W2598361515","","Policy instruments for ancillary services and capacity adequacy","Aaltodoc (Aalto University)",2011,"Maria Elina Elojärvi","","Business; Process management; Computer science; Risk analysis (engineering)","dissertation",0,"This thesis examines the needs of power systems, the different instruments used to meet those needs,...","Incluido"
"W4366089617","10.1007/s43069-023-00203-w","Learning by Doing: Insights from Power Market Modelling in Energy Economics Courses","Operations Research Forum",2023,"Hannes Hobbie; Constantin Dierstein; Dominik Möst; Matthew Schmidt","DE","Profitability index; Portfolio; Market power; Curriculum; Competition (biology); Energy market","article",1,"Abstract Much of energy economics curricula involves the study of techno-economic aspects of energy ...","Incluido"
"W76775478","","Quatre essais d’économie sur l’intégration dans les réseaux électriques Européens des sources d’énergie renouvelable intermittentes","HAL (Le Centre pour la Communication Scientifique Directe)",2014,"Arthur Henriot","","Predictability; Flexibility (engineering); Renewable energy; Investment (military); Scale (ratio); Production (economics)","dissertation",3,"Cette thèse porte sur une série de problèmes d’efficacité économique créés par le développement de m...","Incluido"
"W2469969233","10.14279/depositonce-3850","Analysis of investments in electricity markets","DepositOnce",2013,"Andreas Schröder","","Electricity; Business; Economics; Engineering; Electrical engineering","dissertation",1,"Im Zuge der Energiewende ergibt sich in der Elektrizitätswirtschaft der Bedarf an einer grundlegende...","Incluido"
"W3118785556","10.17863/cam.62835","The distortionary cost of marginal wind curtailment","Apollo (University of Cambridge)",2020,"David Newbery","","Marginal cost; Economics; Natural resource economics; Environmental science; Microeconomics","report",1,"At high levels of wind penetration the requirements of dispatchable reserves and inertia limit the v...","Incluido"
"W2991186430","10.1007/s10272-019-0849-5","The EU Electricity Sector Will Need Reform, Again","Intereconomics",2019,"Irina Kustova; Christian Egenhofer","BE","Electricity; Commission; European commission; Energy transition; Carbon neutrality; Business","article",5,"The low-carbon transition, for example in line with the European Commission’s proposed Long-Term Str...","Incluido"
"W4210246744","10.2172/1842976","Task 25 Webinar: Design and Operation of Energy Systems with Large Amounts of Variable Generation [Slides]","",2022,"Hannele Holttinen; Bethany Frew; Damian Flynn; Nicolaos Antonio Cutululis; Magnus Korpås","US; DK; NO","Variable renewable energy; Renewable energy; Wind power; Flexibility (engineering); Variable (mathematics); Computer science","report",2,"This slide deck is for a webinar to the IEA Task 25 participants and Executive Committee (ExCo). The...","Incluido"
"W2799655728","","Effects of intermittent generation on the economics and operation of prospective baseload power plants","DSpace@MIT (Massachusetts Institute of Technology)",2017,"Jordan Taylor Kearns","","Base load power plant; Power (physics); Economics; Electricity generation; Thermodynamics; Physics","dissertation",3,"Thesis: S.M. in Technology and Policy, Massachusetts Institute of Technology, School of Engineering,...","Incluido"
"W3132845932","","Summary of the State-of-the-Art report","Data Archiving and Networked Services (DANS)",2018,"Ghanim Putrus; Richard Kötter; Yue Wang; Ridoy Das; Geoff O'Brien; Xuewu Dai; Edward Bentley; Yue Cao; Reneé Heller; Ramesh Prateek; Becky Gough","","State (computer science); Computer science; Programming language","report",3,"","Incluido"
"W1624738654","10.1109/pesgm.2015.7285890","Standardized contracts with swing for the market-supported procurement of energy and reserve","",2015,"Leigh Tesfatsion; Deung-Yong Heo","US; KR","Procurement; Flexibility (engineering); Service (business); Order (exchange); Business; Payment","conference-paper",2,"● permits full, separate, market-based compensation for service availability and service performance...","Incluido"
"W3032446877","10.2139/ssrn.2639133","A Coordinated Strategic Reserve to Safeguard the European Energy Transition","SSRN Electronic Journal",2015,"Karsten Neuhoff; Jochen Diekmann; Friedrich Kunz; Sophia Rüster; Wolf-Peter Schill; Sebastian Schwenen","DE; IT","Business; Safeguard; Procurement; Context (archaeology); Electricity; Electricity market","preprint",2,"","Incluido"
"W4283065703","10.3390/en15124387","Asset Profitability in the Electricity Sector: An Iterative Approach in a Linear Optimization Model","Energies",2022,"Annika Gillich; Kai Hufendiek","DE","Profitability index; Scarcity; Investment (military); Economics; Portfolio optimization; Marginal cost","article",7,"In a competitive electricity market, generation capacities can exactly cover their full costs. Howev...","Incluido"
"W2914034486","","Implementing capacity subscription in the Dutch electricity market: An impact assessment using fundamental analysis","Research Repository (Delft University of Technology)",2019,"Joris Zwijnenburg","","Renewable energy; Electricity market; Remuneration; Electricity; Environmental economics; Business","dissertation",0,"The production of renewable energy is steadily going up, and as a result of the (almost) zero-margin...","Incluido"
"W2802332755","10.55016/ojs/sppp.v11i1.43169","Capacity Market Design: Motivation and Challenges in Alberta’s Electricity Market","The School of Public Policy Publications",2018,"David P. Brown","CA","Electricity market; Business; Electricity; Industrial organization; Engineering; Electrical engineering","article",0,"Alberta’s electricity market is currently undergoing a period of substantial transition. The provinc...","Incluido"
"W4402733552","10.48550/arxiv.2407.21409","Price formation without fuel costs: the interaction of demand elasticity with storage bidding","arXiv (Cornell University)",2024,"Tom Brown; Fabian Neumann; Iegor Riepin","","Bidding; Microeconomics; Economics; Price elasticity of demand; Industrial organization; Business","preprint",0,"Studies looking at electricity market designs for very high shares of wind and solar often conclude ...","Incluido"
"W3128314784","10.3390/w13091170","Economic Sustainability of Small-Scale Hydroelectric Plants on a National Scale—The Italian Case Study","Water",2021,"A. Raimondi; Filippo Bettoni; Alberto Bianchi; Gianfranco Becciu","IT","Hydroelectricity; Sustainability; Incentive; Environmental economics; Context (archaeology); Economics","article",1,"The feasibility of hydroelectric plants depends on a variety of factors: water resource regime, geog...","Incluido"
"W3107194120","10.4337/9781789905472.00020","How to ensure adequate investment in power plants?","Edward Elgar Publishing eBooks",2020,"Leonardo Meeus; Athir Nouicer","","Investment (military); Resource (disambiguation); Plan (archaeology); Mechanism (biology); Politics; Capacity building","book-chapter",0,"In the seventh chapter of this book, we cover European practices to ensure adequate investment in po...","Incluido"
"W7134022237","","Ο ρόλος των Ανανεώσιμων Πηγών Ενέργειας (ΑΠΕ) στην αγορά ηλεκτρικής ενέργειας","Dione (University of Piraeus)",2026,"Αλεξάνδρα Χαμπηλομάτη","","Identification (biology); Point (geometry); Work (physics); Computer science; Product (mathematics); Relation (database)","dissertation",0,"Η παρούσα διπλωματική εργασία εξετάζει τον ρόλο των Ανανεώσιμων Πηγών Ενέργειας (ΑΠΕ) στη διαμόρφωση...","Incluido"
"W3216599763","10.3386/w29510","Electricity Price Distributions in Future Renewables-Dominant Power Grids and Policy Implications","National Bureau of Economic Research",2021,"Dharik S. Mallapragada; Cristian Junge; Cathy Xun Wang; Johannes P. Pfeifenberger; Paul Joskow; Richard Schmalensee","","Renewable energy; Electricity; Electricity price; Economics; Electricity market; Environmental economics","report",4,"Future electricity systems with tight constraints on carbon emissions will rely much more on wind an...","Incluido"
"W2512321446","10.5075/epfl-irgc-228194","Demand-Side Flexibility for Energy Transitions: Policy Recommendations for Developing Demand Response","Infoscience (Ecole Polytechnique Fédérale de Lausanne)",2017,"Anjali Nursimulu; Marie‐Valentine Florin; François Vuille","CH","Flexibility (engineering); Demand response; Demand side; Software deployment; Renewable energy; Industrial organization","report",2,"As a follow-up to IRGC's report on demand-side flexibility for energy transitions, this Policy Brief...","Incluido"
"W2486056848","10.2172/1255431","Clean Restructuring: Design Elements for Low-Carbon Wholesale Markets and Beyond. A 21st Century Power Partnership Thought Leadership Report","",2016,"Monisha Shah; José María Valenzuela; Hector Alejandro Beltran Mora; Kim Moller Porst; Anders Hasselager; Sandra Friis-Jensen; Mette Vingaard; Fabian Wigand; Silvana Tiedemann; Lori Bird; Owen Zinaman; Jeffrey Logan","US; CO; DK; DE","Restructuring; General partnership; Clean technology; Electricity; Industrial organization; Business","report",1,"Countries around the world are in various stages of reforming and restructuring their power systems ...","Incluido"
"W7135269131","","Designing electricity markets for high penetration of zero or low marginal cost intermittent energy sources","ANU Open Research (Australian National University)",2020,"L. Gordon; D. Stern; A. Shanker; M. Hogan","AU","Scarcity; Economics; Electricity; Electricity market; Renewable energy; Incentive","report",0,"This article explores key market design issues to be addressed in future electricity markets dominat...","Incluido"
"W2758804939","10.20472/iac.2017.032.006","MANAGERIAL DECISION MAKING AND COST REDUCTION FOR WIND DEPLOYMENT AS AN ALTERNATIVE ENERGY","",2017,"Nemanja Backović; Bojan Ilić; Vesna Milićević","RS","Wind power; Context (archaeology); Environmental economics; Software deployment; Efficient energy use; Incentive","conference-paper",1,"This paper analyses the modern aspect and framework of business decision making related to investmen...","Incluido"
"W2794859395","10.1080/15325008.2018.1432724","The Economic Benefits of Generation Revenue and Demand Payment Assessment in Pool-based Market Model: The Case of Malaysia","Electric Power Components and Systems",2018,"Zuraidah Ngadiron; Nur Hanis Mohammad Radzi; Mohammad Yusri Hassan; Ramesh C. Bansal","MY; ZA","Revenue; Context (archaeology); Payment; Electricity market; Electricity generation; Environmental economics","article",6,"In Malaysia, as the Power Purchased Agreement is coming toward the end, pool market model is recogni...","Incluido"
"W4387623344","10.2139/ssrn.4601591","Green Ammonia Production in Stochastic Power Markets","SSRN Electronic Journal",2023,"Ezio Lauro; Amélie Têtu; Hélyette Geman","US","Production (economics); Ammonia; Power (physics); Ammonia production; Economics; Environmental science","preprint",1,"","Incluido"
"W2948625851","10.11591/eei.v8i4.1591","The generation revenue and demand payment assessment for pool based market model in Malaysia electricity supply industry","Bulletin of Electrical Engineering and Informatics",2019,"Zuraidah Ngadiron; Nur Hanis Mohammad Radzi; M. Y. Hassan","MY","Revenue; Payment; Supply and demand; Revenue model; Business; Electricity market","article",2,"The objective of this paper is to address the economic benefits in term of generation revenue and de...","Incluido"
"W2746780247","10.17863/cam.12942","Market Power in the Capacity Market? The Case of Ireland","RePEc: Research Papers in Economics",2017,"Juha Teirilä","","Electricity market; Factor market; Market power; Market share analysis; Market saturation; Market microstructure","preprint",6,"An electricity market coupled with a capacity market is modelled as a two-stage game that allows for...","Incluido"
"W52622847","","Incentive or impediment? : the impact of capacity mechanisms on storage plants","Cadmus - EUI Research Repository (European University Institute)",2013,"Katrin Schmitz; Bjarne Steffen; Christoph Weber","","Stylized fact; Remuneration; Incentive; Electricity; Investment (military); Environmental economics","report",1,"Capacity remuneration mechanisms are a widespread instrument to foster investment. The growing inter...","Incluido"
"W2302416064","","Kapazitätsmechanismen als Rettungsschirm der Energiewende?Zur Versorgungssicherheit bei hohen Anteilen fluktuierender erneuerbarer Energien im Stromsystem","Social Science Open Access Repository (GESIS – Leibniz Institute for the Social Sciences)",2015,"Matthias Reeg; Robert Brandt; Erik Gawel; Sven Heim; Klaas Korte; Paul Lehmann; Philipp Massier; Dominik Schober; Sandra Wassermann","","Political science; Humanities; Philosophy","report",4,"Die Frage, ob Liberalisierung und Energiewende die Schaffung eines Kapazitätsmarkts zur Gewährleistu...","Incluido"
"W3113223269","10.3390/en13246676","Evaluation of Synergies in the Context of European Multi-Business Utilities","Energies",2020,"Jens Fuhrmann; Reinhard Madlener","DE; NO","Context (archaeology); Business model; Industrial organization; Business; German; Energy market","article",10,"In this paper, we evaluate selected multi-business utilities in the European energy market with rega...","Incluido"
"W2580051408","","The Economics Of Demand Aggregators In Electricity Markets","eCommons (Cornell University)",2015,"Hao Lu","","Electricity; Electricity demand; Economics; Demand response; Electricity market; Industrial organization","dissertation",1,"Distributed storage capacity at load centers (e.g. deferrable demand) can lower the total cost of ge...","Incluido"
"W2525651841","10.57938/198df8f7-6be0-4177-94f9-1cf87ccc001c","Investment under Uncertainty in Electricity Generation","RePEc: Research Papers in Economics",2016,"Klaus Gugler; Adhurim Haxhimusa; Mario Liebensteiner; Nora Schindler","","Investment (military); Sunk costs; Incentive; Electricity; Economics; Industrial organization","preprint",1,"The recent transformation of European electricity markets with increasing generation from intermitte...","Incluido"
"W3126453686","10.2172/1762434","Quantifying Rooftop Solar Benefits: A State-Level Value of Solar Analysis for India","",2021,"Thomas Bowen; Carishma Gokhale-Welch; Karlynn Cory; Naïm Darghouth","US","Context (archaeology); Environmental economics; Key (lock); Compensation (psychology); Cost–benefit analysis; Value (mathematics)","report",1,"Analyses that quantify the costs and benefits associated with rooftop solar (RTS) adoption and opera...","Incluido"
"W4403902914","10.2172/2475078","Electricity Markets Design Challenge [Slides]","",2024,"Nongchao Guo; Luke Lavin; Amanda Morton; Libby Arnold; Amber Frumkin; Pradyumna Rao; Andrew Alberg; Erfaneh Sharifi; Tyler Gipson; Anna Yee","US","Electricity; Business; Engineering; Electrical engineering","report",0,"Electricity markets are at a crossroads - join the U.S. Department of Energy and the National Renewa...","Incluido"
"W2399836245","","Auction design for a strategic reserve market for generation adequacy: On the incentives under different auction scoring rules","RePEc: Research Papers in Economics",2013,"Gert Brunekreeft; Roland Meyer; Margarethe Rammerstorfer","","Incentive; Scoring rule; Order (exchange); Selection (genetic algorithm); Microeconomics; Energy market","preprint",2,"How should we select winning bids of generation units for strategic reserves that consist of capacit...","Incluido"
"W7137538310","","Aggregoitu kysyntäjousto virtuaalivoimalaitoksessa: Suomalainen tapaustutkimus","Aaltodoc (Aalto University)",2020,"Eero Paavilainen","","Flexibility (engineering); Engineering; Reliability engineering; Context (archaeology); Electric power system; Renewable energy","other",0,"The rising penetration of intermittent and inertia-free generation such as wind power and photovolta...","Incluido"
"W2147970833","10.3917/rpve.541.0007","Scenario outlook and adequacy forecast in bipolar power systems : the impact of a climate target","Reflets et perspectives de la vie économique",2015,"Danielle Devogelaer","","Economics; Humanities; Political science; Philosophy","article",3,"Cet article étudie l’adéquation de la production électrique en Belgique et examine non seulement son...","Incluido"
"W4288143637","10.1186/s42162-019-0098-7","Abstracts from the 8th DACH+ Conference on Energy Informatics","Energy Informatics",2019,"","","Informatics; Computer science; Political science; Law","conference-abstract",6,"Local electricity markets (LEMs) provide an innovative market design alternative to the centralized,...","Incluido"
"W3122006049","","Capacity mechanisms on Central European electricity markets: Effects on consumers, producers and technologies until 2033","RePEc: Research Papers in Economics",2014,"Thure Traber","","Electricity; Business; Attractiveness; Price elasticity of demand; Economics; Industrial organization","preprint",0,"The reduced attractiveness of investments in reliable power plants under conditions of liberalized m...","Incluido"
"W4281752158","10.2339/politeknik.1115044","A Market Based Electricity Capacity Mechanism Model for Turkey","Journal of Polytechnic",2022,"Mehmet Ali KÖLMEK; Tayfun Menlik","TR","Medicine","article",0,"Market players in a liberalized electricity sector are subject to trading energy through bilateral a...","Incluido"
"W3198113263","","Aggregated Demand Response in a Virtual Power Plant: A Finnish Case Study","Aaltodoc (Aalto University)",2020,"Eero Paavilainen","","Power (physics); Computer science; Physics; Quantum mechanics","other",0,"The rising penetration of intermittent and inertia-free generation such as wind power and photovolta...","Incluido"
"W2783673201","10.17863/cam.17551","Designing an electricity wholesale market to accommodate significant renewables penetration: Lessons from Britain","RePEc: Research Papers in Economics",2017,"David Newbery","","Renewable energy; Electricity market; Futures contract; Dispatchable generation; Common value auction; Market penetration","preprint",4,"The wholesale market has to address two major market failures - inadequate carbon prices in the EU E...","Incluido"
"W2783990072","10.17863/cam.17552","Risk trading in capacity equilibrium models","RePEc: Research Papers in Economics",2017,"Gauthier de Maere d’Aertrycke; Andreas Ehrenmann; Daniel Ralph; Yves Smeers","","Cournot competition; Economics; Mathematical economics; Imperfect competition; Nash equilibrium; Mixed complementarity problem","preprint",18,"We present a set of power investment models, the class of risky capacity equilibrium problems, refle...","Incluido"
"W2626169833","","Crossing Borders: A regional approach to generation adequacy concerns under increasing VRE output in North West Europe","Research Repository (Delft University of Technology)",2016,"Kuipers, D.F.M. (author)","","Electricity market; Incentive; Electricity; Renewable energy; Industrial organization; Electricity generation","dissertation",0,"The North West European electricity market is undergoing significant changes. The market is in the p...","Incluido"
"W3135778973","10.1109/sges51519.2020.00046","An Electricity Spot Market Mechanism for Hybrid Bidding of Fossil-fueled and Renewable Generators","2020 International Conference on Smart Grids and Energy Systems (SGES)",2020,"Jiajia Yang; Fushuan Wen; Qixin Chen","AU; CN","Renewable energy; Electricity market; Bidding; Electricity; Wind power; Environmental economics","conference-paper",0,"Due to the problems of climate change and global warming, severe air pollution and energy security, ...","Incluido"
"W4248043974","10.4337/9781788979955.00012","Strengths and weaknesses of the British market model","Edward Elgar Publishing eBooks",2021,"David Newbery","","Business; Incentive; Restructuring; Investment (military); Renewable energy; Common value auction","book-chapter",1,"The state-owned CEGB was unbundled and privatised with a centrally dispatched pool and capacity paym...","Incluido"
"W4392874420","","Market based decarbonization and the interaction with reliability policies","RePEc: Research Papers in Economics",2024,"Georg Thomaßen; Thomas Brückner","","Reliability (semiconductor); Business; Environmental economics; Economics; Physics; Thermodynamics","preprint",0,"This paper investigates market-based decarbonization, driven by carbon pricing, and under different ...","Incluido"
"W3125417656","10.22004/ag.econ.142947","Redistribution Effects of Energy and Climate Policy: The Electricity Market","RePEc: Research Papers in Economics",2012,"Lion Hirth; Falko Ueckerdt; Hirth, Lion; Ueckerdt, Falko","DE","Allocative efficiency; Redistribution (election); Subsidy; Economics; Externality; Electricity","preprint",0,"Energy and climate policies are usually seen as measures to internalize externalities. However, as a...","Incluido"
"W4399056021","10.59490/imdc.2024.899","Special ship design and ocean space multi-use synergies","IMDC.",2024,"Sigurd Solheim Pettersen; Arnstein Eknes","NO","Space (punctuation); Marine engineering; Oceanography; Computer science; Aeronautics; Geology","conference-paper",2,"This paper introduces the concept of synergistic multi-use between offshore wind and other sectors i...","Incluido"
"W2789570384","","Analyse du développement optimal des technologies du stockage de l’électricité dans des marchés avec forte pénétration des énergies renouvelables à apport variable","HAL (Le Centre pour la Communication Scientifique Directe)",2017,"Manuel Villavicencio","FR","Humanities; Political science; Forestry; Philosophy; Geography","dissertation",2,"L’essor des technologies renouvelable à apport variable pose des nombreuses difficultés dans le fonc...","Incluido"
"W4317858196","10.5281/zenodo.7519823","Proceedings of GSM 2022 - 6th Grid Service Market Symposium","Zenodo (CERN European Organization for Nuclear Research)",2023,"Christoph Imboden; Bošnjak, Davor; Moser, Michael; Hatziargyriou, Nikos; Kudela, Thomas; Nucci, Carlo Alberto; Kockar, Ivana; Schwark, Bastian; Svendstrup-Bjerre, Andreas; Ziegler, Sebastian; Hock, James; Moore, Fiona; Spirig, Michael","","GSM; Computer science; Service (business); Telecommunications; Grid; Business","conference-paper",0,"The regularly published statistics about the European energy mix and imports from Eurostat 1 shows, ...","Incluido"
"W2945081669","","Financing investment in new electricity generation capacity in Northwest Europe","TNO Repository",2013,"Paul Koutstaal","NL","Investment (military); Electricity; Business; Finance; Electricity generation; Natural resource economics","other",1,"-","Incluido"
"W2904386671","10.1007/978-3-030-03152-7_10","A Unilateral Climate and Supply Market Model","",2018,"Eike Blume-Werry; Martin Koller; Martin Everts","AT; CH","Remuneration; Allowance (engineering); Emissions trading; European union; Economics; Production (economics)","book-chapter",1,"Abstract In the midst of its respective energy transitions, the European power sector faces several ...","Incluido"
"W4403661625","10.48550/arxiv.2409.08343","Beyond Price-Taker: Multiscale Optimization of Wind and Battery Integrated Energy Systems","arXiv (Cornell University)",2024,"Xinhe Chen; Xianhua Gao; Darice Guittet; Radhakrishna Tumbalam Gooty; Bernard Knueven; John D. Siirola; David C. Miller; Alexander W. Dowling","","Wind power; Battery (electricity); Energy (signal processing); Computer science; Environmental science; Engineering","preprint",0,"Decarbonizing global energy systems requires extensive integration of renewable energy into the elec...","Incluido"
"W4412787526","10.54660/.jfmr.2025.6.2.140-161","Integrated Grid Optimization for Deep Decarbonization: A Multi-ISO Simulation Study across MISO, CAISO, and ERCOT (2025–2030)","Journal of Frontiers in Multidisciplinary Research",2025,"Kelvin Bassey","GB","Power grid; Grid; Environmental science; Computer science; Nuclear engineering; Power (physics)","article",0,"As renewable energy penetration rapidly increases, Independent System Operators (ISOs) face unpreced...","Incluido"
"W4213453521","10.1016/j.egyr.2022.02.052","Design of power generation capacity adequacy mechanism based on revenue call options","Energy Reports",2022,"Cheng Huang; Zheyu Du; Tianyao Ji; Zhe Chen; Runze Liu; Zhaoxia Jing; Qian Zhou; Yongyong Jia","CN","Scarcity; Revenue; Forward contract; Electricity market; Business; Environmental economics","article",1,"The design of the power generation capacity adequacy mechanism requires comprehensive consideration ...","Incluido"
"W2918326408","10.17863/cam.37458","On the impact of government-initiated CfD’s in Australia’s National Electricity Market","RePEc: Research Papers in Economics",2019,"Paul Simshauser","","Market liquidity; Spot market; Business; Hedge; Spot contract; Forward market","preprint",0,"An intriguing characteristic of Australian energy market policymaking is the almost exclusive focus ...","Incluido"
"W4411152084","10.2139/ssrn.5286368","Grid Connection Sizing of Hybrid Pv-Battery Systems: Navigating Market Volatility and Infrastructure Constraints","SSRN Electronic Journal",2025,"Samir Jeddi","","Sizing; Grid connection; Grid; Volatility (finance); Connection (principal bundle); Battery (electricity)","preprint",0,"","Incluido"
"W4385339387","10.52202/069564-0124","Multi-Criteria Scenario Development for Linear Optimization Models Utilizing Carbon-Containing Exhaust Gases","",2023,"Matthias Sadlowski; Chae Eon Lim","DE","Carbon footprint; Computer science; Boom; Linear programming; Greenhouse gas; Electricity","conference-paper",1,"Using the exhaust gases from the steel mill generation to produce chemicals can be a promising carbo...","Incluido"
"W7137398959","","China’s Carbon-Energy Policy and Asia’s Energy Transition","Directory of Open access Books (OAPEN Foundation)",2022,"","","Computable general equilibrium; China; Economics; Energy policy; Coal; Sustainability","other",0,"This book seeks to examine the impacts associated with China’s carbon-energy policy in Asia and how,...","Incluido"
"W7154585742","10.3390/en19081924","Unlocking Seasonal Capacity Value: A Sub-Annual Capacity Market for Economic Robustness","Energies",2026,"Qingmeng Meng; Shuailong Zhang; Xingquan Zhao; Peng Zou; Huiqiang Zhi","CN; IN","Robustness (evolution); Renewable energy; Payment; Clearing; Market clearing; Standard deviation","article",0,"As variable renewable energy penetration increases, resource adequacy becomes strongly seasonal, whi...","Incluido"
"W2569333965","10.22618/tp.ei.20151.192001","Integration of Capacity Markets into the European Electricity Market","Engineering and industry",2015,"Giorgos Stamtsis; Vassilis Lychnaras","","Electricity market; Business; Electricity; Market integration; Industrial organization; Economics","book-chapter",2,"The present paper analyses the evolution of the capacity markets within the context of the European ...","Incluido"
"W2342456674","10.3917/rfe.154.0141","Aides publiques aux énergies éolienne et photovoltaïque","Revue française d économie",2016,"Jacques Percebois","FR","Humanities; Political science; Art","article",4,"Plusieurs mécanismes sont utilisés en Europe pour promouvoir le développement rapide des énergies re...","Incluido"
"W7170224677","","Stochastic Capacity Accreditation: Incentivizing Resource Adequacy under Weather Uncertainty","arXiv (Cornell University)",2026,"Hangrui Liu; Shen Wang; Audun Botterud; Miguel F. Anjos","","Investment (military); Accreditation; Renewable energy; Resource (disambiguation); Reliability (semiconductor); Environmental economics","preprint",0,"High penetrations of variable renewable energy introduce significant resource adequacy challenges, p...","Incluido"
"W4402378803","10.7494/manage.2023.24.2.187","Literature review. Pricing rule alternatives for the European day-ahead market","Managerial Economics",2024,"Felix Weißensteiner","AT","Economics; Financial economics; Business","article",2,"This literature review delves into the intricate realm of pricing rules in the day-ahead electricity...","Incluido"
"W4417488538","10.1016/j.egyai.2025.100665","Assessing long-term electricity market design for ambitious decarbonization targets using multi-agent reinforcement learning","Energy and AI",2025,"Javier Gonzalez-Ruiz; Carlos Rodríguez-Pardo; Iacopo Savelli; Alice Di Bella; Massimo Tavoni","IT","Stylized fact; Electricity market; Electricity; Reinforcement learning; Industrial organization; Investment (military)","article",1,"Electricity systems are key to transforming today’s society into a carbon-free economy. Long-term el...","Incluido"
"W7131394001","10.5445/ir/1000190927","Government backed credit guarantee schemes for offtaker counterparty risk under corporate power purchase agreements","Repository KITopen (Karlsruhe Institute of Technology)",2026,"Johann Schütt; Fabian Kächele","","Default; Business; Credit risk; Revenue; Payment; Finance","article",0,"","Incluido"
"W3006217308","","Analysing evolutionary pathways for the European power system resulting from climate mitigation policy","Arrow@dit (Dublin Institute of Technology)",2019,"F. Gaffney","","Climate policy; Climate change; Environmental resource management; Regional science; Geography; Political science","dissertation",0,"The need for robust analysis of decarbonisation pathways has never been as high or as demanding. Glo...","Incluido"
"W239586033","","Lønnsomhet i produksjon i et system med en stor andel fornybar energi","BIBSYS Brage (BIBSYS (Norway))",2014,"Ingri Marie Hyldbakk","","Political science; Humanities; Art","dissertation",1,"Denne masteroppgaven omhandler det Nordeuropeiske kraftsystemet med en høy andel fornybar energi. De...","Incluido"
"W3031665702","10.1007/978-3-030-40154-2_6","Special Report 5: International Energy Cooperation and Governance","Advances in oil and gas exploration & production",2020,"Jigang Wei; P Webb","CN; NL","Corporate governance; Investment (military); Business; Energy supply; Environmental economics; Quality (philosophy)","book-chapter",1,"Currently, the global energy landscape is undergoing major shifts in terms of demand, supply, techno...","Incluido"
"W2906659417","10.5445/ir/1000035593","Flexible Demand in Smart Grids - Modeling and Coordination","Repository KITopen (Karlsruhe Institute of Technology)",2013,"Christoph M. Flath","","Multitude; Flexibility (engineering); Computer science; Grid; Smart grid; Distributed computing","dissertation",4,"The economic analysis of smart grid capabilities needs to incorporate physical boundaries as hard co...","Incluido"
"W7132831023","10.3390/app16052342","Research on Capacity Cost Compensation Mechanism for Coal-Fired Power in the Electricity Market Environment","Applied Sciences",2026,"Xueting Cheng; Shuyan Zeng; Xiao Chang; Huiping Zheng; Jianbin Fan; Jian Le; Zheng Fang","CN","Market clearing; Electricity market; Bidding; Clearing; Marginal cost; Electricity","article",0,"With the rapid expansion of renewable energy and the acceleration of electricity market reforms, coa...","Incluido"
"W4299802339","10.5281/zenodo.7134874","Priority areas of implementation of the Efficiency First principle in buildings and related energy systems","Zenodo (CERN European Organization for Nuclear Research)",2021,"Zsuzsanna Pató; Tim Mandel; Senta Schmatzberger; Jean-Sébastien Broc; Janne Rieke-Boll; Ivana Rogulj; Eftim Popovski; Sheikh Zuhaib","DE; BE; NL","Architectural engineering; Energy (signal processing); Efficient energy use; Computer science; Engineering; Mathematics","report",1,"However simple the concept is, implementing the Energy Efficiency First (EE1st) principle has proved...","Incluido"
"W2481957861","","Public policies for the development of solar photovoltaic energy and the impacts on dynamics of technology systems and markets","HAL (Le Centre pour la Communication Scientifique Directe)",2016,"Hyun Jin Julie Yu","","Photovoltaic system; Context (archaeology); Consumption (sociology); Public policy; Industrial organization; Environmental economics","dissertation",1,"Le marché des systèmes photovoltaïques a connu une forte croissance cette dernière décennie soutenue...","Incluido"
"W7197173038","","Market potential of V2G for grid stability","Osuva (University of Vaasa)",2025,"Mansoor Mahmud","","Electrification; Renewable energy; Environmental economics; Software deployment; Prosumer; Electric power system","dissertation",0,"Electrification of transport sector is essential to achieve net-zero targets. Globally, transport co...","Incluido"
"W7133533105","10.2172/3016085","Gravity Well Commercial Economics Assessment: Potential Revenue and Cost: Cooperative Research and Development (Final Report)","",2026,"Energy Efficiency Office. Advanced Manufacturing and Materials Technologies Office (AMMTO) USDOE Office of Energy Efficiency and Renewable Energy (EERE); Dayo Akindipe; USDOE Office of Critical Minerals and Energy Innovation (CMEI); Renewell Energy, Bakersfield, CA (United States); Merve Turan; Sertaç Akar; Wesley Cole; Dora Shlosberg; Nicole Taverna; Stefan Streckfus; Sarah Douglass","US","Economics; Revenue; Business; Development (topology); Microeconomics; Industrial organization","report",0,"In the Gravity Well Revenue Study, we evaluate the potential revenue from energy storage using histo...","Incluido"
"W4392226623","","The techno-economic stakes associated to the integration of renewables into electric systems","theses.fr (ABES)",2021,"Pierre Cayet","","Renewable energy; Economic system; Engineering; Economics; Electrical engineering","other",0,"France has set itself the ambitious triple objective of increasing the share of renewable energies i...","Incluido"
"W1927983407","","Impacts of environmental regulation and wind penetration level on the ERCOT market","Texas ScholarWorks (Texas Digital Library)",2012,"Joo Hyun Jin","","Market penetration; Wind power; Electricity market; Renewable energy; Environmental economics; Electricity","other",0,"As more renewable resources are added into the grid and environmental regulations are imposed to red...","Incluido"
"W2337876770","10.4233/uuid:763acac3-1281-4fb5-a0ba-5ee10448017e","Regulatory Design of Capacity Remuneration Mechanisms in Regional and Low-Carbon Electric Power Markets","Research Repository (Delft University of Technology)",2016,"Paolo Mastropietro","","Remuneration; Electric power; Business; Power (physics); Finance; Physics","dissertation",4,"Capacity remuneration mechanisms (CRMs) are “climbing” regulatory agendas in all liberalised power s...","Incluido"
"W4392318905","","Optimizing distributed flexibility provision in competitive wholesale markets considering local constraints in the distribution grid","HAL (Le Centre pour la Communication Scientifique Directe)",2023,"Marion Pichoud","FR","Flexibility (engineering); Grid; Distribution grid; Industrial organization; Business; Distribution (mathematics)","dissertation",1,"Ce travail étudie la pertinence de mécanismes de coordination des actifs de gestion de la demande pa...","Incluido"
"W7132198063","","Demand and supply of dispatchable generation in the power system of the Netherlands, 2030-2050","TNO Repository",2026,"J.P.M. Sijm; N. Martin Gregorio; N. Y. Wang","","Dispatchable generation; Context (archaeology); Renewable energy; Electricity; Flexibility (engineering); Electricity generation","report",0,"The Netherlands – being part of the EU – aims at a climate-neutral society in 2050. For the Netherla...","Incluido"
"W4391962743","10.26668/businessreview/2024.v9i2.3553","COMPETITIVENESS ASSESSMENT WITH THE IMPLEMENTATION OF AN ENERGY CAPACITY MARKET IN BRAZIL","International Journal of Professional Business Review",2024,"Thaís Mélega Prandini; Moacir de Miranda Oliveira; Aline Mariane de Faria","","Blueprint; Context (archaeology); Nonmarket forces; Market analysis; Industrial organization; Originality","article",1,"Purpose: This article investigates issues related to the need to implement a capacity market in the ...","Incluido"
"W7126781127","","Winds Worth Winning? Evaluating Cost-Efficiency and Procurement Viability in the 2025 Danish 2.8 GW Offshore Tenders","Research at the University of Copenhagen (University of Copenhagen)",2025,"Jacob Hannemann Friis-Hasché; Malthe Dyrby Thomassen","","Call for bids; Submarine pipeline; Procurement; Danish; Business; Work (physics)","dissertation",0,"Offshore wind is a cornerstone technology for reaching European renewable energy targets, but recent...","Incluido"
"W4416109929","10.32782/3041-2080/2025-5-4","ЕКОНОМІЧНА ДОЦІЛЬНІСТЬ СИСТЕМ ЗБЕРІГАННЯ ЕНЕРГІЇ НА ФОТОЕЛЕКТРИЧНИХ СТАНЦІЯХ З УРАХУВАННЯМ КОЛИВАНЬ ЦІНИ НА РИНКУ ЕЛЕКТРОЕНЕРГІЇ","Naukovij žurnal Metìnvest polìtehnìki. Serìâ: Tehnìčnì nauki.",2025,"Денис Володимирович Кононюк; Артем Володимирович Рухлов","","Cost of electricity by source; Energy (signal processing); Renewable energy; Mathematics; Energy source; Work (physics)","article",0,"Коливання оптових цін на електроенергію, зокрема зростання частоти появи нульових і негативних цін у...","Incluido"
"W7133548504","10.48336/207","Battery energy storage systems for energy arbitrage: market selection and price forecasting optimization","Open MIND",2026,"Inam Ullah Khan","","Electricity market; Arbitrage; Electricity; Volatility (finance); Economics; Electricity price forecasting","dissertation",0,"The rapid integration of variable renewable energy (VRE) sources into electricity grids has disrupte...","Incluido"
"W7124516327","","Lämmön varastoinnin teknistaloudellinen arviointi kaupunkien kaukolämpösovelluksissa","Aaltodoc (Aalto University)",2023,"Carlo Porru","","Context (archaeology); Renewable energy; Production (economics); Key (lock); Investment (military); Environmental economics","dissertation",0,"District heating (DH) is shifting from carbon-intensive energy sources towards intermittent renewabl...","Incluido"
"W2909740741","","The present profitability of grid-scale lithium-ion batteries in Finland and future prospects","Aaltodoc (Aalto University)",2018,"Juhani Riikonen","","Scale (ratio); Profitability index; Lithium (medication); Environmental science; Grid; Computer science","dissertation",0,"This thesis studies the present profitability of grid-scale lithium-ion batteries in Finland combine...","Incluido"
"W3122249793","10.15781/t2x921k67","The Regulatory Contract in the Marketplace","Texas ScholarWorks (Texas Digital Library)",2016,"David B. Spence; Emily Hammond","","Natural monopoly; Monopoly; Economics; Industrial organization; Competition (biology); Electricity market","article",1,"For decades, energy policy has struggled to reconcile two distinct visions for the future: the first...","Incluido"
"W2996706503","","Giving the Green Light to the Green : Facilitating the integration of variable renewable electricity into the power system","Data Archiving and Networked Services (DANS)",2019,"Jing Hu","","Variable renewable energy; Renewable energy; Environmental economics; Business; Electricity market; Electric power system","dissertation",0,"Variable renewable energy (VRE) technologies convert stochastic weather flows (e.g. wind and solar) ...","Incluido"
"W7133544717","10.3390/en19051276","A Bilevel Multi-Market Coupling Optimization Framework for Nuclear Power Integration: Joint Modeling of Energy, Reserve, and Capacity Markets","Energies",2026,"Peng Ji; Yi Liu; Nan Li; Zhongfu Tan","CN","Stylized fact; Bilevel optimization; Profit maximization; Economics; Mathematical optimization; Nuclear power","article",0,"This paper develops a bilevel multi-market coupling optimization framework to analyze the strategic ...","Incluido"
"W3121756239","10.5445/ir/1000104471","On the Role of Electricity Storage in Capacity Remuneration Mechanisms","Repository KITopen (Karlsruhe Institute of Technology)",2019,"Christoph Fraunholz; Dogan Keles; Wolf Fïchtner","DE; DK","Remuneration; Electricity; Environmental economics; Electricity market; Electricity generation; Renewable energy","book",1,"","Incluido"
"W3176583507","","Taking stock of wholesale power markets in developing countries : a literature review","RePEc: Research Papers in Economics",2018,"Hugh Rudnick; Constantin Velásquez","CL","Business; Industrial organization; Restructuring; Market power; Incentive; Supply and demand","preprint",0,"Although many developing countries have&#13;\n yet to meet the considerable prerequisites for es...","Incluido"
"W4388684571","10.48550/arxiv.2311.06426","Incentivizing Investment and Reliability: A Study on Electricity Capacity Markets","arXiv (Cornell University)",2023,"Guo Cheng; Christian Kroer; Yury Dvorkin; Daniel Bienstock","","Electricity market; Revenue; Investment (military); Industrial organization; Factor market; Market power","preprint",1,"The capacity market, a marketplace to exchange available generation capacity for electricity product...","Incluido"
"W2527684428","","Sensitivitätsanalyse für Stromspeicher als Flexibilitätsoption in Energiesystemen mit hohem Anteil fluktuierender Erzeugung","elib (German Aerospace Center)",2015,"M. Pohl","","Gynecology; Political science; Physics; Humanities; Art; Medicine","dissertation",0,"Das Elektrizitätsversorgungssystem in Europa, insbesondere in Deutschland, befindet sich in einem Um...","Incluido"
"W4299803454","10.5281/zenodo.7133434","Defining and contextualizing the E1st principle","Zenodo (CERN European Organization for Nuclear Research)",2020,"Zsuzsanna Pató; Jean-Sébastien Broc; Tim Mandel; Benigna Boza‐Kiss; Senta Schmatzberger","NL; DE; AT; BE","Epistemology; Geography; Philosophy","report",1,"Efficiency First (E1st) is now an established principle of EU energy policy. It has been embedded in...","Incluido"
"W2793218756","","The economic potential of Demand Response in liberalised electricity markets – A quantitative assessment for the French power system","HAL (Le Centre pour la Communication Scientifique Directe)",2018,"Antoine Verrier","","Humanities; Political science; Art","dissertation",1,"Dans l’industrie électrique, le progrès technologique apporté par les réseaux intelligents vient déf...","Incluido"
"W3132074812","10.1186/s42162-019-0098-7","enCOMPASS, demonstrating the impact of gamification and persuasive visualizations for energy saving","Virtual Community of Pathological Anatomy (University of Castilla La Mancha)",2019,"Piero Fraternali; Sergio Luis Herrera González","","Computer science; Energy (signal processing); Human–computer interaction; Psychology; Aesthetics; Art","article",1,"In this demo we present the enCOMPASS energy awareness app. The app is designed to turn the raw data...","Incluido"
"W2462366433","","The impact of outages on the profitability of HVDC-cables between the Nordic area and the continent using the EMPS model","Duo Research Archive (University of Oslo)",2015,"Christian Sørum Melaaen","","Profitability index; Environmental science; Engineering; Forensic engineering; Business; Finance","dissertation",0,"This master thesis investigates sudden HVDC-cable exchange limitations between thermal-based and hyd...","Incluido"
"W2255917775","","Investment vs. refurbishment: Examining capacity payment mechanisms using mixed complementarity problems with endogenous probability","RePEc: Research Papers in Economics",2015,"Muireann Á. Lynch; Mel T. Devine","IE","Remuneration; Complementarity (molecular biology); Payment; Mixed complementarity problem; Investment (military); Procurement","preprint",1,"Capacity remuneration mechanisms exist in many electricity markets. Capacity mechanism designs do no...","Incluido"
"W2777057475","10.5445/ir/1000076941","Intermediation in Future Energy Markets: Innovative Product Design and Pricing","Repository KITopen (Karlsruhe Institute of Technology)",2017,"Florian Salah El Din","","Business; Intermediation; Product (mathematics); Commerce; Industrial organization; Finance","dissertation",0,"In order to mitigate the impacts of climate change, the international community envisages significan...","Incluido"
"W7167943187","10.11575/prism/51613","Electricity Price Forecasting in Alberta’s Reserve Market: A Comprehensive Multi-Scale Temporal Analysi","Open MIND",2026,"Daniel Walton","","Volatility (finance); Econometrics; Electricity market; Energy market; Random forest; Economics","dissertation",0,"This thesis presents a comprehensive multi-scale temporal analysis of price forecasting in Alberta’s...","Incluido"
"W2970099111","10.2139/ssrn.3644253","Capacity Mechanisms and the Technology Mix in Competitive Electricity Markets","SSRN Electronic Journal",2019,"Pär Holmberg; Robert A. Ritz","SE; GB","Electricity market; Electricity; Investment (military); Microeconomics; Industrial organization; Externality","preprint",1,"","Incluido"
"W3162599351","10.2139/ssrn.4340183","Economic Regulation and Efficiency of Electricity Systems","SSRN Electronic Journal",2023,"Daniel Daví-Arderius","DK; ES","Electricity; Business; Electricity generation; Environmental economics; Renewable energy; Consumption (sociology)","preprint",0,"","Incluido"
"W4385349769","10.31224/3138","Performance of Wholesale Electricity Markets with High Wind Penetration","",2023,"Daniel Marshman","","Penetration (warfare); Electricity; Business; Wind power; Electricity retailing; Industrial organization","preprint",0,"This paper examines the impact of progressively deeper levels of wind generation and/or abatement on...","Incluido"
"W7124440414","10.1371/journal.pone.0339305","Offshore wind and hybrids - A counterfactual case study for impacts in the coupled day-ahead market of Europe","PLoS ONE",2026,"Felix Jakob Fliegner; Helge Stefan Esch; Thure Traber; Marius Schrade","DE","Offshore wind power; Counterfactual thinking; Wind power; Electricity; Submarine pipeline; Electricity market","article",0,"Europe's ambitious offshore wind targets hinge on the development of a single interconnected electri...","Incluido"
"W7111868749","","EDP - Energias de Portugal: accelerating green growth delivery","New University of Lisbon's Repository (New University of Lisbon)",2024,"Pinto, Francisco Maria Malfeito Ferreira de Serpa","","Investment (military); Renewable energy; Business; Equity (law); Engineering; Risk analysis (engineering)","dissertation",0,"This Master Thesis takes the form of an Equity Research Report on EDP – Energias de Portugal, aiming...","Incluido"
"W7128878183","","L’economia delle fonti rinnovabili variabili: effetti di penetrazione, variabilita dei prezzi di mercato e contratti per differenza","Archivio istituzionale della ricerca (Alma Mater Studiorum Università di Bologna)",2026,"Matteo Alvisi","","Humanities; Economics; Political science; Economy; Welfare economics; Cointegration","book-chapter",0,"Il saggio analizza gli effetti economici della crescente integrazione delle fonti rinnovabili variab...","Incluido"
"W7172274358","10.37798/2026752747","Potential Assessment and Techno-Economic Analysis of Offshore Wind Farm in Croatia","Journal of Energy - Energija",2026,"Juraj Havelka; Andrija Mustapić","HR; KR","Offshore wind power; Submarine pipeline; Wind power; Environmental science; Marine engineering; Renewable energy","article",0,"The aim of the paper is to assess the technical and energy potential of offshore wind farms in the A...","Incluido"
"W3202817698","10.26481/dis.20210831if","Transition towards a renewable European electricity system","",2021,"Iulia Falcan","","Electricity system; Renewable energy; Electricity; Transition (genetics); Business; Environmental economics","dissertation",0,"CHAPTER 5. CONCLUSIONS system are less than half of those associated with a system where power trade...","Incluido"
"W7168251711","10.1016/j.adapen.2026.100294","Market impacts of nuclear energy in hydro-dominated power systems","Advances in Applied Energy",2026,"Martin Hjelmeland; Jonas Kristiansen Nøland","NO","Nuclear power; Energy (signal processing); Electric power system; Business; Energy market; Economics","article",0,"Hydro-dominated power systems benefit from large operational flexibility, but remain vulnerable to i...","Incluido"
"W4411026894","10.36644/mlr.123.6.build","Build Public Renewables, Again","Michigan Law Review",2025,"Sandeep Vaheesan","","Law and economics; Business; Economics; Public economics; Natural resource economics","article",0,"A review of The Price Is Wrong: Why Capitalism Won’t Save the Planet. By Brett Christophers.","Incluido"
"W4411027066","10.36646/mlr.123.6.build","Build Public Renewables, Again","University of Michigan Journal of Law Reform",2025,"Sandeep Vaheesan","","Law reform; Renewable energy; Business; Law and economics; Public economics; Political science","article",0,"A review of The Price Is Wrong: Why Capitalism Won’t Save the Planet. By Brett Christophers.","Incluido"
"W2944857769","","Discussion Paper: Generation Capacity Investments and High Levels of Renewables. The Impact of a German Capacity Market on Northwest Europe","TNO Repository",2013,"Paul Koutstaal; M. va. Hout","","German; Renewable energy; Capacity development; Nameplate capacity; Business; Natural resource economics","report",0,"-","Incluido"
"W7161947515","10.5445/ir/1000193499","Design limits and investment risks of mid-term storage under uncertain market conditions","Repository KITopen (Karlsruhe Institute of Technology)",2026,"J. Stelzer; Katharina Esser; Thorsten Weiskopf; Armin Ardone; Valentin Bertsch; Wolf Fichtner","","Flexibility (engineering); Investment (military); Renewable energy; Capital expenditure; Economics; Duration (music)","article",0,"","Incluido"
"W4415312632","10.48550/arxiv.2506.14664","An advanced reliability reserve incentivizes flexibility investments while safeguarding the electricity market","PubMed",2025,"Franziska Klaucke; Karsten Neuhoff; Alexander Röth; Wolf-Peter Schill; Leon Stolle","","Flexibility (engineering); Electricity market; Business; Environmental economics; Incentive; Electricity","article",0,"To ensure security of supply in the power sector, many countries are considering capacity mechanisms...","Incluido"
"W2263482891","","The Impact of Renewable Power Generation on the Profitability of Solar District Heating - An Economic Point of View","elib (German Aerospace Center)",2014,"Evelyn Sperber","DE","Photovoltaic system; Renewable energy; Cogeneration; Electricity generation; TRNSYS; Renewable heat","conference-paper",0,"The intermittency of power generation by wind and photovoltaic results in volatile spot prices at th...","Incluido"
"W2156803704","","Feed-in tariffs for promoting solar PV: progressing from dynamic to allocative efficiency","Munich Personal RePEc Archive (Ludwig Maximilian University of Munich)",2012,"William Paul Bell; John Foster","AU","Allocative efficiency; Economics; Microeconomics; Distribution (mathematics); Investment (military); Electricity","report",0,"The International Energy Agency has observed that nearly all countries now offer, or are planning, f...","Incluido"
"W3028115521","","On the emergence of the energy transition","Leiden Repository (Leiden University)",2019,"Oscar Kraan","","Pace; Electricity; Energy transition; Population; Collective action; Energy system","dissertation",0,"&lt;p&gt;The energy system is at the heart of two of the greatest challenges of the 21st cen...","Incluido"
"W2893111288","","Перспективы итальянского сектора электроэнергетики: оценка возможных стратегических моделей","CyberLeninK (CyberLeninka)",2018,"Винченцо Бьянко","","Business","article",0,"Статья посвящена возможным сценариям развития энергетики в Италии. В частности, рассмотрена эволюция...","Incluido"
"W7167186649","","Operational performance optimization strategies per storage option, 1st report OESTER Results 1.1","TNO Repository",2026,"V. Bonnin; A. Bechlenberg; S. Stark","","Computer science; Reliability engineering; Production (economics); Work (physics); Engineering; Process (computing)","report",0,"V1.6","Incluido"
"W3202889249","10.18154/rwth-2020-09987","Economic Feasibility of Semi-Underground Pumped Storage Hydropower Plants in Open-Pit Mines","Repository KITopen (Karlsruhe Institute of Technology)",2020,"Michael Wessel; Reinhard Madlener; Christoph Hilgers","DE","Net present value; Present value; Cash flow; Revenue; Profit (economics); Production (economics)","article",0,"This work aims at the economic evaluation of a semi-underground pumped hydro storage power plant ere...","Incluido"
"W7151881266","10.70675/637f4af0zf1cbz4286zac80z2c14a4f3cd00","Economic analysis of the impacts of market design and investor behavior on the long-term dynamics in a power sector under decarbonization","",2024,"Alexis Lebeau","FR","Humanities; Economics; Economic analysis; Political science; Welfare economics; Economy","dissertation",0,"Analyse économique des impacts de l'architecture de marché et du comportement des investisseurs sur ...","Incluido"
"W7159734682","","An analysis of demand response incentives and regulatory capital for Finnish energy balancing","Aaltodoc (Aalto University)",2026,"Alexander Krohn","","Incentive; Flexibility (engineering); Demand response; Economics; Industrial organization; Public economics","dissertation",0,"This thesis examines how regulatory capital frameworks and demand response incentives influence long...","Incluido"
"W2346689108","10.58079/obvs","Energie : papiers de recherche moissonnés du 29 juin au 3 juillet 2015","OpenEdition (OpenEdition)",2015,"Danièle Revel","","Humanities; Art; Political science","other",0,"Pétrole : du carbone pour la croissance / Céline Antonin, Bruno Ducoudré, Hervé Péléraux, Christine ...","Incluido"
"W4376108041","10.5194/egusphere-2022-885-ac1","Reply on RC1","",2023,"Chris Chen Gong","DE","Econometrics; Computer science; Contrast (vision); Scope (computer science); Electricity; Process (computing)","peer-review",0,"<strong class=""journal-contentHeaderColor"">Abstract.</strong> Integrated assessment mode...","Incluido"
"W4221159152","10.48550/arxiv.2203.08902","Price Tracing: Linking Nodal Prices in Optimized Power Systems","arXiv (Cornell University)",2022,"Fabian Hofmann; Markus Schlott","","Tracing; Marginal cost; Computer science; Economics; Electric power system; Cost allocation","preprint",0,"Optimizing the total cost of power systems is a common tool for network operation and planning. Besi...","Incluido"
"W7159829717","10.3390/automation7030067","A Techno-Economic Analysis Using DERs on Apartments as Virtual Power Plants Based on Cooperative Game Theory","Automation",2026,"Janak Nambiar; Samson Yu; Ian Lilley; Hieu Trinh","AU; GB","Apartment; Shapley value; Subsidy; Environmental economics; Virtual power plant; Game theory","article",0,"This study presents a techno-economic analysis of deploying distributed energy resources (DERs), spe...","Incluido"
"W4297675634","10.48550/arxiv.2209.02340","Bidirectional coupling of a long-term integrated assessment model REMIND v3.0.0 with an hourly power sector model DIETER v1.0.2","RePEc: Research Papers in Economics",2022,"Chen Chris Gong; Falko Ueckerdt; Robert Pietzcker; Adrian Odenweller; Wolf-Peter Schill; Martin Kittel; Gunnar Luderer","DE","Computer science; Contrast (vision); Convergence (economics); Variable renewable energy; Scope (computer science); Mathematical optimization","preprint",0,"Integrated assessment models (IAMs) are a central tool for the quantitative analysis of climate chan...","Incluido"
"W4399911263","10.48550/arxiv.2406.13851","Optimizing Quantile-based Trading Strategies in Electricity Arbitrage","arXiv (Cornell University)",2024,"Ciaran O’Connor; Joseph Collins; Steven Prestwich; Andrea Visentin","","Arbitrage; Quantile; Statistical arbitrage; Econometrics; Electricity; Economics","preprint",0,"Efficiently integrating renewable resources into electricity markets is vital for addressing the cha...","Incluido"
"W7133529045","10.20944/preprints202603.0236.v1","&lt;span class=""word""&gt;A &lt;span class=""word""&gt;Techno-&lt;span class=""word""&gt;Economic &lt;span class=""word""&gt;Analysis &lt;span class=""word""&gt;&lt;span class=""changedDisabled""&gt;Using &lt;span class=""word""&gt;DERs &lt;span class=""word""&gt;on &lt;span class=""word""&gt;Apartments &lt;span class=""word""&gt;as &lt;span class=""word""&gt;Virtual &lt;span class=""word""&gt;Power &lt;span class=""word""&gt;Plants &lt;span class=""word""&gt;&lt;span class=""changedDisabled""&gt;Based &lt;span class=""word""&gt;on &lt;span class=""word""&gt;Cooperative &lt;span class=""word""&gt;Game &lt;span class=""word""&gt;Theory","Preprints.org",2026,"Janak Nambiar; Samson S. Yu; Ian Lilley; Hieu Trinh","","Subsidy; Environmental economics; Shapley value; Net present value; Business; Profit (economics)","preprint",0,"This study presents a techno-economic analysis of deploying distributed energy resources (DERs), spe...","Incluido"
"W4398856189","10.48550/arxiv.2405.14717","The impact of temporal hydrogen regulation on hydrogen exporters and their domestic energy transition","arXiv (Cornell University)",2024,"Leon Schumm; Hazem Abdel-Khalek; Tom Brown; Falko Ueckerdt; Michael Sterner; Davide Fioriti; Max Parzen","","Hydrogen; Transition (genetics); Hydrogen fuel; Energy (signal processing); Environmental science; Natural resource economics","preprint",0,"As global demand for green hydrogen rises, potential hydrogen exporters move into the spotlight. How...","Incluido"
"W2592452102","","Energy self-consumption policy, the future of distributed renewable generation?","Portuguese National Funding Agency for Science, Research and Technology (RCAAP Project by FCT)",2016,"Ricardo Valente Moura","","Renewable energy; Environmental economics; Consumption (sociology); Distributed generation; Energy consumption; Environmental science","dissertation",0,"Tese de mestrado integrado, Engenharia da Energia e do Ambiente, Universidade de Lisboa, Faculdade d...","Incluido"
"W4392109361","10.5821/dissertation-2117-402836","Demand aggregator optimal strategies: from the bidding to the execution","",2023,"Mattia Barbero","","News aggregator; Flexibility (engineering); Bidding; Demand response; Environmental economics; Electricity","dissertation",0,"(English) Europe is at the beginning of an energy revolution. The old energy paradigm where centrali...","Incluido"
"W3155123772","","Pricing Outcomes: A Framework for a 21st Century Electricity Market for Ontario","TSpace (University of Toronto)",2017,"Richard C. Carlson","","Electricity market; Electricity; Business; Economics; Industrial organization; Engineering","report",0,"Produced by the Mowat Centre at the School of Public Policy and Governance, University of Toronto.","Incluido"
"W4391815089","10.20944/preprints202402.0778.v1","Green Ammonia Production in Stochastic Power Markets","Preprints.org",2024,"Ezio Lauro; Amélie Têtu; Hélyette Geman","GB; US","Renewable energy; Electricity; Flexibility (engineering); Procurement; Production (economics); Environmental economics","preprint",0,"Real assets in the energy market are subject to ecological uncertainty due to the penetration of ren...","Incluido"
"W4411357711","10.20944/preprints202506.1059.v1","Exploration of Wind Energy and Green Hydrogen Production in New Zealand","Preprints.org",2025,"Le Wen; Cedric Chong; Stephen Poletti; Ramesh Chandra Majhi","","Production (economics); Wind power; Hydrogen production; Energy (signal processing); Environmental science; Hydrogen","preprint",0,"The New Zealand government has proposed a zero-carbon target by 2050. Electricity demand is also exp...","Incluido"
"W3124121806","","Interconnectedness in the Australian National Electricity Market: A Higher Moment Analysis","RePEc: Research Papers in Economics",2020,"Hung Do; Rabindra Nepal; Russell Smyth","AU","Skewness; Moment (physics); Electricity; Electricity market; Kurtosis; Economics","preprint",0,"2020 Economic Society of Australia We examine the risk transmission mechanisms in the interconnected...","Incluido"
"W3121382264","10.5547/01956574.40.2.mbuc","Impact of Coordinated Capacity Mechanisms on the European Power Market","The Energy Journal",2019,"Michael Bucksteeg; Stephan Spiecker; Christoph Weber","DE","Business; Industrial organization; Electricity market; Electricity; Production (economics); Market power","article",0,"There is an ongoing debate on the introduction of capacity markets in most European countries while ...","Incluido"
"W7105802683","10.48336/24","Design, modelling and performance analysis of a residential grid-tied solar photovoltaic system with deferrable load","Open MIND",2025,"Ijaz, Waseem","","Photovoltaic system; Renewable energy; Environmental economics; Solar energy; Net metering; Solar power","dissertation",0,"This thesis explores the design, modeling, and economic viability of grid-connected solar photovolta...","Incluido"
"W3168710094","10.5167/uzh-188697","Financing the energy transition: the impact of a changing power sector on investors","Zurich Open Repository and Archive (University of Zurich)",2020,"Lena Hörnlein","","Energy sector; Energy transition; Power (physics); Business; Transition (genetics); Finance","dissertation",0,"","Incluido"
"W2341877503","","The rise of capacity mechanisms: are they inevitable in the European Union? Egmont Paper 80, September 2015","Archive of European Integration (AEI) (University of Pittsburgh)",2015,"Tania Zgajewski","","CLARITY; Context (archaeology); Electricity; Remuneration; Investment (military); European commission","report",0,"These last years, in multiple Member States, the electricity markets have seen the rapid emergence o...","Incluido"
"W2891411042","10.13140/rg.2.2.15780.17287","Policy Implications of a World with Renewables, Limited Dispatchability, and Fixed Load","RePEc: Research Papers in Economics",2018,"Mathias Mier","","Renewable energy; Microeconomics; Economics; Electricity; Wind power; Environmental economics","preprint",0,"Most electricity systems face contractual fixed consumer prices in the short term, that is, load and...","Incluido"
"W2589270351","","Modelling of the economic feasibility of largescale electricity storage technologies : a german case study","Comillas Repository (Comillas Pontifical University)",2016,"Wouter Schoof","","Revenue; Electricity market; Electricity; Spot market; Scope (computer science); Asset (computer security)","dissertation",0,"This joint master program entails two master degrees, the MSc. Electric Power Industry at Comillas I...","Incluido"
"W7128121720","","La flexibilité dans les systèmes électriques bas-carbone : analyse économique et modélisation","HAL (Le Centre pour la Communication Scientifique Directe)",2025,"Ange Blanchard","FR","Humanities; Political science; Economics; Production (economics); Production system (computer science); Stock (firearms)","dissertation",0,"Le développement massif d'énergies renouvelables pour la production d'électricité bas carbone s'acco...","Incluido"
"W7152495789","10.70675/10df8965za35ez4762z9ed9z26cc442e5429","Dancing with the wind : economic modeling of flexibility in low-carbon power systems","",2025,"Ange Blanchard","FR","Humanities; Political science; Economics; Production system (computer science); Production (economics); Flexibility (engineering)","dissertation",0,"La flexibilité dans les systèmes électriques bas-carbone : analyse économique et modélisation Le dév...","Incluido"
"W7132558862","","Modelling offshore wind-battery hybrid systems to evaluate flexibility in the Dutch power markets","TNO Repository",2021,"S. Krishna Swamy; I. Gonzalez Aparicio; M. Houwing; J.P. Wijbenga","","Flexibility (engineering); Hybrid system; Submarine pipeline; Computer science; Power (physics); Hybrid power","report",0,"","Incluido"
"W3122979210","10.11606/d.3.2020.tde-20012021-124216","Separação lastro e energia: uma análise sob a ótica da teoria de opções reais.","",2020,"Clarissa Petrachini Gonçalves","","Context (archaeology); Welfare economics; Government (linguistics); Common value auction; Electricity market; Work (physics)","dissertation",0,"área de concentração Engenharia Elétrica) -PEA/USP -Depto.de Eng. de Energia e Automação Elétricas, ...","Incluido"
"W4406480727","10.5204/thesis.eprints.254757","Dispatch Optimisation for a Concentrating Solar Tower Power Plant Under Uncertainty","Queensland University of Technology",2024,"Navid Mohammadzadeh","","Tower; Solar power; Power station; Cooling tower; Engineering; Power (physics)","dissertation",0,"Concentrating solar plants with thermal energy storage offer a promising solution to store large-sca...","Incluido"
"W7110607614","","NAVIGATING THE FUTURE: A REPORT ON THE CURRENT STATE AND FUTURE PATH OF ENERGY TRANSITION IN THE TRANSPORT SECTOR","University of Zagreb University Computing Centre (SRCE)",2024,"Duić, Neven; Hendrickson, Chris; Yubo, LIAN; Pelata, Patrick; Evans, Robert L.; Ridjan Skov, Iva; Beck, Vaughan; Dominguez, Jaime; Pienaar, Pine; Funk, Elena","HR; US; CN; FR; AU; ES; GB; KE; DK","State (computer science); Engineering; Greenhouse gas; Power (physics); Work (physics); Energy supply","article",0,"Decarbonisation of road transport was until recently considered the most challenging part of the cli...","Incluido"
"W3185123647","","Influence of market structures and market regulation on the carbon market : interim report","Zürcher Hochschule für Angewandte Wissenschaften digital collection (Zurich University of Applied Sciences)",2019,"William Acworth; Ernst Kuneman; Stephanie La Hoz Theuer; Jan Abrell; Julia Baer; Regina Betz; Mirjam Kosch; Tobias Müller; Johanna Cludius; S. B. Healy; Jakob Graichen; Anatole Boute; Hao Zhang; Rainer Baisch","","Interim; Business; Carbon market; Economics; Climate change; Political science","article",0,"","Incluido"
"W4297891204","10.5281/zenodo.7104854","Financing the Polycentric Energy Transition - Definitions, literature review and research gaps","Zenodo (CERN European Organization for Nuclear Research)",2022,"Lars Holstenkamp; Wiesenthal, Jan; Najamul Saqib Memon","DE","Transition (genetics); Business; Regional science; Geography; Chemistry; Biochemistry","report",0,"The transformation of the energy system will require massive investments in the coming years. The to...","Incluido"
"W4392319775","","Analysis of techno-economic issues associated to electric vehicles grid integration","",2022,"Maria Juliana Suarez Forero","","Grid; Computer science; Geography; Geodesy","other",0,"Dans le contexte de la transition énergétique, les secteurs du transport et de l’électricité sont ap...","Incluido"
"W2617451723","","A Modeling Approach To Analyze The Implementation Of Capacity Markets In Germany","Research Repository (Delft University of Technology)",2013,"Pradyumna Bhagwat; Kaveri K. Iychettira; Laurens J. de Vries","","Computer science; Econometrics; Business; Economics","conference-paper",0,"","Incluido"
"W2210292898","10.13097/archive-ouverte/unige:39499","Impact of climate change and electricity market liberalization on hydropower plants with reservoir","Archive ouverte UNIGE (University of Geneva)",2014,"Ludovic Gaudard","","Hydropower; Climate change; Natural resource economics; Upstream (networking); Greenhouse gas; Electricity market","dissertation",0,"Hydropower is a very important component of the Swiss energy mix, but its future is jeopardized by s...","Incluido"
"W4297887745","10.36227/techrxiv.21113878","Research on Generation Side Strategy and User Side Cost Based on Equilibrium Analysis under Reliability Option Mechanism","",2022,"Yuanhao Feng; Donghan Feng; Yun Zhou","","Profit (economics); Linearization; Market clearing; Economics; Purchasing; Investment (military)","preprint",0,"&lt;p&gt;Reliability option (RO) is a generation capacity adequacy mechanism based on option...","Incluido"
"W3029453695","10.17863/cam.57988","The cost of CO2 abatement from Britain’s only PWR: Sizewell B","RePEc: Research Papers in Economics",2020,"David Newbery","","Weighted average cost of capital; Economics; Tonne; Capital cost; Cost of capital; Capital (architecture)","preprint",0,"This paper calculates the cost per tonne of CO2 abated by Sizewell B (SZB, the nuclear power station...","Incluido"
"W7163199564","10.1038/s41467-026-73630-y","Rethinking the economics and flexibility of U.S. nuclear power through hydrogen integration and policy support","Nature Communications",2026,"Honglin Li; Jianqiao Huang; Bikash Poudel; Mucun Sun; Tyler Westover; Daniel Wendt; Jie Zhang","US","Flexibility (engineering); Nuclear power; Business; Risk analysis (engineering); Industrial organization; Environmental economics","article",0,"Nuclear power supplies reliable low-carbon electricity and high-temperature heat, but existing plant...","Incluido"
"W3013240634","","Mécanismes de rémunération de la capacité : évaluation analytique des expériences contemporaines et leçons pour la conception future des marchés de l'électricité.","HAL (Le Centre pour la Communication Scientifique Directe)",2019,"Charlotte Scouflaire","FR","Humanities; Political science; Philosophy","dissertation",0,"Capacity remuneration mechanisms (CRMs) are widely implemented as an attempt of correcting the real-...","Incluido"
"W4393398944","","Le nucléaire dans les systèmes électriques décarbonés avec des énergies renouvelables : Analyse de sa flexibilité, cadre de modélisation et rôle dans les transitions électriques françaises et ouest-européennes","theses.fr (ABES)",2022,"Arthur A. Lynch","FR","Energy transition; Renewable energy; Flexibility (engineering); Nuclear power; Transition (genetics); Energy system","dissertation",0,"Dans le contexte de la décarbonation des systèmes électriques français et européens, les énergies re...","Incluido"
"W1790088037","","Influence of capacity markets on the development of electrical energy storage","Research Repository (Delft University of Technology)",2015,"S.E.L. Kerckhoffs","","Business; Energy storage; Environmental science; Power (physics); Quantum mechanics; Physics","dissertation",0,"","Incluido"
"W3126475204","","Essays on electricity and matching markets","DSpace@MIT (Massachusetts Institute of Technology)",2020,"Ömer. Karaduman","","Electricity; Matching (statistics); Economics; Financial economics; Engineering; Electrical engineering","dissertation",0,"Thesis: Ph. D., Massachusetts Institute of Technology, Department of Economics, September, 2020","Incluido"
"W3125703925","10.11606/t.106.2019.tde-23092019-112528","Proposta de inserção de usinas hidrelétricas reversíveis como mecanismo de armazenamento no Setor Elétrico Brasileiro","",2019,"Luciano José da Silva","","Political science","dissertation",0,"Esta tese analisa os custos de produção de usinas hidrelétricas reversíveis (UHERs) no Brasil e suge...","Incluido"
"W3196054071","10.17863/cam.74485","Hayek and the Texas blackout","RePEc: Research Papers in Economics",2010,"Stephen Littlechild; Lynne Kiesling","GB; US","Blackout; Scarcity; Market failure; Economics; Neoclassical economics; Market economy","preprint",0,"Was the Texas blackout a market failure or regulatory failure? The economist Hayek has been adduced ...","Incluido"
"W7171724925","10.56578/jse050201","Reforming the Electricity Grid for a Sustainable Energy Transition: Lessons from the United Kingdom","Journal of Sustainability for Energy",2026,"Oluwatosin Bubare Ayoko","","Incentive; Investment (military); Electricity market; Electricity; Industrial organization; Electric power industry","article",0,"The electricity grid is the physical backbone of the low-carbon transition, yet in most industrialis...","Incluido"
"W4299803468","10.5281/zenodo.7133598","Analysis of transferability of global experience to the EU","Zenodo (CERN European Organization for Nuclear Research)",2020,"Tim Mandel; Zsuzsanna Pató; Jean-Sébastien Broc; Janne Rieke Boll; Senta Schmatzberger; Benigna Boza‐Kiss; Diána Ürge-Vorsatz","DE; NL; BE; AT","Transferability; Computer science; Machine learning; Logit","report",0,"The concept of Energy Efficiency First (EE1st) applies across various areas of energy policymaking, ...","Incluido"
"W7134865441","","Scenarios for the future of European Union environmental directives and regulations and their implications for the European Real Estate sector- exploring risks opportunities and strategies for mome","Portuguese National Funding Agency for Science, Research and Technology (RCAAP Project by FCT)",2024,"Theofanis John Orfanidis","","European union; Futures studies; Work (physics); Real estate; Business; Workforce","dissertation",0,"This work project applies the Intuitive Logics School to explore the future of EU environmental poli...","Incluido"
"W3029587285","","Intervalové metody řízení energetických sítí","Digital Library (University of West Bohemia)",2018,"Přemysl Voráč","","Environmental science","dissertation",0,"Tato práce se zaměřuje na vývoj intervalových metod v oblasti optimalizace energetických sítí s ohle...","Incluido"
"W3085608704","","Long term role of Swiss hydropower from an energy systems and market perspective. Zukunftspotenzial der Schweizer Wasserkraft durch Synergien im Energiesystem und Markt Perspektiven","DORA PSI (Paul Scherrer Institute)",2018,"Martin Densing; Ramachandran Kannan; Evangelos Panos; Tom Kober","","Term (time); Perspective (graphical); Hydropower; Economics; Engineering; Mathematics","report",0,"","Incluido"
"W4415711189","10.1080/24694452.2025.2570832","A Tale of Two Energy Crises: Between a Neoliberal Policy Paradigm and Electro-Capitalism","Annals of the American Association of Geographers",2025,"Gareth Fearn","GB","Political economy; Political science; Energy (signal processing); Economics; Neoliberalism (international relations); Energy policy","article",0,"The energy crisis, from 2021 onward, has driven inflation and led to major reforms of energy policy....","Incluido"
"W2913826088","","The Intersection of the Environment and Niche Technology: A Cross-Jurisdictional Analysis of the Integration of Energy Storage Technologies in North America","York University Digital Library (York University)",2017,"Amanda Gelfant","","Niche; Intersection (aeronautics); Geography; Computer science; Cartography; Ecology","other",0,"The purpose of this paper is to identify regulatory and market barriers to energy storage as a model...","Incluido"
"W7116586493","","Europe's electricity capacity mechanisms need to be better coordinated","Econstor (Econstor)",2025,"Pär Holmberg; Christoph Maurer; Monika Morawiecka; Fabien Roques; Georg Zachmann","SE","Electricity; Business; Scarcity; Investment (military); Industrial organization; Environmental economics","report",0,"A growing number of European governments believe that guaranteeing adequate energy supplies requires...","Incluido"
"W7164854033","10.17863/cam.131214","Caps-And Floors For Long Duration Storage and Firming: Contract Design Under Risk and Price Asymmetry","Apollo (University of Cambridge)",2026,"F. Billimoria; P. Simshauser","","Economics; Hedge; Valuation (finance); Deferral; Forward contract; Finance","report",0,"This article examines the design and valuation of cap-and-floor hedge contracts in hybridised electr...","Incluido"
"W3121486375","10.17863/cam.33796","Strategic behaviour in a capacity market? The new Irish electricity market design","RePEc: Research Papers in Economics",2018,"Juha Teirilä; Robert A. Ritz","","Common value auction; Procurement; Electricity market; Market power; Industrial organization; Renewable energy","preprint",0,"The transition to a low-carbon power system requires growing the share of generation from (intermitt...","Incluido"
"W4407830354","10.1007/s12667-025-00722-x","Modelling and understanding regulatory fit","Energy Systems",2025,"Ann van Ackere; Erik R. Larsen","CH; DK","Computer science","article",0,"Abstract Understanding how regulatory interventions shape electricity markets is essential. We posit...","Incluido"
"W2592124607","","Analysis of market incentives on power system planning and operations in liberalised electricity markets","Durham e-Theses (Durham University)",2016,"Meng Xu","","Flexibility (engineering); Emulation; Electricity market; Electric power system; Computer science; Electricity generation","dissertation",0,"The design of liberalised electricity markets (e.g., the energy, capacity and ancillary service mark...","Incluido"
"W3199407473","10.2312/iass.2017.012","The Organisation of an Electricity Sector based on Renewables. A Delphi Study","Publication Database GFZ (GFZ German Research Centre for Geosciences)",2017,"Patrick Matschoss; Armin Haas","DE","Electricity; Renewable energy; Business; Delphi method; Delphi; Natural resource economics","article",0,"How could the electricity sector be organised in order to make very high shares of renewable electri...","Incluido"
"W2881247878","","A Regional Electricity Hub for Energy Transitions","UWSpace (University of Waterloo)",2018,"Burak Guler","","Electricity; Energy (signal processing); Environmental science; Engineering; Physics; Electrical engineering","dissertation",0,"The transition to a low-carbon energy economy will remain a cornerstone of national energy policies ...","Incluido"
"W4414700271","10.1016/j.euroecorev.2025.105158","Efficient forward trade fosters innovation, investment, and resiliency","European Economic Review",2025,"Peter Cramton; Axel Ockenfels","DE; US","Common value auction; Economics; Industrial organization; Investment (military); Electricity; Resilience (materials science)","article",0,"We propose a forward energy market design for Germany's electricity sector as an alternative to trad...","Incluido"
"W4402686504","10.2139/ssrn.4962437","System and Private Values of Demand Response: Insights for Mass Deployment","SSRN Electronic Journal",2024,"Julien Ancel; Olivier Massol","FR; GB","Software deployment; Business; Natural resource economics; Economics; Computer science; Operating system","preprint",0,"","Incluido"
"W7117248840","10.30574/gjeta.2022.11.3.0104","Governance of electricity markets under decentralized generation, storage technologies, and smart grid regulation frameworks worldwide","Global Journal of Engineering and Technology Advances",2022,"Idara Andy","","Smart grid; Prosumer; Corporate governance; Electricity market; Business; Tariff","article",0,"Electricity markets worldwide are undergoing profound structural change driven by the rapid deployme...","Incluido"
"W7132071512","","Integration of nuclear energy in the energy system. Scenario analysis for the Dutch energy system","TNO Repository",2025,"M.J.J. Scheepers; N. Martin Gregorio; RJ Béres; J.P.M. Sijm; A. Fattahi; J.S. Giraldo Chavarriaga; A. Kooiman; S. Gamboa Palacios; G. van Oudenaren; A. Grutter; J. Oving; S. Iovanovici","","Nuclear power; Electricity; Renewable energy; Electricity generation; Environmental economics; Electricity retailing","report",0,"Nuclear energy can contribute to a future sustainable energy system in the Netherlands. Research con...","Incluido"
"W7151749866","10.70675/1884da10zdec4z4a4fz9916z147e9bd352af","Powering the Future : the Decarbonization of the Electricity Industry under Uncertainty","",2024,"Alicia Bassière","","Humanities; Political science; Economics; Welfare economics; Electricity; Economy","dissertation",0,"Eclairer le futur : la décarbonation de l'industrie de l'électricité dans un contexte d'incertitude ...","Incluido"
"W7155196014","10.3390/en19092026","Second-Life EV Batteries in Stationary Storage: Techno-Economic and Environmental Benchmarking vs. Pb-Acid and H2","Energies",2026,"Plamen Stanchev; Nikolay Hinov","BG","Environmental economics; Benchmarking; Photovoltaic system; Tariff; Sizing; Renewable energy","article",0,"Stationary energy storage (SES) is increasingly needed to integrate variable renewable generation an...","Incluido"
"W3133971354","10.1016/j.eneco.2021.105799","Interdependencies between countries in the provision of energy","Energy Economics",2022,"Doina Radulescu; Philippe Sulger","CH","Fossil fuel; Economics; Natural resource economics; Production (economics); Interdependence; Energy security","article",0,"Many economies are concerned with the future security of electricity supply. This is rooted in the n...","Incluido"
"W4250663368","10.4337/9781800370371.00020","References","Edward Elgar Publishing eBooks",2021,"Steven Fries","","Computer science","paratext",0,"","Incluido"
"W7172222615","10.2139/ssrn.7138778","Electricity Contracts and Regulation with Imperfect Capital Markets","SSRN Electronic Journal",2026,"Khalil Helioui; Simon Quemin; Charles Weymuller","FR; DE","Stylized fact; Imperfect; Investment (military); Portfolio; Electricity; Business","preprint",0,"","Incluido"
"W3131299405","10.1186/s42162-019-0098-7","Modeling Approach for Thermal Dependencies in Complex Industrial Energy Supply System","TUbilio (Technical University of Darmstadt)",2019,"Thomas Kohne; Becker, Aron; Thomas Weber; Niklas Panten; Eberhard Abele","","Model predictive control; Modular design; Computer science; Linear programming; Production (economics); Energy consumption","article",0,"Rising digitization in industrial production sites and processes o ers the opportunity to implement ...","Incluido"
"W2100678980","10.1184/r1/6723224","Stratum Electricity Markets: Toward Multi-temporal Distributed Risk Management for Sustainable Electricity Provision","KiltHub Repository",2012,"Zhiyong Wu","US","Electricity; Business; Electricity system; Natural resource economics; Electricity market; Electricity retailing","dissertation",0,"Motivated by the overall challenge of ensuring long-term sustainable electricity service, we view th...","Incluido"
"W3026409641","10.1186/s42162-019-0098-7","Funergy, a hybrid game for energy awareness","Virtual Community of Pathological Anatomy (University of Castilla La Mancha)",2019,"Piero Fraternali; Spartaco Albertarelli; Sergio Luis Herrera González","","Computer science","article",0,"In this demo we present FUNERGY, a hybrid game, consisting of a card game enhanced with a digital mo...","Incluido"
"W4416410942","10.1016/bs.hesecc.2026.02.003","The economics of climate innovation: technology, climate policy, and the clean energy transition","Elsevier eBooks",2026,"Eugenie Dugoua; Jacob Moscona","GB; US","Clean technology; Climate change; Clean energy; Natural resource economics; Frontier; Climate policy","book-chapter",0,"","Incluido"
"W7112717792","","Scenarios for the future of European Union environmental directives and regulations and their implications for the European real estate sector - exploring risks, opportunities and strategies for MOME - broken foundations scenarios","New University of Lisbon's Repository (New University of Lisbon)",2024,"Fratila, Andrei Razvan","","European union; Futures studies; Work (physics); Real estate; Workforce; Realisation","dissertation",0,"This work project applies the Intuitive Logics School to explore the future of EU environmental poli...","Incluido"
"W2512165900","10.13140/rg.2.1.4103.1288","Elmarknadens omvandling - Reglering, vägval och drivkrafter för elsystemets utveckling till 2050","Lund University Publications (Lund University)",2016,"Max Åhman","","Business administration; Political science; Humanities; Philosophy; Business","book",0,"Elsystemet står inför en stor förändring som kommer av omställningen till ett utsläppsfritt samhälle...","Incluido"
"W3013346067","10.36640/mjeal.9.1.uncovering","Uncovering Wholesale Electricity Market Principles","Michigan Journal of Environmental & Administrative Law",2020,"Michael Panfil; Rama Zakaria","US","Commission; Market power; Statutory law; Revenue; Industrial organization; Business","article",0,"This paper examines, enunciates, and makes explicit a set of market principles historically relied u...","Incluido"
"W4393176703","10.70675/2c5e3412z16aez4de7z82c0z546d173a5ad4","Economic considerations on the demand-side of electricity markets in a context of energy transition","",2023,"Clément Cabot","","Demand side; Context (archaeology); Electricity; Energy transition; Transition (genetics); Environmental economics","dissertation",0,"Considérations économiques sur la demande des marchés de l'électricité dans un contexte de transitio...","Incluido"
"W3094110931","10.2139/ssrn.3140080","Economizing the Uneconomic: Markets for Reliable, Sustainable, and Price Efficient Electricity","SSRN Electronic Journal",2018,"Mohammad Rasouli; Demosthenis Teneketzis","US","Electricity; Natural resource economics; Business; Economics; Environmental economics; Engineering","preprint",0,"","Incluido"
"W7117584970","10.3386/w34601","The Economics of Climate Innovation: Technology, Climate Policy, and the Clean Energy Transition","National Bureau of Economic Research",2025,"Eugenie Dugoua; Jacob Moscona","","Environmental science; Climate change; Clean energy; Natural resource economics; Clean technology; Energy (signal processing)","report",0,"This chapter examines the economics of climate innovation and its role in the clean technology trans...","Incluido"
"W7036749394","","Considérations économiques sur la demande des marchés de l'électricité dans un contexte de transition énergétique","theses.fr (ABES)",2023,"Cabot, Clément","FR","Humanities; Political science; Context (archaeology); Philosophy; Economics; Sociology","dissertation",0,"Cette thèse complète la littérature existante sur la conception des marchés de l'électricité en se c...","Incluido"
"W7110468216","","YEŞİL OLMANIN SERMAYE YATIRIMI İLE İLİŞKİSİ","OpenMETU (Middle East Technical University)",2024,"Yılmaz, Berna Nisa","","Investment (military); Quantile regression; Economics; Business; Capital (architecture); Econometrics","dissertation",0,"This thesis investigates the impact of the greenness of a firm on its real capital investments for t...","Incluido"
"W2489881432","","Pouvoir de marché dans les marchés électriques en Europe : Les cas dans les marchés de gros de l'électricité français et allemand","theses.fr (ABES)",2015,"Thao Pham","","Humanities; Political science; Art","dissertation",0,"Les deux derniers siècles ont connu une révolution exceptionnelle dans l'organisation des marchés él...","Incluido"
"W2926234065","10.12681/eadd/45019","Information models and systems for next generation energy markets","",2019,"Μαγδαληνή Φώτη","","Blockchain; Data science; Computer science; Computer security","dissertation",0,"Το δίκτυο ηλεκτρικής ενέργειας θεωρείται το πιο πολύπλοκο σύστημα που έχει κατασκευαστεί από την ανθ...","Incluido"
"W3084027054","10.33540/48","When the Sun goes down","",2020,"Wouter Schram","","Greenhouse gas; Environmental economics; Photovoltaic system; Electricity; Battery (electricity); Global warming","dissertation",0,"Anthropogenic global warming poses a great challenge for our society and the earth's ecosystem, and ...","Incluido"
"W4415918786","10.1016/j.epsr.2026.113740","Simplifying preference elicitation in local energy markets: Combinatorial clock exchange","Electric Power Systems Research",2026,"S. P. Singhal; Lesia Mitridati","DK","Computer science; Transparency (behavior); Interdependence; Electricity market; Product (mathematics); Distributed generation","article",0,"As distributed energy resources (DERs) proliferate, future power system will need new market platfor...","Incluido"
"W2800317445","","Le marché de capacité français : la place des énergies renouvelables en présence d'incertitude","theses.fr (ABES)",2018,"Tiphanie Fontaine","","Political science; Humanities; Forestry; Geography; Philosophy","other",0,"La problematique de cette these porte sur les impacts du marche de capacite francais sur le deploiem...","Incluido"
"W1858784079","","Valuation of an advanced combined cycle power plant and its cost of new entry (CONE) into the ERCOT market","Texas ScholarWorks (Texas Digital Library)",2014,"Jeremy Ronald Zaborowski","","Valuation (finance); Cone (formal languages); Market power; Operations management; Economics; Electrical engineering","dissertation",0,"The Texas ERCOT market is one of the most open, deregulated electricity markets in the world. This o...","Incluido"
"W7126064781","10.2172/3015243","Commercialization of Pumped Storage Hydropower Technologies","",2025,"Office of Renewable Energy. Water Power Technologies Office USDOE Office of Energy Efficiency and Renewable Energy (EERE); Cathy Milostan; Ritu Philip; Gregory Stark; Vladimir Koritarov","US","Commercialization; Best practice; Hydropower; Engineering; Engineering management; Business","report",0,"Argonne National Laboratory and the National Laboratory of the Rockies were tasked by the U.S. Depar...","Incluido"
"W3162489651","","The structural determinants of carbon prices in the EU-ETS","HAL (Le Centre pour la Communication Scientifique Directe)",2020,"Anouk Faure","","Emissions trading; Economics; Carbon price; European union; Carbon leakage; Cornerstone","dissertation",0,"The European Union Emissions Trading Scheme (EU-ETS) is referred to as the cornerstone of the EU's f...","Incluido"
